Article Title,Year,DOI,PMID
Comparison of oral collection methods for 16S rRNA gene and shotgun metagenomic sequencing.,2025,https://www.doi.org/10.1128/spectrum.01806-25,https://pubmed.ncbi.nlm.nih.gov/41396065
Microbiome analysis of 940 lung cancers in never-smokers reveals lack of clinically relevant associations.,2025,https://www.doi.org/10.1038/s41467-025-66780-y,https://pubmed.ncbi.nlm.nih.gov/41387456
The Burden of Gastric Cancer in Northern Central America.,2024,https://www.doi.org/10.1158/1055-9965.EPI-24-0835,https://pubmed.ncbi.nlm.nih.gov/39618252
Helicobacter hepaticus and Helicobacter bilis in liver and biliary cancers from ATBC and PLCO.,2024,https://www.doi.org/10.1111/hel.13053,https://pubmed.ncbi.nlm.nih.gov/38332674
The IARC Perspective on Alcohol Reduction or Cessation and Cancer Risk.,2023,https://www.doi.org/10.1056/NEJMsr2306723,https://pubmed.ncbi.nlm.nih.gov/38157507
Short-term and long-term effect of nutrition intervention in the Linxian Dysplasia Nutrition Intervention Trial and the reason for disappearance of the intervention effect: A cohort study.,2023,https://www.doi.org/10.1002/cncr.34761,https://pubmed.ncbi.nlm.nih.gov/37243894
Biomarkers of Tobacco Carcinogenesis in Diverse Populations: Challenges and Opportunities.,2023,https://www.doi.org/10.1158/1055-9965.EPI-22-1289,https://pubmed.ncbi.nlm.nih.gov/36872902
Representative oral microbiome data for the US population: the National Health and Nutrition Examination Survey.,2023,https://www.doi.org/10.1016/S2666-5247(22)00333-0,https://pubmed.ncbi.nlm.nih.gov/36455567
Reducing Alcohol Use for Cancer Prevention.,2022,https://www.doi.org/10.1001/jamanetworkopen.2022.28552,https://pubmed.ncbi.nlm.nih.gov/36001321
The Evolving Epidemiology of Oral Cavity and Oropharyngeal Cancers.,2022,https://www.doi.org/10.1158/0008-5472.CAN-22-2124,https://pubmed.ncbi.nlm.nih.gov/35971675
Combined risk factors and risk of upper gastrointestinal cancer mortality in the Linxian general population.,2022,https://www.doi.org/10.1002/ijc.34160,https://pubmed.ncbi.nlm.nih.gov/35689438
Mortality after multivitamin supplementation: Nearly 35-year follow-up of the randomized Linxian Dysplasia Nutrition Intervention Trial.,2022,https://www.doi.org/10.1002/cncr.34344,https://pubmed.ncbi.nlm.nih.gov/35670139
Prevalence of esophageal squamous dysplasia in relatives of patients with esophageal cancer in Southwestern Kenya.,2022,https://www.doi.org/10.1016/j.canep.2022.102141,https://pubmed.ncbi.nlm.nih.gov/35299153
"Dietary acid load and mortality from all causes, CVD and cancer: results from the Golestan Cohort Study.",2022,https://www.doi.org/10.1017/S0007114521003135,https://pubmed.ncbi.nlm.nih.gov/34392847
Predicting the risk of esophageal high-grade lesions in opportunistic screening.,2020,https://www.doi.org/10.1016/j.gie.2020.05.051,https://pubmed.ncbi.nlm.nih.gov/33160493
In Vitro Intraluminal Gel Infusion: An Advanced Approach for Microscopic Analysis of Human Resistance Arteries.,2025,https://www.doi.org/10.3791/68773,https://pubmed.ncbi.nlm.nih.gov/40920690
Increased brain microvascular hemoglobin concentrations in children with cerebral malaria.,2023,https://www.doi.org/10.1126/scitranslmed.adh4293,https://pubmed.ncbi.nlm.nih.gov/37703350
3D-printable non-invasive head immobilization system for non-human primates.,2026,https://www.doi.org/10.1016/j.jneumeth.2025.110593,https://pubmed.ncbi.nlm.nih.gov/41072668
Mortimer Mishkin (1926-2021): A life of science with humility and grace.,2021,https://www.doi.org/10.1016/j.neuron.2021.10.023,https://pubmed.ncbi.nlm.nih.gov/34735788
Chronically implantable LED arrays for behavioral optogenetics in primates.,2021,https://www.doi.org/10.1038/s41592-021-01238-9,https://pubmed.ncbi.nlm.nih.gov/34462591
Neurophysiology: The Three-Dimensional Building Blocks of Object Vision.,2021,https://www.doi.org/10.1016/j.cub.2020.10.064,https://pubmed.ncbi.nlm.nih.gov/33434491
Systemic cytokine profiling enhances the performance of dd-cfDNA to detect cardiac rejection.,2025,https://www.doi.org/10.1016/j.clim.2025.110659,https://pubmed.ncbi.nlm.nih.gov/41435977
Cell-Free DNA Profiles End-Organ Injury and Predicts Outcomes in Advanced Heart Failure With Left Ventricular Assist Device Implantation.,2025,https://www.doi.org/10.1161/CIRCHEARTFAILURE.124.013302,https://pubmed.ncbi.nlm.nih.gov/41307146
A Biopsy-Free Future: Science Fiction or Science Reality?,2025,https://www.doi.org/10.1016/j.jchf.2025.102782,https://pubmed.ncbi.nlm.nih.gov/41273317
The New Age of Cell-Free DNA in Pulmonary Medicine.,2025,https://www.doi.org/10.1016/j.chest.2025.04.023,https://pubmed.ncbi.nlm.nih.gov/40935546
"Early Post-Transplant Recipient Tissue Injury Predicts Allograft Function, Rejection, and Survival in Lung Transplant Recipients, Evidence from Cell-free DNA.",2025,https://www.doi.org/10.1183/13993003.02537-2024,https://pubmed.ncbi.nlm.nih.gov/40744691
Impact of donor specific antibodies on longitudinal lung function and baseline lung allograft dysfunction.,2025,https://www.doi.org/10.1016/j.healun.2025.06.012,https://pubmed.ncbi.nlm.nih.gov/40581272
Donor-derived cell-free DNA is associated with the degree of immunosuppression in lung transplantation.,2025,https://www.doi.org/10.1016/j.ajt.2025.04.011,https://pubmed.ncbi.nlm.nih.gov/40252922
"Extreme elevations of donor-derived cell-free DNA increases the risk of chronic lung allograft dysfunction and death, even without clinical manifestations of disease.",2024,https://www.doi.org/10.1016/j.healun.2024.04.064,https://pubmed.ncbi.nlm.nih.gov/38705500
Organizing pneumonia is associated with molecular allograft injury and the development of antibody-mediated rejection.,2024,https://www.doi.org/10.1016/j.healun.2023.11.008,https://pubmed.ncbi.nlm.nih.gov/37972825
Clinical features and allograft failure rates of pulmonary antibody-mediated rejection categories.,2023,https://www.doi.org/10.1016/j.healun.2022.09.012,https://pubmed.ncbi.nlm.nih.gov/36319530
Elevated cell-free DNA in respiratory viral infection and associated lung allograft dysfunction.,2022,https://www.doi.org/10.1111/ajt.17125,https://pubmed.ncbi.nlm.nih.gov/35729715
Donor-derived cell-free DNA as a composite marker of acute lung allograft dysfunction in clinical care.,2022,https://www.doi.org/10.1016/j.healun.2021.12.009,https://pubmed.ncbi.nlm.nih.gov/35063338
Biological Variation of Donor-Derived Cell-Free DNA in Stable Lung Transplant Recipients.,2022,https://www.doi.org/10.1093/jalm/jfab171,https://pubmed.ncbi.nlm.nih.gov/35024828
Molecular Approaches to Transplant Monitoring; Is the Horizon Here?,2021,https://www.doi.org/10.1093/clinchem/hvab183,https://pubmed.ncbi.nlm.nih.gov/34632495
"Response by Shah et al to Letter Regarding Article, ""Cell-Free DNA to Detect Heart Allograft Acute Rejection"".",2021,https://www.doi.org/10.1161/CIRCULATIONAHA.121.055697,https://pubmed.ncbi.nlm.nih.gov/34491771
Cell-free DNA beyond a biomarker for rejection: Biological trigger of tissue injury and potential therapeutics.,2021,https://www.doi.org/10.1016/j.healun.2021.03.007,https://pubmed.ncbi.nlm.nih.gov/33926787
"Whole Mount Oligopaint Fluorescence In Situ Hybridization of Mouse Oocytes, Eggs, or Early-Stage Embryos.",2025,https://www.doi.org/10.1007/978-1-0716-4658-8_6,https://pubmed.ncbi.nlm.nih.gov/40736792
CellMiner cross-database (CellMinerCDB) version 2.2 for explorations of patient-derived cancer cell line pharmacogenomics.,2025,https://www.doi.org/10.1093/nar/gkaf1230,https://pubmed.ncbi.nlm.nih.gov/41312628
Switching DCAFs: Beyond substrate receptors.,2021,https://www.doi.org/10.1002/bies.202100057,https://pubmed.ncbi.nlm.nih.gov/33857330
Prediction of transition probabilities in multi-state models with nested case-control data.,2025,https://www.doi.org/10.1093/biomtc/ujaf164,https://pubmed.ncbi.nlm.nih.gov/41428235
Dynamic prediction by landmarking with data from cohort subsampling designs.,2025,https://www.doi.org/10.1177/09622802251403279,https://pubmed.ncbi.nlm.nih.gov/41359305
Different diabetes types and pancreatic ductal adenocarcinoma: a Mendelian randomization and pathway/gene-set analysis.,2025,https://www.doi.org/10.1093/jnci/djaf308,https://pubmed.ncbi.nlm.nih.gov/41206949
Insulinemic and inflammatory dietary patterns and colorectal cancer risk: a dietary data harmonization study of one million participants in the Consortium of Metabolomics Studies (COMETS).,2026,https://www.doi.org/10.1016/j.ajcnut.2025.10.016,https://pubmed.ncbi.nlm.nih.gov/41167399
Lipid biomarkers of habitual alcohol intake and associations with pancreatic cancer risk.,2025,https://www.doi.org/10.1093/jnci/djaf288,https://pubmed.ncbi.nlm.nih.gov/41092308
Stratifying lung adenocarcinoma risk with multi-ancestry polygenic risk scores in East Asian never-smokers.,2025,https://www.doi.org/10.1093/jnci/djaf272,https://pubmed.ncbi.nlm.nih.gov/41032288
Tea Consumption and Type 2 Diabetes: Findings from the Prospective UK Biobank Cohort Study.,2025,https://www.doi.org/10.1080/27697061.2025.2475894,https://pubmed.ncbi.nlm.nih.gov/40192349
Reply: Fiber and whole grain intakes in relation to liver cancer risk-An analysis in 2 prospective cohorts and systematic review and meta-analysis of prospective studies.,2025,https://www.doi.org/10.1097/HEP.0000000000001306,https://pubmed.ncbi.nlm.nih.gov/40073273
Polygenic Risk Score and Lung Adenocarcinoma Risk Among Never-Smokers by EGFR Mutation Status: A Brief Report.,2025,https://www.doi.org/10.1016/j.jtho.2024.11.019,https://pubmed.ncbi.nlm.nih.gov/39581378
Dietary Fiber Intake and Risk of Advanced and Aggressive Forms of Prostate Cancer: A Pooled Analysis of 15 Prospective Cohort Studies.,2025,https://www.doi.org/10.1016/j.jand.2024.04.006,https://pubmed.ncbi.nlm.nih.gov/38636793
Helicobacter hepaticus and Helicobacter bilis in liver and biliary cancers from ATBC and PLCO.,2024,https://www.doi.org/10.1111/hel.13053,https://pubmed.ncbi.nlm.nih.gov/38332674
Correction: Distinct germline genetic susceptibility profiles identified for common non-Hodgkin lymphoma subtypes.,2023,https://www.doi.org/10.1038/s41375-023-01978-x,https://pubmed.ncbi.nlm.nih.gov/37666943
"Author Correction: Deciphering colorectal cancer genetics through multi-omic analysis of 100,204 cases and 154,587 controls of European and east Asian ancestries.",2023,https://www.doi.org/10.1038/s41588-023-01334-w,https://pubmed.ncbi.nlm.nih.gov/36782065
"Response by Zhao et al to Letter Regarding Article, ""Associations of Dietary Cholesterol, Serum Cholesterol, and Egg Consumption With Overall and Cause-Specific Mortality: Systematic Review and Updated Meta-Analysis"".",2022,https://www.doi.org/10.1161/CIRCULATIONAHA.122.061978,https://pubmed.ncbi.nlm.nih.gov/36469598
"Authors' Reply: Relationship between chocolate consumption and overall and cause-specific mortality, systematic review and updated meta-analysis.",2022,https://www.doi.org/10.1007/s10654-022-00943-9,https://pubmed.ncbi.nlm.nih.gov/36417112
Publisher Correction: Trans-ancestry genome-wide association meta-analysis of prostate cancer identifies new susceptibility loci and informs genetic risk prediction.,2021,https://www.doi.org/10.1038/s41588-021-00786-2,https://pubmed.ncbi.nlm.nih.gov/33473200
Protein Intake and Cause-Specific Mortality-Reply.,2021,https://www.doi.org/10.1001/jamainternmed.2020.7260,https://pubmed.ncbi.nlm.nih.gov/33346783
Pooling of Finnish population-based health studies: lifestyle risk factors of colorectal and lung cancer.,2020,https://www.doi.org/10.1080/0284186X.2020.1789214,https://pubmed.ncbi.nlm.nih.gov/32657191
"Drinking water nitrate, disinfection byproducts, and prostate cancer incidence in the Agricultural Health Study.",2025,https://www.doi.org/10.1093/jnci/djaf350,https://pubmed.ncbi.nlm.nih.gov/41423865
Incorporating Heterogeneity in Mixed Hidden Markov Models With an Application to the Sleep-Wake Cycle.,2025,https://www.doi.org/10.1002/sim.70197,https://pubmed.ncbi.nlm.nih.gov/40911377
Exposures to drinking water contaminants in community water systems and risk of ovarian cancer in the California Teachers Study cohort.,2025,https://www.doi.org/10.1289/EHP16582,https://pubmed.ncbi.nlm.nih.gov/40471647
Examining bias due to method of follow-up for cancer incidence in a large U.S. cohort: Self-report versus registry linkage.,2025,https://www.doi.org/10.1016/j.annepidem.2025.05.006,https://pubmed.ncbi.nlm.nih.gov/40409575
Accounting for informative observation process in transition models of binary longitudinal outcome: Application to medical record data.,2024,https://www.doi.org/10.1177/09622802231225527,https://pubmed.ncbi.nlm.nih.gov/38303569
A Bayesian hierarchical sparse factor model for estimating simultaneous covariance matrices for gestational outcomes in consecutive pregnancies.,2023,https://www.doi.org/10.1002/sim.9809,https://pubmed.ncbi.nlm.nih.gov/37276864
Prevalence of esophageal squamous dysplasia in relatives of patients with esophageal cancer in Southwestern Kenya.,2022,https://www.doi.org/10.1016/j.canep.2022.102141,https://pubmed.ncbi.nlm.nih.gov/35299153
Continued controversy in using latent class models for estimating diagnostic accuracy without a gold standard.,2021,https://www.doi.org/10.1002/sim.9085,https://pubmed.ncbi.nlm.nih.gov/34515366
Structure-Activity Relationship Studies of an Autophagy Inhibitor That Targets the ATG14L-Beclin1 Protein-Protein Interaction Reveal Modifications That Improve Potency and Solubility and Maintain Selectivity.,2025,https://www.doi.org/10.1021/acs.jmedchem.4c02312,https://pubmed.ncbi.nlm.nih.gov/39761421
Hypoxia-induced EGR1 remodels neutrophils to suppress antitumor immunity.,2025,https://www.doi.org/10.1126/sciimmunol.adz2273,https://pubmed.ncbi.nlm.nih.gov/41385607
Should All Patients With Recurrent Respiratory Papillomatosis Be Vaccinated for HPV?,2025,https://www.doi.org/10.1002/lary.32382,https://pubmed.ncbi.nlm.nih.gov/40631785
Third Proceedings of The North American Airway Collaborative (NoAAC): Consensus Statement on Trial Design for Airway Stenosis.,2025,https://www.doi.org/10.1001/jamaoto.2024.4963,https://pubmed.ncbi.nlm.nih.gov/39847385
Neoadjuvant chemotherapy enhances tumor-specific T cell immunity in patients with HPV-associated oropharyngeal cancer.,2023,https://www.doi.org/10.1002/hed.27463,https://pubmed.ncbi.nlm.nih.gov/37480219
Mechanisms of resistance to T cell-based immunotherapy in head and neck cancer.,2020,https://www.doi.org/10.1002/hed.26158,https://pubmed.ncbi.nlm.nih.gov/32275098
Osteocyte-Intrinsic MMP13 Exacerbates Injury-Induced Temporomandibular Joint Osteoarthritis.,2025,https://www.doi.org/10.1016/j.joca.2025.12.019,https://pubmed.ncbi.nlm.nih.gov/41461362
"Monitoring sleep duration, timing, and continuity among US youth and adults in NHANES using actigraphy.",2025,https://www.doi.org/10.1016/j.sleh.2025.10.008,https://pubmed.ncbi.nlm.nih.gov/41266158
Outcomes following CD22 CAR T-cells in B-ALL: a tale of two manufacturing strategies.,2025,https://www.doi.org/10.1016/j.jcyt.2025.09.013,https://pubmed.ncbi.nlm.nih.gov/41190967
Publisher Correction: CD3ζ ITAMs enable ligand discrimination and antagonism by inhibiting TCR signaling in response to low-affinity peptides.,2024,https://www.doi.org/10.1038/s41590-023-01725-5,https://pubmed.ncbi.nlm.nih.gov/38057618
Engineering time-controlled immunotherapy.,2022,https://www.doi.org/10.1126/science.adf5318,https://pubmed.ncbi.nlm.nih.gov/36520890
Nonlytic Egress and Transmission in the Virus World.,2025,https://www.doi.org/10.1146/annurev-biochem-052521-120140,https://pubmed.ncbi.nlm.nih.gov/40540754
A New Infectious Unit: Extracellular Vesicles Carrying Virus Populations.,2021,https://www.doi.org/10.1146/annurev-cellbio-040621-032416,https://pubmed.ncbi.nlm.nih.gov/34270326
Viral pores are everywhere.,2021,https://www.doi.org/10.1016/j.molcel.2021.04.025,https://pubmed.ncbi.nlm.nih.gov/34019787
Emerging Pathogenic Unit of Vesicle-Cloaked Murine Norovirus Clusters is Resistant to Environmental Stresses and UV,2021,https://www.doi.org/10.1021/acs.est.1c01763,https://pubmed.ncbi.nlm.nih.gov/33856208
An enhancer-AAV toolbox to target and manipulate distinct interneuron subtypes.,2025,https://www.doi.org/10.1016/j.neuron.2025.05.002,https://pubmed.ncbi.nlm.nih.gov/40403705
Antimicrobial resistance dissemination associated with intensive animal production practices in Argentina: A systematic review and meta-analysis.,2023,https://www.doi.org/10.1016/j.ram.2022.07.001,https://pubmed.ncbi.nlm.nih.gov/36137889
Author Correction: Ventral tegmental area GABAergic inhibition of cholinergic interneurons in the ventral nucleus accumbens shell promotes reward reinforcement.,2021,https://www.doi.org/10.1038/s41593-021-00928-z,https://pubmed.ncbi.nlm.nih.gov/34504334
"Introduction to the Theme ""New Approaches, Technology, and Techniques That Advance Pharmacology and Toxicology"".",2025,https://www.doi.org/10.1146/annurev-pharmtox-082525-041413,https://pubmed.ncbi.nlm.nih.gov/41021654
"Introduction to the Theme ""Novel Therapeutics with the Potential to Advance Health Care"".",2025,https://www.doi.org/10.1146/annurev-pharmtox-090324-021727,https://pubmed.ncbi.nlm.nih.gov/39322433
"Introduction to the Theme ""Pharmacological Individuality: New Insights and Strategies for Personalized and Precise Drug Treatment"".",2024,https://www.doi.org/10.1146/annurev-pharmtox-090123-010552,https://pubmed.ncbi.nlm.nih.gov/37816308
"Introduction to the Theme ""Development of New Drugs: Moving from the Bench to Bedside and Improved Patient Care"".",2023,https://www.doi.org/10.1146/annurev-pharmtox-091222-022612,https://pubmed.ncbi.nlm.nih.gov/36270297
Marc G. Caron (1946-2022).,2022,https://www.doi.org/10.1038/s41593-022-01145-y,https://pubmed.ncbi.nlm.nih.gov/35915165
"Introduction to the Theme ""New Insights, Strategies, and Therapeutics for Common Diseases"".",2022,https://www.doi.org/10.1146/annurev-pharmtox-091421-094627,https://pubmed.ncbi.nlm.nih.gov/34606327
"Introduction to the Theme ""Old and New Toxicology: Interfaces with Pharmacology"".",2021,https://www.doi.org/10.1146/annurev-pharmtox-092220-033032,https://pubmed.ncbi.nlm.nih.gov/33411582
"""Gatekeepers of heaven"" breaking bad.",2024,https://www.doi.org/10.1016/j.ceca.2023.102842,https://pubmed.ncbi.nlm.nih.gov/38211552
No social distancing between ORAI channels.,2020,https://www.doi.org/10.1016/j.ceca.2020.102262,https://pubmed.ncbi.nlm.nih.gov/32810747
"Tetrahydroquinoline/4,5-dihydroisoxazoline derivatives counteract multidrug resistance in cancer cells by inhibiting P-glycoprotein (ABCB1)-mediated transport.",2025,https://www.doi.org/10.1016/j.bbagen.2025.130894,https://pubmed.ncbi.nlm.nih.gov/41352692
"Erratum to ""The fourth-generation EGFR tyrosine kinase inhibitor BLU-945 resensitizes ABCG2-overexpressing multidrug-resistant non-small cell lung cancer cells to cytotoxic anticancer drugs"" [European Journal of Pharmaceutical Sciences (2025) 107337].",2026,https://www.doi.org/10.1016/j.ejps.2025.107384,https://pubmed.ncbi.nlm.nih.gov/41350202
Nanoengineered photosensitizers for photodynamic priming to overcome P-glycoprotein-mediated multidrug resistance.,2025,https://www.doi.org/10.1111/php.70049,https://pubmed.ncbi.nlm.nih.gov/41235707
The fourth-generation EGFR tyrosine kinase inhibitor BLU-945 resensitizes ABCG2-overexpressing multidrug-resistant non-small cell lung cancer cells to cytotoxic anticancer drugs.,2025,https://www.doi.org/10.1016/j.ejps.2025.107337,https://pubmed.ncbi.nlm.nih.gov/41120063
Vodobatinib overcomes cancer multidrug resistance by attenuating the drug efflux function of ABCB1 and ABCG2.,2025,https://www.doi.org/10.1016/j.ejphar.2024.177231,https://pubmed.ncbi.nlm.nih.gov/39725134
The colony-stimulating factor-1 receptor inhibitor edicotinib counteracts multidrug resistance in cancer cells by inhibiting ABCG2-mediated drug efflux.,2024,https://www.doi.org/10.1016/j.biopha.2024.117554,https://pubmed.ncbi.nlm.nih.gov/39405897
Epertinib counteracts multidrug resistance in cancer cells by antagonizing the drug efflux function of ABCB1 and ABCG2.,2024,https://www.doi.org/10.1016/j.biopha.2024.117542,https://pubmed.ncbi.nlm.nih.gov/39388999
Editorial: ABC transporters and drug resistance.,2024,https://www.doi.org/10.1016/j.drup.2024.101135,https://pubmed.ncbi.nlm.nih.gov/39178712
ABCB1-dependent collateral sensitivity of multidrug-resistant colorectal cancer cells to the survivin inhibitor MX106-4C.,2024,https://www.doi.org/10.1016/j.drup.2024.101065,https://pubmed.ncbi.nlm.nih.gov/38367548
Different diabetes types and pancreatic ductal adenocarcinoma: a Mendelian randomization and pathway/gene-set analysis.,2025,https://www.doi.org/10.1093/jnci/djaf308,https://pubmed.ncbi.nlm.nih.gov/41206949
Predictive prioritization of enhancers associated with pancreatic disease risk.,2025,https://www.doi.org/10.1016/j.xgen.2025.101040,https://pubmed.ncbi.nlm.nih.gov/41106391
Non-Enzymatic Generation of Placenta Single Cells From Third Trimester Human Placenta.,2025,https://www.doi.org/10.1002/cpz1.70237,https://pubmed.ncbi.nlm.nih.gov/41129293
Comparison of accuracy and reproducibility of colposcopic impression based on a single image versus a two-minute time series of colposcopic images.,2022,https://www.doi.org/10.1016/j.ygyno.2022.08.001,https://pubmed.ncbi.nlm.nih.gov/36008184
Mechanism of cytarabine-induced neurotoxicity.,2025,https://www.doi.org/10.1038/s41586-025-09210-9,https://pubmed.ncbi.nlm.nih.gov/40562930
A Call to Arms: Overcoming challenges in Myelodysplastic Syndromes therapy advances.,2024,https://www.doi.org/10.1053/j.seminhematol.2024.11.005,https://pubmed.ncbi.nlm.nih.gov/39674608
Clinical and molecular consequences of fusion genes in myeloid malignancies.,2020,https://www.doi.org/10.1002/stem.3263,https://pubmed.ncbi.nlm.nih.gov/32745287
Neoadjuvant Chemotherapy for High-risk Localized Upper Tract Urothelial Carcinoma: Final Long-term Outcomes from a Phase 2 Clinical Trial and an Expanded Cohort.,2025,https://www.doi.org/10.1016/j.eururo.2025.08.012,https://pubmed.ncbi.nlm.nih.gov/41006098
Top advances of the year: Bladder cancer.,2025,https://www.doi.org/10.1002/cncr.70020,https://pubmed.ncbi.nlm.nih.gov/40782344
Understanding patient perspectives in the management of their muscle-invasive bladder cancer.,2025,https://www.doi.org/10.1111/bju.16695,https://pubmed.ncbi.nlm.nih.gov/40047292
Organ preservation in muscle-invasive urothelial bladder cancer.,2024,https://www.doi.org/10.1097/CCO.0000000000001038,https://pubmed.ncbi.nlm.nih.gov/38573204
The value of IMmotion010 for rare kidney cancer histologies.,2023,https://www.doi.org/10.1016/S0140-6736(23)01067-X,https://pubmed.ncbi.nlm.nih.gov/37453746
Evolving Role of Adjuvant Systemic Therapy for Kidney and Urothelial Cancers.,2022,https://www.doi.org/10.1200/EDBK_350829,https://pubmed.ncbi.nlm.nih.gov/35609225
Systemic therapy issues: Immunotherapy in nonmetastatic urothelial cancer.,2023,https://www.doi.org/10.1016/j.urolonc.2020.10.004,https://pubmed.ncbi.nlm.nih.gov/34756410
"Urologists, You'll Never Walk Alone! How Novel Immunotherapy and Modern Imaging May Change the Management of Non-muscle-invasive Bladder Cancer.",2022,https://www.doi.org/10.1016/j.euo.2021.05.008,https://pubmed.ncbi.nlm.nih.gov/34147473
Systemic therapy in bladder preservation.,2023,https://www.doi.org/10.1016/j.urolonc.2020.10.006,https://pubmed.ncbi.nlm.nih.gov/33223367
Dopamine in the nucleus accumbens shell controls systemic glucose metabolism via the lateral hypothalamus and hepatic vagal innervation in rodents.,2024,https://www.doi.org/10.1016/j.metabol.2023.155696,https://pubmed.ncbi.nlm.nih.gov/37804881
"SGSS05-NS3, a covalent SETD8 inhibitor that activates p53 pathway in neuroblastoma.",2025,https://www.doi.org/10.1186/s13046-025-03565-7,https://pubmed.ncbi.nlm.nih.gov/41419951
Affirming NIH's commitment to addressing structural racism in the biomedical research enterprise.,2021,https://www.doi.org/10.1016/j.cell.2021.05.014,https://pubmed.ncbi.nlm.nih.gov/34115967
Predictive prioritization of enhancers associated with pancreatic disease risk.,2025,https://www.doi.org/10.1016/j.xgen.2025.101040,https://pubmed.ncbi.nlm.nih.gov/41106391
Author Correction: Chemical genomics with pyrvinium identifies C1orf115 as a regulator of drug efflux.,2022,https://www.doi.org/10.1038/s41589-022-01146-9,https://pubmed.ncbi.nlm.nih.gov/36002506
Mapping the anatomy of placebo analgesia.,2025,https://www.doi.org/10.1126/science.aea2370,https://pubmed.ncbi.nlm.nih.gov/40875865
Subjective salience ratings are a reliable proxy for physiological measures of arousal.,2025,https://www.doi.org/10.1097/j.pain.0000000000003699,https://pubmed.ncbi.nlm.nih.gov/40623245
"""Consensus on Placebo and Nocebo Effects Connects Science with Practice:"" Reply to ""Questioning the Consensus on Placebo and Nocebo Effects"".",2021,https://www.doi.org/10.1159/000514435,https://pubmed.ncbi.nlm.nih.gov/33631769
What Should Clinicians Tell Patients about Placebo and Nocebo Effects? Practical Considerations Based on Expert Consensus.,2021,https://www.doi.org/10.1159/000510738,https://pubmed.ncbi.nlm.nih.gov/33075796
An enhancer-AAV toolbox to target and manipulate distinct interneuron subtypes.,2025,https://www.doi.org/10.1016/j.neuron.2025.05.002,https://pubmed.ncbi.nlm.nih.gov/40403705
Stimulating learning: A functional MRI and behavioral investigation of the effects of transcranial direct current stimulation on stochastic learning in schizophrenia.,2022,https://www.doi.org/10.1016/j.psychres.2022.114908,https://pubmed.ncbi.nlm.nih.gov/37732853
Mortimer Mishkin (1926-2021): A life of science with humility and grace.,2021,https://www.doi.org/10.1016/j.neuron.2021.10.023,https://pubmed.ncbi.nlm.nih.gov/34735788
Editorial overview of 3D genome chromatin organization and regulation.,2025,https://www.doi.org/10.1016/j.sbi.2025.103123,https://pubmed.ncbi.nlm.nih.gov/40743767
Use of chemical hair straighteners in relation to incidence and growth of uterine leiomyomata: a prospective ultrasound study.,2025,https://www.doi.org/10.1093/aje/kwaf286,https://pubmed.ncbi.nlm.nih.gov/41469322
"Derivation of Three Occupational Status Measures in Young Black Women: The Study of Environment, Lifestyle, and Fibroids.",2025,https://www.doi.org/10.1093/aje/kwaf275,https://pubmed.ncbi.nlm.nih.gov/41368782
"Variability of menstrual cycles by age, polycystic ovary syndrome, and early-life cycle irregularity in the apple Women's Health Study.",2025,https://www.doi.org/10.1016/j.ajog.2025.11.031,https://pubmed.ncbi.nlm.nih.gov/41297783
Estrogen-containing contraceptive use and blood lead concentrations in a cohort of premenopausal individuals.,2025,https://www.doi.org/10.1016/j.envres.2025.122935,https://pubmed.ncbi.nlm.nih.gov/41015173
Childhood Social and Economic Disadvantage and the Risk of Uterine Fibroids among Black Women.,2025,https://www.doi.org/10.1093/aje/kwaf143,https://pubmed.ncbi.nlm.nih.gov/40610393
"Personal Care Products, Socioeconomic Status, and Endocrine-Disrupting Chemical Mixtures in Black Women.",2024,https://www.doi.org/10.1021/acs.est.3c06440,https://pubmed.ncbi.nlm.nih.gov/38347750
Fibroid Prevalence-Still So Much to Learn.,2023,https://www.doi.org/10.1001/jamanetworkopen.2023.12682,https://pubmed.ncbi.nlm.nih.gov/37163271
"The Environment, Leiomyomas, Latinas, and Adiposity Study: rationale and design.",2022,https://www.doi.org/10.1016/j.ajog.2021.05.005,https://pubmed.ncbi.nlm.nih.gov/33974903
Recessive Loss of PI4K2A Function Causes a Developmental and Epileptic Dyskinetic Encephalopathy with Prominent Orolingual Dyskinesia.,2025,https://www.doi.org/10.1002/mds.30286,https://pubmed.ncbi.nlm.nih.gov/40879273
You better keep an eye on your contacts.,2025,https://www.doi.org/10.1016/j.ceca.2025.102999,https://pubmed.ncbi.nlm.nih.gov/39862449
Integrated regulation of the phosphatidylinositol cycle and phosphoinositide-driven lipid transport at ER-PM contact sites.,2020,https://www.doi.org/10.1111/tra.12709,https://pubmed.ncbi.nlm.nih.gov/31650663
Noncanonical functions of T follicular helper cells.,2025,https://www.doi.org/10.1126/sciimmunol.adr1052,https://pubmed.ncbi.nlm.nih.gov/40512836
When the Smoke Clears m,2020,https://www.doi.org/10.1158/0008-5472.CAN-20-0961,https://pubmed.ncbi.nlm.nih.gov/32616506
What are we missing? What are we assuming? The need to foster feature discovery tools to improve statistical models.,2025,https://www.doi.org/10.1093/cercor/bhaf241,https://pubmed.ncbi.nlm.nih.gov/40928744
The challenge of BWAs: Unknown unknowns in feature space and variance.,2022,https://www.doi.org/10.1016/j.medj.2022.07.002,https://pubmed.ncbi.nlm.nih.gov/35963233
Linking cortical circuit models to human cognition with laminar fMRI.,2021,https://www.doi.org/10.1016/j.neubiorev.2021.07.005,https://pubmed.ncbi.nlm.nih.gov/34245758
Higher and deeper: Bringing layer fMRI to association cortex.,2021,https://www.doi.org/10.1016/j.pneurobio.2020.101930,https://pubmed.ncbi.nlm.nih.gov/33091541
Proteome-Wide Analysis of Palmitoylated Proteins in Macrophages Reveals Novel Insights Into Early Immune Signaling.,2025,https://www.doi.org/10.1002/pmic.70100,https://pubmed.ncbi.nlm.nih.gov/41457686
Enhanced S-Palmitoylated Protein Detection by Mild Nonionic Detergent in Proteomic Workflow.,2025,https://www.doi.org/10.1021/jasms.5c00186,https://pubmed.ncbi.nlm.nih.gov/41328681
Editorial overview: Understanding membrane and membrane proteins: Where do we go now?,2022,https://www.doi.org/10.1016/j.sbi.2022.102471,https://pubmed.ncbi.nlm.nih.gov/36274421
Editorial: Tribute to Professor Bert Fraser-Reid.,2023,https://www.doi.org/10.1016/j.carres.2023.108795,https://pubmed.ncbi.nlm.nih.gov/37002031
Understanding pathogen survival and transmission by arthropod vectors to prevent human disease.,2022,https://www.doi.org/10.1126/science.abc2757,https://pubmed.ncbi.nlm.nih.gov/36173836
Antibody Therapy Goes to Insects: Monoclonal Antibodies Can Block Plasmodium Transmission to Mosquitoes.,2020,https://www.doi.org/10.1016/j.pt.2020.08.009,https://pubmed.ncbi.nlm.nih.gov/33036937
Involvement of the FGF8/FGF receptor signaling pathway in the maintenance and progression of fusion-positive rhabdomyosarcoma.,2025,https://www.doi.org/10.1158/1535-7163.MCT-24-0328,https://pubmed.ncbi.nlm.nih.gov/41263060
"Clinicopathologic Features, Management, and Outcomes Of Pediatric CRTC1::TRIM11 and MED15::ATF1 Tumors With Spitzoid Morphology: A Case Series.",2025,https://www.doi.org/10.1002/pbc.31814,https://pubmed.ncbi.nlm.nih.gov/40390195
"Novel PAX3::MAML3 Fusion Identified in Alveolar Rhabdomyosarcoma, Using DNA Methylation Profiling to Expand the Genetic Spectrum of ""Fusion-Positive"" Cases.",2024,https://www.doi.org/10.1016/j.modpat.2024.100594,https://pubmed.ncbi.nlm.nih.gov/39147032
A bright future for proteomics of health and disease. Introduction to the US HUPO 2021 themed issue - proteomics from single cell to systems biology in health and disease.,2022,https://www.doi.org/10.1039/d2mo90026b,https://pubmed.ncbi.nlm.nih.gov/36168986
Protein Phosphatase 1 Regulatory Subunit PNUTS Prevents CENP-A Mislocalization and Chromosomal Instability.,2025,https://www.doi.org/10.1080/10985549.2025.2487010,https://pubmed.ncbi.nlm.nih.gov/40270285
acp³U: A Conserved RNA Modification with Lessons Yet to Unfold.,2025,https://www.doi.org/10.1080/10985549.2024.2443138,https://pubmed.ncbi.nlm.nih.gov/39757918
"You Get a Modification, and You Get a Modification… Everyone Gets a Modification!",2020,https://www.doi.org/10.1016/j.molcel.2020.10.043,https://pubmed.ncbi.nlm.nih.gov/33217314
RNA post-transcriptional modification speaks to chromatin.,2020,https://www.doi.org/10.1038/s41588-020-0685-3,https://pubmed.ncbi.nlm.nih.gov/32879511
"Drinking water nitrate, disinfection byproducts, and prostate cancer incidence in the Agricultural Health Study.",2025,https://www.doi.org/10.1093/jnci/djaf350,https://pubmed.ncbi.nlm.nih.gov/41423865
Atrazine use and markers of kidney function and nephrotoxicity among male farmers in the Biomarkers of Exposure and Effect in Agriculture Study.,2025,https://www.doi.org/10.1136/oemed-2025-110386,https://pubmed.ncbi.nlm.nih.gov/41218920
Different diabetes types and pancreatic ductal adenocarcinoma: a Mendelian randomization and pathway/gene-set analysis.,2025,https://www.doi.org/10.1093/jnci/djaf308,https://pubmed.ncbi.nlm.nih.gov/41206949
Identifying occupational risk factors for cancer in women: a need for further action.,2023,https://www.doi.org/10.1136/oemed-2023-108948,https://pubmed.ncbi.nlm.nih.gov/37429726
An algorithm for quantitatively estimating occupational endotoxin exposure in the Biomarkers of Exposure and Effect in Agriculture (BEEA) study: I. Development of task-specific exposure levels from published data.,2023,https://www.doi.org/10.1002/ajim.23486,https://pubmed.ncbi.nlm.nih.gov/37087684
"Elevated 2,4-dichlorophenoxyacetic acid (2,4-D) herbicide concentrations in the household dust of farmers with recent occupational use.",2023,https://www.doi.org/10.1080/15459624.2023.2198588,https://pubmed.ncbi.nlm.nih.gov/37017362
Challenges of pesticide exposure assessment in occupational studies of chronic diseases.,2020,https://www.doi.org/10.1136/oemed-2019-106348,https://pubmed.ncbi.nlm.nih.gov/32201387
"2,4-D exposure and urinary markers of oxidative DNA damage and lipid peroxidation: a longitudinal study.",2020,https://www.doi.org/10.1136/oemed-2019-106267,https://pubmed.ncbi.nlm.nih.gov/31996474
Integrated omics reveals disease-associated radial glia-like cells with epigenetically dysregulated interferon response in multiple sclerosis.,2025,https://www.doi.org/10.1016/j.neuron.2025.09.022,https://pubmed.ncbi.nlm.nih.gov/41075785
"Reply to FBXW7, L1CAM, and TGM2 in endometrial cancer.",2021,https://www.doi.org/10.1002/cncr.33781,https://pubmed.ncbi.nlm.nih.gov/34324196
Informed Dictionary-Guided Monte Carlo Inversion for Robust and Reproducible Multidimensional MRI.,2025,https://www.doi.org/10.1002/mrm.70228,https://pubmed.ncbi.nlm.nih.gov/41457529
"A generative-discriminative framework that integrates imaging, genetic, and diagnosis into coupled low dimensional space.",2021,https://www.doi.org/10.1016/j.neuroimage.2021.118200,https://pubmed.ncbi.nlm.nih.gov/34118398
Longitudinal Positron Emission Tomography of Dopamine Synthesis in Subjects with GBA1 Mutations.,2020,https://www.doi.org/10.1002/ana.25692,https://pubmed.ncbi.nlm.nih.gov/32030791
"Genomic characterization of colorectal tumors: insights into significantly mutated genes, pathways, and survival outcomes.",2025,https://www.doi.org/10.1186/s12885-025-15440-x,https://pubmed.ncbi.nlm.nih.gov/41413856
"Integrating Pathogenic Variants, Polygenic Risk Score, and Family History for Prostate Cancer Risk Estimation in Men of African Ancestry.",2025,https://www.doi.org/10.1016/j.eururo.2025.09.4161,https://pubmed.ncbi.nlm.nih.gov/41219045
Stratifying lung adenocarcinoma risk with multi-ancestry polygenic risk scores in East Asian never-smokers.,2025,https://www.doi.org/10.1093/jnci/djaf272,https://pubmed.ncbi.nlm.nih.gov/41032288
Polygenic Risk Score and Lung Adenocarcinoma Risk Among Never-Smokers by EGFR Mutation Status: A Brief Report.,2025,https://www.doi.org/10.1016/j.jtho.2024.11.019,https://pubmed.ncbi.nlm.nih.gov/39581378
Correction: Distinct germline genetic susceptibility profiles identified for common non-Hodgkin lymphoma subtypes.,2023,https://www.doi.org/10.1038/s41375-023-01978-x,https://pubmed.ncbi.nlm.nih.gov/37666943
Publisher Correction: Trans-ancestry genome-wide association meta-analysis of prostate cancer identifies new susceptibility loci and informs genetic risk prediction.,2021,https://www.doi.org/10.1038/s41588-021-00786-2,https://pubmed.ncbi.nlm.nih.gov/33473200
Molecular Machines that Facilitate Bacterial Outer Membrane Protein Biogenesis.,2024,https://www.doi.org/10.1146/annurev-biochem-030122-033754,https://pubmed.ncbi.nlm.nih.gov/38603556
Function of the Omp85 Superfamily of Outer Membrane Protein Assembly Factors and Polypeptide Transporters.,2022,https://www.doi.org/10.1146/annurev-micro-033021-023719,https://pubmed.ncbi.nlm.nih.gov/35650668
Structure and Biosynthesis of Aridomycins Reveal a Glycosylated Prodrug Strategy for Self-Resistance.,2025,https://www.doi.org/10.1021/jacs.5c06894,https://pubmed.ncbi.nlm.nih.gov/40626619
Cell intrinsic versus cell extrinsic control of plasma cell longevity.,2025,https://www.doi.org/10.1016/j.it.2025.10.013,https://pubmed.ncbi.nlm.nih.gov/41290494
The transcription factor NFIL3 drives innate lymphoid cell specification from lymphoid progenitors.,2025,https://www.doi.org/10.1016/j.immuni.2025.10.005,https://pubmed.ncbi.nlm.nih.gov/41172988
Author Correction: Distinct developmental pathways generate functionally distinct populations of natural killer cells.,2024,https://www.doi.org/10.1038/s41590-024-01917-7,https://pubmed.ncbi.nlm.nih.gov/38987653
T cell development made EZ.,2022,https://www.doi.org/10.1016/j.stem.2022.07.003,https://pubmed.ncbi.nlm.nih.gov/35931025
ThymUS in times of stress.,2021,https://www.doi.org/10.1038/s41590-021-00897-2,https://pubmed.ncbi.nlm.nih.gov/33692548
"Impact of artificial intelligence in vision science: A systematic review of progress, emerging trends, data domain quantification, and critical gaps.",2025,https://www.doi.org/10.1016/j.survophthal.2025.09.014,https://pubmed.ncbi.nlm.nih.gov/40967511
"Scaling up pluripotent stem cell-based therapies - considerations, current challenges and emerging technologies: perspectives from the ISCT Emerging Regenerative Medicine Working Group.",2025,https://www.doi.org/10.1016/j.jcyt.2025.04.058,https://pubmed.ncbi.nlm.nih.gov/40353785
Bioprinted 3D outer retina barrier uncovers RPE-dependent choroidal phenotype in advanced macular degeneration.,2023,https://www.doi.org/10.1038/s41592-022-01701-1,https://pubmed.ncbi.nlm.nih.gov/36550275
From Diagnosis to Disease Staging: Multisite Validation of Cerebrospinal Fluid Molecular Tests in Multiple Sclerosis.,2025,https://www.doi.org/10.1002/ana.78047,https://pubmed.ncbi.nlm.nih.gov/41041831
Blood and CSF biomarkers for multiple sclerosis: emerging clinical applications.,2025,https://www.doi.org/10.1016/S1474-4422(25)00249-2,https://pubmed.ncbi.nlm.nih.gov/41015047
Characterizing Paratesticular Neoplasms in Proteus Syndrome.,2025,https://www.doi.org/10.1097/PAS.0000000000002498,https://pubmed.ncbi.nlm.nih.gov/41368924
Further Personalizing Medicine in Immune Disorders: Genomic Findings and Hematopoietic Cell Transplantation Survival.,2026,https://www.doi.org/10.1097/TP.0000000000005504,https://pubmed.ncbi.nlm.nih.gov/40739694
Implementing secondary findings analysis in a genetic and environmental research study.,2025,https://www.doi.org/10.1016/j.gim.2025.101515,https://pubmed.ncbi.nlm.nih.gov/40613270
Calibrating a functional assay for variant classification in RYR1-related malignant hyperthermia susceptibility.,2025,https://www.doi.org/10.1093/hmg/ddaf038,https://pubmed.ncbi.nlm.nih.gov/40192509
Patterns of X-linked inheritance: A new approach for the genome era.,2025,https://www.doi.org/10.1016/j.gim.2025.101384,https://pubmed.ncbi.nlm.nih.gov/39963886
Response to Wei et al.,2024,https://www.doi.org/10.1016/j.gim.2024.101209,https://pubmed.ncbi.nlm.nih.gov/38973599
Comparison of literature mining tools for variant classification: Through the lens of 50 RYR1 variants.,2024,https://www.doi.org/10.1016/j.gim.2024.101157,https://pubmed.ncbi.nlm.nih.gov/38748538
Response to Kiel and Kozaric.,2024,https://www.doi.org/10.1016/j.gim.2024.101162,https://pubmed.ncbi.nlm.nih.gov/38726793
A commentary on actionable secondary findings in the 73 ACMG-recommended genes in 1559 Thai exomes.,2022,https://www.doi.org/10.1038/s10038-022-01037-w,https://pubmed.ncbi.nlm.nih.gov/35534676
Should all babies have their genome sequenced at birth?,2021,https://www.doi.org/10.1136/bmj.n2679,https://pubmed.ncbi.nlm.nih.gov/34789511
"Correspondence on: ""Homozygous familial hypercholesterolemia in Italy: Clinical and molecular features"".",2021,https://www.doi.org/10.1016/j.atherosclerosis.2021.03.015,https://pubmed.ncbi.nlm.nih.gov/33812672
"Correspondence on ""The role of clinical response to treatment in determining pathogenicity of genomic variants"" by Shen et al.",2021,https://www.doi.org/10.1038/s41436-020-01032-6,https://pubmed.ncbi.nlm.nih.gov/33154565
Predictive and Precision Medicine with Genomic Data.,2020,https://www.doi.org/10.1373/clinchem.2019.304345,https://pubmed.ncbi.nlm.nih.gov/31843866
Expansion of Interleukin-22-Producing Type 3 Innate Lymphoid Cells in the Gut of Tristetraprolin-Deficient Mice.,2025,https://www.doi.org/10.1002/eji.202350892,https://pubmed.ncbi.nlm.nih.gov/40170386
Tristetraprolin-mediated mRNA destabilization regulates basophil inflammatory responses.,2025,https://www.doi.org/10.1016/j.alit.2024.10.005,https://pubmed.ncbi.nlm.nih.gov/39550253
Anemia of inflammation is all the RAGE.,2022,https://www.doi.org/10.1182/blood.2021015337,https://pubmed.ncbi.nlm.nih.gov/35616988
Single-cell profiling of human bone marrow progenitors reveals mechanisms of failing erythropoiesis in Diamond-Blackfan anemia.,2021,https://www.doi.org/10.1126/scitranslmed.abf0113,https://pubmed.ncbi.nlm.nih.gov/34516827
Risk of hypertension and heart failure linked to high-normal serum sodium and tonicity in general healthcare electronic medical records.,2025,https://www.doi.org/10.1093/eurjpc/zwaf232,https://pubmed.ncbi.nlm.nih.gov/40211922
An Alternate Explanation.,2023,https://www.doi.org/10.1056/NEJMc2305289,https://pubmed.ncbi.nlm.nih.gov/37754298
"Corrigendum to ""Human induced pluripotent stem cells generated from a patient with a homozygous mutation in the Lyn kinase gene"" [Stem Cell Res. 64 (2022) 102933].",2023,https://www.doi.org/10.1016/j.scr.2023.103059,https://pubmed.ncbi.nlm.nih.gov/36921440
Bioprinted 3D outer retina barrier uncovers RPE-dependent choroidal phenotype in advanced macular degeneration.,2023,https://www.doi.org/10.1038/s41592-022-01701-1,https://pubmed.ncbi.nlm.nih.gov/36550275
TNF inhibition in vasculitis management in adenosine deaminase 2 deficiency (DADA2).,2022,https://www.doi.org/10.1016/j.jaci.2021.10.030,https://pubmed.ncbi.nlm.nih.gov/34780847
EIPR1 variants cause a neurodevelopmental disorder with endolysosomal and dense core vesicle defects.,2025,https://www.doi.org/10.1093/brain/awaf371,https://pubmed.ncbi.nlm.nih.gov/41058046
The role of AP-4 in cargo export from the trans-Golgi network and hereditary spastic paraplegia.,2020,https://www.doi.org/10.1042/BST20190664,https://pubmed.ncbi.nlm.nih.gov/33084855
Characterization of novel and recurrent ,2025,https://www.doi.org/10.1177/22143602251370586,https://pubmed.ncbi.nlm.nih.gov/40849231
Clinical validity of congenital myopathy genes determined by the ClinGen Congenital Myopathies Expert Panel.,2025,https://www.doi.org/10.1177/22143602251339369,https://pubmed.ncbi.nlm.nih.gov/40491337
Heterozygous loss-of-function variants in SPTAN1 cause an early childhood onset distal myopathy.,2025,https://www.doi.org/10.1016/j.gim.2025.101399,https://pubmed.ncbi.nlm.nih.gov/40023774
Distinct whole-body muscle MRI imaging patterns in PAX7-congenital myopathy: A case report.,2024,https://www.doi.org/10.1177/22143602241289705,https://pubmed.ncbi.nlm.nih.gov/39967430
"Neurogenic arthrogryposis, hypotonia, dysmorphic features plus malformation of cortical development further expands the ARL6IP1 loss-of-function phenotype.",2025,https://www.doi.org/10.1016/j.nmd.2025.105312,https://pubmed.ncbi.nlm.nih.gov/39954331
Consistent Delivery of Adeno-Associated Virus via Lateral Tail-Vein Injection in Adult Mice.,2024,https://www.doi.org/10.3791/66934,https://pubmed.ncbi.nlm.nih.gov/39248510
An international retrospective early natural history study of LAMA2-related dystrophies.,2024,https://www.doi.org/10.3233/JND-240048,https://pubmed.ncbi.nlm.nih.gov/39177609
Meeting Report: 2023 Muscular Dystrophy Association Summit on 'Safety and Challenges in Gene Therapy of Neuromuscular Diseases'.,2024,https://www.doi.org/10.3233/JND-240002,https://pubmed.ncbi.nlm.nih.gov/39121133
Pathogenic ,2024,https://www.doi.org/10.1126/scitranslmed.adg2841,https://pubmed.ncbi.nlm.nih.gov/38569017
"Safety and efficacy of gene replacement therapy for X-linked myotubular myopathy (ASPIRO): a multinational, open-label, dose-escalation trial.",2023,https://www.doi.org/10.1016/S1474-4422(23)00313-7,https://pubmed.ncbi.nlm.nih.gov/37977713
Recessive Pathogenic ,2024,https://www.doi.org/10.1017/cjn.2023.277,https://pubmed.ncbi.nlm.nih.gov/37681231
Dystrophin Immunity after Gene Therapy for Duchenne's Muscular Dystrophy.,2023,https://www.doi.org/10.1056/NEJMc2212912,https://pubmed.ncbi.nlm.nih.gov/37314712
"Collagen VI-related myopathies: clinical variability, phenotype-genotype correlation and exploratory transcriptome study.",2023,https://www.doi.org/10.1016/j.nmd.2023.03.003,https://pubmed.ncbi.nlm.nih.gov/37023487
Unusually severe muscular dystrophy upon in-frame deletion of the dystrophin rod domain and lack of compensation by membrane-localized utrophin.,2023,https://www.doi.org/10.1016/j.medj.2023.02.005,https://pubmed.ncbi.nlm.nih.gov/36905929
Meeting Report: 2022 Muscular Dystrophy Association Summit on 'Safety and Challenges in Gene Transfer Therapy'.,2023,https://www.doi.org/10.3233/JND-221639,https://pubmed.ncbi.nlm.nih.gov/36806515
A systematic review of adeno-associated virus gene therapies in neurology: the need for consistent safety monitoring of a promising treatment.,2022,https://www.doi.org/10.1136/jnnp-2022-329431,https://pubmed.ncbi.nlm.nih.gov/36190933
Slowly Progressive Limb-Girdle Weakness and HyperCKemia - Limb Girdle Muscular Dystrophy or Anti-3-Hydroxy-3-Methylglutaryl-CoA-Reductase-Myopathy?,2022,https://www.doi.org/10.3233/JND-220810,https://pubmed.ncbi.nlm.nih.gov/35754285
Recognizable Pattern of Arthrogryposis and Congenital Myopathy Caused by the Recurrent TTN Metatranscript-only c.39974-11T > G Splice Variant.,2022,https://www.doi.org/10.1055/a-1859-0800,https://pubmed.ncbi.nlm.nih.gov/35605965
Anesthetic Management of Children and Adolescents With Giant Axonal Neuropathy: A Large Case Series.,2021,https://www.doi.org/10.1213/XAA.0000000000001539,https://pubmed.ncbi.nlm.nih.gov/34695041
Designer AAV muscle up.,2021,https://www.doi.org/10.1016/j.cell.2021.08.031,https://pubmed.ncbi.nlm.nih.gov/34534462
Myogenic tremor - a novel tremor entity.,2021,https://www.doi.org/10.1097/WCO.0000000000000976,https://pubmed.ncbi.nlm.nih.gov/34292195
Clinical and Molecular Spectrum Associated with COL6A3 c.7447A>G p.(Lys2483Glu) Variant: Elucidating its Role in Collagen VI-related Myopathies.,2021,https://www.doi.org/10.3233/JND-200577,https://pubmed.ncbi.nlm.nih.gov/33749658
Correction to: De novo variants in SNAP25 cause an early-onset developmental and epileptic encephalopathy.,2021,https://www.doi.org/10.1038/s41436-020-01090-w,https://pubmed.ncbi.nlm.nih.gov/33686260
FBXO28 causes developmental and epileptic encephalopathy with profound intellectual disability.,2021,https://www.doi.org/10.1111/epi.16784,https://pubmed.ncbi.nlm.nih.gov/33280099
"250th ENMC International Workshop: Clinical trial readiness in nemaline myopathy 6-8 September 2019, Hoofdorp, the Netherlands.",2020,https://www.doi.org/10.1016/j.nmd.2020.08.356,https://pubmed.ncbi.nlm.nih.gov/32919842
Cardiac MRI identifies valvular and myocardial disease in a subset of ANO5-related muscular dystrophy patients.,2020,https://www.doi.org/10.1016/j.nmd.2020.07.001,https://pubmed.ncbi.nlm.nih.gov/32819793
Mutation-guided vaccine design: A process for developing boosting immunogens for HIV broadly neutralizing antibody induction.,2024,https://www.doi.org/10.1016/j.chom.2024.04.006,https://pubmed.ncbi.nlm.nih.gov/38670093
HCV neutralization goes elite.,2022,https://www.doi.org/10.1016/j.immuni.2022.01.010,https://pubmed.ncbi.nlm.nih.gov/35139349
Antibody Feedback Limits the Expansion of B Cell Responses to Malaria Vaccination but Drives Diversification of the Humoral Response.,2020,https://www.doi.org/10.1016/j.chom.2020.07.001,https://pubmed.ncbi.nlm.nih.gov/32697938
Pre-exposure antibody prophylaxis protects macaques from severe influenza.,2025,https://www.doi.org/10.1126/science.ado6481,https://pubmed.ncbi.nlm.nih.gov/39883776
Protection against SARS-CoV-2 Beta variant in mRNA-1273 vaccine-boosted nonhuman primates.,2021,https://www.doi.org/10.1126/science.abl8912,https://pubmed.ncbi.nlm.nih.gov/34672695
A new life for self-reactive T cell precursors.,2020,https://www.doi.org/10.1038/s41577-020-0277-6,https://pubmed.ncbi.nlm.nih.gov/31959941
Age-related differences in choroid plexus structural integrity are associated with changes in cognition.,2025,https://www.doi.org/10.1186/s12987-025-00749-3,https://pubmed.ncbi.nlm.nih.gov/41413527
Early axonal degeneration linked to clinical decline in Alzheimer's disease progression revealed with diffusion MRI.,2025,https://www.doi.org/10.1172/JCI196638,https://pubmed.ncbi.nlm.nih.gov/41307953
Choroid plexus enlargement in secondary progressive MS: phenotype comparison.,2025,https://www.doi.org/10.1016/j.msard.2025.106832,https://pubmed.ncbi.nlm.nih.gov/41237748
Identifying Pain Subtypes in Patients With Craniofacial Lesions of Fibrous Dysplasia/McCune-Albright Syndrome.,2025,https://www.doi.org/10.1016/j.joms.2024.12.001,https://pubmed.ncbi.nlm.nih.gov/39710366
Metaphyseal sclerosis in a child with a giant cell tumour treated with denosumab.,2023,https://www.doi.org/10.1016/S0140-6736(23)00915-7,https://pubmed.ncbi.nlm.nih.gov/37453752
"Coxa Vara Deformity in Fibrous Dysplasia/McCune-Albright Syndrome: Prevalence, Natural History and Risk Factors: A Two-Center Study.",2023,https://www.doi.org/10.1002/jbmr.4818,https://pubmed.ncbi.nlm.nih.gov/37102469
Determinants of bone density in children with immunoglobulin E-mediated food allergy.,2023,https://www.doi.org/10.1111/all.15696,https://pubmed.ncbi.nlm.nih.gov/36871185
Identification of GNAS Variants in Circulating Cell-Free DNA from Patients with Fibrous Dysplasia/McCune Albright Syndrome.,2023,https://www.doi.org/10.1002/jbmr.4766,https://pubmed.ncbi.nlm.nih.gov/36593655
Skeletal Disease Acquisition in Fibrous Dysplasia: Natural History and Indicators of Lesion Progression in Children.,2022,https://www.doi.org/10.1002/jbmr.4618,https://pubmed.ncbi.nlm.nih.gov/35695414
Fibrous dysplasia animal models: A systematic review.,2022,https://www.doi.org/10.1016/j.bone.2021.116270,https://pubmed.ncbi.nlm.nih.gov/34875396
"Optic disc edema in fibrous dysplasia/McCune-Albright syndrome: Prevalence, etiologies, and clinical implications.",2021,https://www.doi.org/10.1016/j.bone.2020.115661,https://pubmed.ncbi.nlm.nih.gov/32979536
Utility of Optical Coherence Tomography in the Diagnosis and Management of Optic Neuropathy in Patients with Fibrous Dysplasia.,2020,https://www.doi.org/10.1002/jbmr.4129,https://pubmed.ncbi.nlm.nih.gov/32644197
Exome Sequencing to Identify Novel Susceptibility Genes for Nonsyndromic Split-Hand/Ft Malformation: A Report From the National Birth Defects Prevention Study.,2025,https://www.doi.org/10.1002/bdr2.2472,https://pubmed.ncbi.nlm.nih.gov/40304391
SLC25A48 influences plasma levels of choline and localizes to the inner mitochondrial membrane.,2024,https://www.doi.org/10.1016/j.ymgme.2024.108518,https://pubmed.ncbi.nlm.nih.gov/39047301
Getting It Right: How Public Engagement Might (and Might Not) Help Us Determine What Is Equitable in Genomics and Precision Medicine.,2023,https://www.doi.org/10.1080/15265161.2023.2215154,https://pubmed.ncbi.nlm.nih.gov/37339317
A dihydrofolate reductase 2 (DHFR2) variant is associated with risk of neural tube defects in an Irish cohort but not in a United Kingdom cohort.,2021,https://www.doi.org/10.1002/ajmg.a.62090,https://pubmed.ncbi.nlm.nih.gov/33544972
Leveraging-Induced Polarization for Drug Discovery: Efficient IC50 Prediction Using Minimal Features.,2025,https://www.doi.org/10.1021/acs.jcim.5c00076,https://pubmed.ncbi.nlm.nih.gov/40112214
Simulating asymmetric membranes using P2,2024,https://www.doi.org/10.1016/bs.mie.2024.03.013,https://pubmed.ncbi.nlm.nih.gov/39025575
Mapping the Oxygens in the Oxygen-Evolving Complex of Photosystem II by Their Nucleophilicity Using Quantum Descriptors.,2024,https://www.doi.org/10.1021/acs.jctc.3c00926,https://pubmed.ncbi.nlm.nih.gov/38306696
Conformational Fluctuations in β2-Microglubulin Using Markov State Modeling and Molecular Dynamics.,2023,https://www.doi.org/10.1021/acs.jpcb.3c02473,https://pubmed.ncbi.nlm.nih.gov/37527428
The Extended Eighth-Shell method for periodic boundary conditions with rotational symmetry.,2021,https://www.doi.org/10.1002/jcc.26545,https://pubmed.ncbi.nlm.nih.gov/33977553
Determination of van der Waals Parameters Using a Double Exponential Potential for Nonbonded Divalent Metal Cations in TIP3P Solvent.,2021,https://www.doi.org/10.1021/acs.jctc.0c01267,https://pubmed.ncbi.nlm.nih.gov/33503371
Protonation state of the selectivity filter of bacterial voltage-gated sodium channels is modulated by ions.,2020,https://www.doi.org/10.1002/prot.25831,https://pubmed.ncbi.nlm.nih.gov/31589792
The Developmental Landscape of Children With Uveal Coloboma and Its Relationship With Clinical Phenotype and Genetics.,2025,https://www.doi.org/10.1016/j.ajo.2025.11.011,https://pubmed.ncbi.nlm.nih.gov/41248874
"Epidemiology of Coloboma: Prevalence and Patterns in Texas, 1999-2014.",2024,https://www.doi.org/10.1002/bdr2.2413,https://pubmed.ncbi.nlm.nih.gov/39530497
The retinal pigmentation pathway in human albinism: Not so black and white.,2022,https://www.doi.org/10.1016/j.preteyeres.2022.101091,https://pubmed.ncbi.nlm.nih.gov/35729001
Reply.,2021,https://www.doi.org/10.1016/j.ophtha.2021.07.022,https://pubmed.ncbi.nlm.nih.gov/34481669
DNA fiber analyses to study functional importance of helicases and associated factors during replication stress.,2022,https://www.doi.org/10.1016/bs.mie.2022.04.003,https://pubmed.ncbi.nlm.nih.gov/35934474
Methods special issue: DNA and RNA helicases.,2022,https://www.doi.org/10.1016/j.ymeth.2022.07.010,https://pubmed.ncbi.nlm.nih.gov/35853562
Ageing Research Reviews Special Issue dedicated to women in aging research.,2022,https://www.doi.org/10.1016/j.arr.2022.101589,https://pubmed.ncbi.nlm.nih.gov/35158082
DNA helicases and their roles in cancer.,2020,https://www.doi.org/10.1016/j.dnarep.2020.102994,https://pubmed.ncbi.nlm.nih.gov/33137625
Detecting Cry in Daylong Audio Recordings Using Machine Learning: The Development and Evaluation of Binary Classifiers.,2025,https://www.doi.org/10.1177/10731911251395993,https://pubmed.ncbi.nlm.nih.gov/41468386
Advancing the measurement of psychotherapy outcomes for youth with irritability using in vivo ecological momentary assessment: an exploratory observational study.,2025,https://www.doi.org/10.1111/camh.70039,https://pubmed.ncbi.nlm.nih.gov/41059673
Evaluating psychometric validity of ecological momentary assessment for youth irritability.,2025,https://www.doi.org/10.1016/j.jad.2025.119788,https://pubmed.ncbi.nlm.nih.gov/40675262
Dispositional threat sensitivity as a liability for fear-related pathologies: Evidence from a child-aged twin sample.,2025,https://www.doi.org/10.1017/S0954579425000380,https://pubmed.ncbi.nlm.nih.gov/40598794
"Towards implementation of cognitive bias modification in mental health care: State of the science, best practices, and ways forward.",2024,https://www.doi.org/10.1016/j.brat.2024.104557,https://pubmed.ncbi.nlm.nih.gov/38797055
Associations Between Neighborhood Resources and Youths' Response to Reward Omission in a Task Modeling Negatively Biased Environments.,2025,https://www.doi.org/10.1016/j.jaac.2024.05.011,https://pubmed.ncbi.nlm.nih.gov/38763411
Editorial: A Cry for Help: We Need Nonpharmacological Randomized Controlled Trials for Pediatric Irritability.,2023,https://www.doi.org/10.1016/j.jaac.2022.07.009,https://pubmed.ncbi.nlm.nih.gov/35917843
Single-cell profiling of MC1R-inhibited melanocytes.,2024,https://www.doi.org/10.1111/pcmr.13141,https://pubmed.ncbi.nlm.nih.gov/37972124
Cancer regulatory variation.,2021,https://www.doi.org/10.1016/j.gde.2020.11.010,https://pubmed.ncbi.nlm.nih.gov/33422949
Correction to: Overlapping genetic architecture between Parkinson disease and melanoma.,2020,https://www.doi.org/10.1007/s00401-020-02143-9,https://pubmed.ncbi.nlm.nih.gov/32172342
Serum proteomics of insulin resistance disorders distinguish MASLD from lipodystrophy and insulin receptor defects.,2025,https://www.doi.org/10.1210/clinem/dgaf516,https://pubmed.ncbi.nlm.nih.gov/41058075
"Proceedings of the annual meeting of the European Consortium of Lipodystrophies (ECLip) Paris, France, 20-21 May 2025.",2025,https://www.doi.org/10.1016/j.ando.2025.102432,https://pubmed.ncbi.nlm.nih.gov/40749787
Lipodystrophy Severity Score to Assess Disease Burden in Lipodystrophy.,2025,https://www.doi.org/10.1210/clinem/dgaf103,https://pubmed.ncbi.nlm.nih.gov/39970125
Case 10-2024: A 46-Year-Old Woman with Hyperglycemia Refractory to Insulin Therapy.,2024,https://www.doi.org/10.1056/NEJMcpc2312729,https://pubmed.ncbi.nlm.nih.gov/38598578
"Proceedings of the annual meeting of the European Consortium of Lipodystrophies (ECLip), Pisa, Italy, 28-29 September 2023.",2024,https://www.doi.org/10.1016/j.ando.2024.03.002,https://pubmed.ncbi.nlm.nih.gov/38452868
"Divergent pathways of liver fat accumulation, oxidation, and secretion in lipodystrophy versus obesity-associated NAFLD.",2023,https://www.doi.org/10.1111/liv.15707,https://pubmed.ncbi.nlm.nih.gov/37622286
Finding a sweet spot for leptin.,2021,https://www.doi.org/10.1016/j.medj.2021.06.008,https://pubmed.ncbi.nlm.nih.gov/35590217
"Population differences in Merkel cell carcinoma by virus status and anatomic site: A multi-cohort analysis including institutional, SEER, and NCDB data.",2025,https://www.doi.org/10.1016/j.jaad.2025.11.023,https://pubmed.ncbi.nlm.nih.gov/41242630
Clearance of Squamous-Cell Carcinoma by Restoring T-Cell Receptor Signaling. Reply.,2025,https://www.doi.org/10.1056/NEJMc2512150,https://pubmed.ncbi.nlm.nih.gov/41061245
"A multivariable disease-specific model enhances prognostication beyond current Merkel cell carcinoma staging: An international cohort study of 10,958 patients.",2025,https://www.doi.org/10.1016/j.jaad.2024.10.096,https://pubmed.ncbi.nlm.nih.gov/39577698
Immune responses to BK virus in renal transplant recipients receiving IVIG treatment.,2025,https://www.doi.org/10.1093/infdis/jiaf525,https://pubmed.ncbi.nlm.nih.gov/41071936
Insight Into Current BK Polyomavirus Research Efforts: BK Day Meeting 2024.,2025,https://www.doi.org/10.1097/TP.0000000000005437,https://pubmed.ncbi.nlm.nih.gov/40396771
Identification of a new polyomavirus in distinct human populations and tissues.,2023,https://www.doi.org/10.1002/jmv.29197,https://pubmed.ncbi.nlm.nih.gov/37881064
The infraslow fluctuation of sigma power during sleep in young individuals with schizophrenia.,2025,https://www.doi.org/10.1016/j.schres.2025.09.029,https://pubmed.ncbi.nlm.nih.gov/41086780
Leveraging clinical sleep data across multiple pediatric cohorts for insights into neurodevelopment: the retrospective analysis of sleep in Pediatric (RASP) cohorts study.,2025,https://www.doi.org/10.1093/sleep/zsaf157,https://pubmed.ncbi.nlm.nih.gov/40488421
Neurology of Sleep.,2021,https://www.doi.org/10.1016/j.ncl.2021.04.007,https://pubmed.ncbi.nlm.nih.gov/34215391
Sleep neurophysiology in childhood onset schizophrenia.,2021,https://www.doi.org/10.1111/jsr.13039,https://pubmed.ncbi.nlm.nih.gov/32350968
Sonomyography accurately captures joint kinematics during volitional and electrically stimulated motion in healthy adults and an individual with cerebral palsy.,2025,https://www.doi.org/10.1186/s12984-025-01784-9,https://pubmed.ncbi.nlm.nih.gov/41382132
Transposon insertion causes ctnnb2 transcript instability that results in the maternal effect zebrafish ichabod (ich) mutation.,2025,https://www.doi.org/10.1016/j.bbagrm.2025.195104,https://pubmed.ncbi.nlm.nih.gov/40592394
Large-scale generation and phenotypic characterization of zebrafish CRISPR mutants of DNA repair genes.,2021,https://www.doi.org/10.1016/j.dnarep.2021.103173,https://pubmed.ncbi.nlm.nih.gov/34390914
The Genetic Basis of Morphological Diversity in Domesticated Goldfish.,2020,https://www.doi.org/10.1016/j.cub.2020.04.034,https://pubmed.ncbi.nlm.nih.gov/32392470
Thyroid nodules after prenatal exposure to chernobyl radioactive fallout in Belarus.,2026,https://www.doi.org/10.1080/09553002.2025.2588398,https://pubmed.ncbi.nlm.nih.gov/41327539
"Low-dose occupational ionising radiation exposure and gastrointestinal cancer mortality among US radiologic technologists, 1983-2021.",2025,https://www.doi.org/10.1136/oemed-2025-110223,https://pubmed.ncbi.nlm.nih.gov/41276304
"Population differences in Merkel cell carcinoma by virus status and anatomic site: A multi-cohort analysis including institutional, SEER, and NCDB data.",2025,https://www.doi.org/10.1016/j.jaad.2025.11.023,https://pubmed.ncbi.nlm.nih.gov/41242630
Integrated iodine biokinetic models for pregnancy and lactation based on the ICRP reference adult model.,2025,https://www.doi.org/10.1088/1361-6498/ae029e,https://pubmed.ncbi.nlm.nih.gov/40902619
Residential ambient ultraviolet B and ultraviolet A and incidence of keratinocyte carcinoma in the nationwide US Radiologic Technologists cohort.,2025,https://www.doi.org/10.1093/bjd/ljaf206,https://pubmed.ncbi.nlm.nih.gov/40440356
The Effect of Prostate-Specific Antigen (PSA) Test on Radiation Risk Estimate for Prostate Cancer Incidence among Atomic-Bomb Survivors.,2023,https://www.doi.org/10.1667/RADE-22-00089.1,https://pubmed.ncbi.nlm.nih.gov/37141253
Developmental dopamine loss rewires striatal circuits to promote locomotion.,2026,https://www.doi.org/10.1186/s13024-025-00920-2,https://pubmed.ncbi.nlm.nih.gov/41485044
Retraction Note: Parkin and PINK1 mitigate STING-induced inflammation.,2025,https://www.doi.org/10.1038/s41586-025-09346-8,https://pubmed.ncbi.nlm.nih.gov/40739362
"Clinical Characteristics, Management, and Hematopoietic Cell Transplantation of Patients with TLR8 Gain-of-Function.",2025,https://www.doi.org/10.1182/bloodadvances.2025016338,https://pubmed.ncbi.nlm.nih.gov/41370196
A de novo dominant-negative PSMB8 mutation causes severe CANDLE/PRAAS due to arrested proteasome biogenesis.,2025,https://www.doi.org/10.1016/j.ard.2025.10.021,https://pubmed.ncbi.nlm.nih.gov/41253591
Phase 2 trial of rituximab with either pentostatin or bendamustine for multiply relapsed or refractory hairy cell leukemia.,2025,https://www.doi.org/10.1182/blood.2025031243,https://pubmed.ncbi.nlm.nih.gov/41060318
Prolonged Heparin Re-Exposure in a Patient With Previous Heparin-Induced Thrombocytopenia (HIT).,2025,https://www.doi.org/10.1111/ijlh.14552,https://pubmed.ncbi.nlm.nih.gov/40958598
American College of Rheumatology Guidance Statement for Diagnosis and Management of VEXAS Developed by the International VEXAS Working Group Expert Panel.,2025,https://www.doi.org/10.1002/art.43287,https://pubmed.ncbi.nlm.nih.gov/40787890
Clinical Applications of Bone Marrow CD34 Immunohistochemistry (BM CD34 IHC) Assay: International Council for Standardization in Hematology (ICSH) Guidelines.,2025,https://www.doi.org/10.1111/ijlh.14411,https://pubmed.ncbi.nlm.nih.gov/39707804
Diagnostic work-up of hematological malignancies with underlying germline predisposition disorders (GPD).,2023,https://www.doi.org/10.1053/j.semdp.2023.11.004,https://pubmed.ncbi.nlm.nih.gov/37977953
Germline Predisposition to Myeloid Neoplasms: Diagnostic Concepts and Classifications.,2023,https://www.doi.org/10.1016/j.cll.2023.06.004,https://pubmed.ncbi.nlm.nih.gov/37865507
"Clonal Hematopoiesis, Inflammation, and Hematologic Malignancy.",2024,https://www.doi.org/10.1146/annurev-pathmechdis-051222-122724,https://pubmed.ncbi.nlm.nih.gov/37832948
Pediatric myelodysplastic syndrome.,2023,https://www.doi.org/10.1053/j.semdp.2023.04.006,https://pubmed.ncbi.nlm.nih.gov/37173164
"The International Consensus Classification (ICC) of hematologic neoplasms with germline predisposition, pediatric myelodysplastic syndrome, and juvenile myelomonocytic leukemia.",2023,https://www.doi.org/10.1007/s00428-022-03447-9,https://pubmed.ncbi.nlm.nih.gov/36445482
Skin in the game: the emergence of myelodysplasia cutis.,2022,https://www.doi.org/10.1182/blood.2021014788,https://pubmed.ncbi.nlm.nih.gov/35201334
Characteristic bone marrow findings in patients with UBA1 somatic mutations and VEXAS syndrome.,2021,https://www.doi.org/10.1053/j.seminhematol.2021.10.007,https://pubmed.ncbi.nlm.nih.gov/34802541
Somatic Mutations in UBA1 Define a Distinct Subset of Relapsing Polychondritis Patients With VEXAS.,2021,https://www.doi.org/10.1002/art.41743,https://pubmed.ncbi.nlm.nih.gov/33779074
Treating Rosai-Dorfman disease and RAS-associated autoimmune leucoproliferative disorder with malignant transformation.,2021,https://www.doi.org/10.1111/bjh.17258,https://pubmed.ncbi.nlm.nih.gov/33238033
The Landscape of Helicobacter pylori-related Gastric Carcinogenesis.,2024,https://www.doi.org/10.15403/jgld-5959,https://pubmed.ncbi.nlm.nih.gov/39733312
HTLV-1 infection and health outcomes.,2020,https://www.doi.org/10.1016/S1473-3099(20)30043-8,https://pubmed.ncbi.nlm.nih.gov/32222205
Adult Neurogenesis and the Initiation of Social Aggression in Male Mice.,2024,https://www.doi.org/10.1002/hipo.23643,https://pubmed.ncbi.nlm.nih.gov/39376052
Prenatal maternal infection promotes tissue-specific immunity and inflammation in offspring.,2021,https://www.doi.org/10.1126/science.abf3002,https://pubmed.ncbi.nlm.nih.gov/34446580
"Corrigendum to ""Society for Cardiovascular Magnetic Resonance recommendations toward environmentally sustainable cardiovascular magnetic resonance"" [Journal of Cardiovascular Magnetic Resonance 27 (2025) 101840].",2025,https://www.doi.org/10.1016/j.jocmr.2025.101991,https://pubmed.ncbi.nlm.nih.gov/41380354
Coil Sketching for Fast and Efficient 4D Lung MRI Reconstruction.,2025,https://www.doi.org/10.1002/mrm.70169,https://pubmed.ncbi.nlm.nih.gov/41204059
Cardiopulmonary Imaging With 0.55T MRI.,2025,https://www.doi.org/10.1016/j.chest.2024.12.022,https://pubmed.ncbi.nlm.nih.gov/40639887
Evolution of Diffusing Capacity of the Lungs for Carbon Monoxide in Lymphangioleiomyomatosis: Historical Perspectives and the Role of Advanced Imaging.,2025,https://www.doi.org/10.1016/j.chest.2024.11.014,https://pubmed.ncbi.nlm.nih.gov/39580110
Erratum to: Self-gated 3D stack-of-spirals UTE pulmonary imaging at 0.55 T (Magn Reson Med 2022;87:1784-1798).,2022,https://www.doi.org/10.1002/mrm.29392,https://pubmed.ncbi.nlm.nih.gov/35924665
Plasma Transcriptome Profile Associated with Chronic Kidney Disease Progression.,2025,https://www.doi.org/10.1159/000542707,https://pubmed.ncbi.nlm.nih.gov/39694024
Correction to: Functional Analysis of Long Non-Coding RNAs.,2021,https://www.doi.org/10.1007/978-1-0716-1158-6_22,https://pubmed.ncbi.nlm.nih.gov/34647280
A Bioinformatic Pipeline to Integrate GWAS and eQTL Datasets to Identify Disease Relevant Human Long Noncoding RNAs.,2021,https://www.doi.org/10.1007/978-1-0716-1158-6_7,https://pubmed.ncbi.nlm.nih.gov/33326072
Protein Phosphatase 1 Regulatory Subunit PNUTS Prevents CENP-A Mislocalization and Chromosomal Instability.,2025,https://www.doi.org/10.1080/10985549.2025.2487010,https://pubmed.ncbi.nlm.nih.gov/40270285
Uncovering the role of LINE-1 in the evolution of lung adenocarcinoma.,2025,https://www.doi.org/10.1038/s41586-025-09825-y,https://pubmed.ncbi.nlm.nih.gov/41372401
Stratifying lung adenocarcinoma risk with multi-ancestry polygenic risk scores in East Asian never-smokers.,2025,https://www.doi.org/10.1093/jnci/djaf272,https://pubmed.ncbi.nlm.nih.gov/41032288
Occupational exposure to nickel and hexavalent chromium and the risk of lung cancer in a pooled analysis of case-control studies (SYNERGY).,2023,https://www.doi.org/10.1002/ijc.34272,https://pubmed.ncbi.nlm.nih.gov/36054442
Insulin Resistance in Healthy U.S. Adults: Findings from the National Health and Nutrition Examination Survey (NHANES).,2020,https://www.doi.org/10.1158/1055-9965.EPI-19-0206,https://pubmed.ncbi.nlm.nih.gov/31641012
Distinct Amygdala Neuronal Populations Control Opioid Use and Withdrawal in Mice.,2025,https://www.doi.org/10.1016/j.biopsych.2025.08.021,https://pubmed.ncbi.nlm.nih.gov/40935226
Septins provide microenvironment sensing and cortical actomyosin partitioning in motile amoeboid T lymphocytes.,2024,https://www.doi.org/10.1126/sciadv.adi1788,https://pubmed.ncbi.nlm.nih.gov/38170778
Progress and Remaining Opportunities to Increase the Use of Animal-free Antibodies in the USA.,2024,https://www.doi.org/10.1177/02611929241266472,https://pubmed.ncbi.nlm.nih.gov/39044652
An approach to identifying quality research antibodies.,2022,https://www.doi.org/10.2144/btn-2022-0071,https://pubmed.ncbi.nlm.nih.gov/36148881
Mixtures-Inclusive ,2022,https://www.doi.org/10.1021/acs.chemrestox.1c00443,https://pubmed.ncbi.nlm.nih.gov/35549170
Rethinking chronic toxicity and carcinogenicity assessment for agrochemicals project (ReCAAP): A reporting framework to support a weight of evidence safety assessment without long-term rodent bioassays.,2022,https://www.doi.org/10.1016/j.yrtph.2022.105160,https://pubmed.ncbi.nlm.nih.gov/35311659
"Assessing chemical carcinogenicity: hazard identification, classification, and risk assessment. Insight from a Toxicology Forum state-of-the-science workshop.",2021,https://www.doi.org/10.1080/10408444.2021.2003295,https://pubmed.ncbi.nlm.nih.gov/35239444
Opportunities for use of one species for longer-term toxicology testing during drug development: A cross-industry evaluation.,2020,https://www.doi.org/10.1016/j.yrtph.2020.104624,https://pubmed.ncbi.nlm.nih.gov/32126256
An evaluation framework for new approach methodologies (NAMs) for human health safety assessment.,2020,https://www.doi.org/10.1016/j.yrtph.2020.104592,https://pubmed.ncbi.nlm.nih.gov/32017962
Increasing the use of animal-free recombinant antibodies.,2020,https://www.doi.org/10.14573/altex.2001071,https://pubmed.ncbi.nlm.nih.gov/31923318
TLR2 supports γδ T cell IL-17A response to ocular surface commensals by metabolic reprogramming.,2025,https://www.doi.org/10.1084/jem.20251046,https://pubmed.ncbi.nlm.nih.gov/40932624
Matrix molecules associated with both regulation of inflammation and pathogenic outcomes associated with the surface of the lens in the eyes of EAU mice.,2025,https://www.doi.org/10.1016/j.exer.2025.110529,https://pubmed.ncbi.nlm.nih.gov/40684871
Tailored COX-2 Inhibition for Precision Adjuvant Therapy of Localized Metastatic Colon Cancer.,2025,https://www.doi.org/10.1001/jamaoncol.2025.5061,https://pubmed.ncbi.nlm.nih.gov/41343208
Long-term impact of cervical ablation in visual assessment of the squamocolumnar junction: implications for subsequent screening and follow-up.,2025,https://www.doi.org/10.1016/j.ijgc.2025.102717,https://pubmed.ncbi.nlm.nih.gov/41205367
Impact of repeatedly screening negative on cervical cancer risk.,2025,https://www.doi.org/10.1093/jnci/djaf317,https://pubmed.ncbi.nlm.nih.gov/41183123
Oral cancer risk stratification: A cross-sectional population-based screening study in Northeast India.,2025,https://www.doi.org/10.1002/ijc.70160,https://pubmed.ncbi.nlm.nih.gov/40974103
Challenges and Opportunities for Global Cervical Cancer Elimination: How Can We Build a Model for Other Cancers?,2025,https://www.doi.org/10.1200/EDBK-25-473702,https://pubmed.ncbi.nlm.nih.gov/40499075
Prevention and control of HPV-related cancers in people living with HIV.,2025,https://www.doi.org/10.1016/S2352-3018(25)00011-6,https://pubmed.ncbi.nlm.nih.gov/40086453
Associations of obesity with post-treatment risks of cervical precancer and cancer.,2025,https://www.doi.org/10.1016/j.ajog.2024.12.002,https://pubmed.ncbi.nlm.nih.gov/39647654
Stage at diagnosis and survival among adult patients with cancer in Rwanda: A population-based study.,2024,https://www.doi.org/10.1002/ijc.34969,https://pubmed.ncbi.nlm.nih.gov/38888375
A Proposed Framework and Lexicon for Cancer Prevention.,2024,https://www.doi.org/10.1158/2159-8290.CD-23-1492,https://pubmed.ncbi.nlm.nih.gov/38571411
NCI Resources for Cancer Immunoprevention Research.,2024,https://www.doi.org/10.1158/2326-6066.CIR-23-0708,https://pubmed.ncbi.nlm.nih.gov/38562082
The Mulher Study: cervical cancer screening with primary HPV testing in Mozambique.,2023,https://www.doi.org/10.1136/ijgc-2023-004958,https://pubmed.ncbi.nlm.nih.gov/37907263
Multicancer Early Detection: A Promise Yet to Be Proven.,2023,N/A,https://pubmed.ncbi.nlm.nih.gov/36920808
HPV-based Cervical Cancer Screening on Self-samples in the Netherlands: Challenges to Reach Women and Test Performance Questions.,2023,https://www.doi.org/10.1158/1055-9965.EPI-22-1041,https://pubmed.ncbi.nlm.nih.gov/36744312
"Reply to: Comments on ""Meta-analysis of agreement/concordance statistics in studies comparing self- vs clinician-collected samples for HPV testing in cervical cancer screening"".",2022,https://www.doi.org/10.1002/ijc.34013,https://pubmed.ncbi.nlm.nih.gov/35377490
Redefining precision cancer prevention to promote health equity.,2022,https://www.doi.org/10.1016/j.trecan.2022.01.009,https://pubmed.ncbi.nlm.nih.gov/35181273
Meta-analysis of agreement/concordance statistics in studies comparing self- vs clinician-collected samples for HPV testing in cervical cancer screening.,2022,https://www.doi.org/10.1002/ijc.33967,https://pubmed.ncbi.nlm.nih.gov/35179777
Erratum: 2019 ASCCP Risk-Based Management Consensus Guidelines for Abnormal Cervical Cancer Screening Tests and Cancer Precursors.,2021,https://www.doi.org/10.1097/LGT.0000000000000628,https://pubmed.ncbi.nlm.nih.gov/34542089
Reply to: Comments on Cervical cancer prevention in El Salvador: A prospective evaluation of screening and triage strategies incorporating high-resolution microendoscopy to detect cervical precancer.,2021,https://www.doi.org/10.1002/ijc.33586,https://pubmed.ncbi.nlm.nih.gov/33817804
Cost-Effectiveness of Offering Cervical Cancer Screening with HPV Self-Sampling among African-American Women in the Mississippi Delta.,2021,https://www.doi.org/10.1158/1055-9965.EPI-20-1673,https://pubmed.ncbi.nlm.nih.gov/33771846
"A lay health worker intervention to improve breast and cervical cancer screening among Latinas in El Paso, Texas: A randomized control trial.",2021,https://www.doi.org/10.1016/j.ypmed.2021.106446,https://pubmed.ncbi.nlm.nih.gov/33548363
"Given a choice between self-sampling at home for HPV testing and standard of care screening at the clinic, what do African American women choose? Findings from a group randomized controlled trial.",2021,https://www.doi.org/10.1016/j.ypmed.2020.106358,https://pubmed.ncbi.nlm.nih.gov/33338505
"Comparison of immediate colposcopy, repeat conventional cytology and hrHPV testing for the clinical management of ASC-US cytology in routine health services of Medellin, Colombia: The ASCUS-COL Trial.",2020,https://www.doi.org/10.1002/ijc.33318,https://pubmed.ncbi.nlm.nih.gov/33006400
A Pooled Analysis to Compare the Clinical Characteristics of Human Papillomavirus-positive and -Negative Cervical Precancers.,2020,https://www.doi.org/10.1158/1940-6207.CAPR-20-0182,https://pubmed.ncbi.nlm.nih.gov/32655005
A study of the risks of CIN3+ detection after multiple rounds of HPV testing: Results of the 15-year cervical cancer screening experience at Kaiser Permanente Northern California.,2020,https://www.doi.org/10.1002/ijc.32950,https://pubmed.ncbi.nlm.nih.gov/32141607
The cost-effectiveness of human papillomavirus self-collection among cervical cancer screening non-attenders in El Salvador.,2020,https://www.doi.org/10.1016/j.ypmed.2019.105931,https://pubmed.ncbi.nlm.nih.gov/31765712
Current Evidence From the Randomized Controlled Trials Rehabilitation Checklist (RCTRACK) reporting guideline project.,2021,https://www.doi.org/10.1016/j.apmr.2021.04.008,https://pubmed.ncbi.nlm.nih.gov/33991486
Current Evidence From the Randomized Controlled Trials Rehabilitation Checklist (RCTRACK) Reporting Guideline Project.,2021,https://www.doi.org/10.1097/PHM.0000000000001617,https://pubmed.ncbi.nlm.nih.gov/33048892
"Genomic characterization of colorectal tumors: insights into significantly mutated genes, pathways, and survival outcomes.",2025,https://www.doi.org/10.1186/s12885-025-15440-x,https://pubmed.ncbi.nlm.nih.gov/41413856
Microbiome analysis of 940 lung cancers in never-smokers reveals lack of clinically relevant associations.,2025,https://www.doi.org/10.1038/s41467-025-66780-y,https://pubmed.ncbi.nlm.nih.gov/41387456
Uncovering the role of LINE-1 in the evolution of lung adenocarcinoma.,2025,https://www.doi.org/10.1038/s41586-025-09825-y,https://pubmed.ncbi.nlm.nih.gov/41372401
Trends in Childhood and Adolescent Cancer Incidence Rates in the United States between 2001 and 2022.,2025,https://www.doi.org/10.1158/2159-8290.CD-25-1493,https://pubmed.ncbi.nlm.nih.gov/41370847
"Integrating Pathogenic Variants, Polygenic Risk Score, and Family History for Prostate Cancer Risk Estimation in Men of African Ancestry.",2025,https://www.doi.org/10.1016/j.eururo.2025.09.4161,https://pubmed.ncbi.nlm.nih.gov/41219045
Different diabetes types and pancreatic ductal adenocarcinoma: a Mendelian randomization and pathway/gene-set analysis.,2025,https://www.doi.org/10.1093/jnci/djaf308,https://pubmed.ncbi.nlm.nih.gov/41206949
A prognostic signature for lung adenocarcinoma in patients who have never smoked.,2025,https://www.doi.org/10.1158/2159-8290.CD-25-0581,https://pubmed.ncbi.nlm.nih.gov/41165571
Stratifying lung adenocarcinoma risk with multi-ancestry polygenic risk scores in East Asian never-smokers.,2025,https://www.doi.org/10.1093/jnci/djaf272,https://pubmed.ncbi.nlm.nih.gov/41032288
Author Correction: Genetic drivers and cellular selection of female mosaic X chromosome loss.,2024,https://www.doi.org/10.1038/s41586-024-08215-0,https://pubmed.ncbi.nlm.nih.gov/39627447
Polygenic Risk Score and Lung Adenocarcinoma Risk Among Never-Smokers by EGFR Mutation Status: A Brief Report.,2025,https://www.doi.org/10.1016/j.jtho.2024.11.019,https://pubmed.ncbi.nlm.nih.gov/39581378
Health diplomacy in action: The cancer legacy of the Good Friday Agreement.,2023,https://www.doi.org/10.1016/j.jcpo.2023.100448,https://pubmed.ncbi.nlm.nih.gov/37839622
Correction: Distinct germline genetic susceptibility profiles identified for common non-Hodgkin lymphoma subtypes.,2023,https://www.doi.org/10.1038/s41375-023-01978-x,https://pubmed.ncbi.nlm.nih.gov/37666943
How the germline informs the somatic landscape.,2021,https://www.doi.org/10.1038/s41588-021-00960-6,https://pubmed.ncbi.nlm.nih.gov/34741161
Publisher Correction: Trans-ancestry genome-wide association meta-analysis of prostate cancer identifies new susceptibility loci and informs genetic risk prediction.,2021,https://www.doi.org/10.1038/s41588-021-00786-2,https://pubmed.ncbi.nlm.nih.gov/33473200
Cross-Cancer Genome-Wide Association Study of Endometrial Cancer and Epithelial Ovarian Cancer Identifies Genetic Risk Regions Associated with Risk of Both Cancers.,2021,https://www.doi.org/10.1158/1055-9965.EPI-20-0739,https://pubmed.ncbi.nlm.nih.gov/33144283
"Predicting Lung Cancer Occurrence in Never-Smoking Females in Asia: TNSF-SQ, a Prediction Model.",2020,https://www.doi.org/10.1158/1055-9965.EPI-19-1221,https://pubmed.ncbi.nlm.nih.gov/31848206
Oral cancer risk stratification: A cross-sectional population-based screening study in Northeast India.,2025,https://www.doi.org/10.1002/ijc.70160,https://pubmed.ncbi.nlm.nih.gov/40974103
Representative oral microbiome data for the US population: the National Health and Nutrition Examination Survey.,2023,https://www.doi.org/10.1016/S2666-5247(22)00333-0,https://pubmed.ncbi.nlm.nih.gov/36455567
"Reply to ""Age-specific versus age-adjusted rates for the evaluation of the impact of the sex on cancer morbidity"".",2023,https://www.doi.org/10.1002/cncr.34568,https://pubmed.ncbi.nlm.nih.gov/36426985
IARC Perspective on Oral Cancer Prevention.,2022,https://www.doi.org/10.1056/NEJMsr2210097,https://pubmed.ncbi.nlm.nih.gov/36378601
The Current Burden of Oropharyngeal Cancer: A Global Assessment Based on GLOBOCAN 2020.,2022,https://www.doi.org/10.1158/1055-9965.EPI-22-0642,https://pubmed.ncbi.nlm.nih.gov/36173880
"Exclusive use of different types of tobacco products, exposure to secondhand tobacco smoke and risk of subtypes of head and neck cancer among Indian males.",2023,https://www.doi.org/10.1002/ijc.34258,https://pubmed.ncbi.nlm.nih.gov/36054453
The Evolving Epidemiology of Oral Cavity and Oropharyngeal Cancers.,2022,https://www.doi.org/10.1158/0008-5472.CAN-22-2124,https://pubmed.ncbi.nlm.nih.gov/35971675
Real-World HPV Vaccine Effectiveness Studies: Guideposts for Interpretation of Current and Future Studies.,2021,https://www.doi.org/10.1093/jnci/djab081,https://pubmed.ncbi.nlm.nih.gov/33876237
Herd Protection Against Oral HPV Infection-Reply.,2020,https://www.doi.org/10.1001/jama.2019.19727,https://pubmed.ncbi.nlm.nih.gov/32016305
A convenient single-cell assay for the newly synthesized transcriptome reveals FLI1 regulon downregulation during T cell activation.,2025,https://www.doi.org/10.1016/j.crmeth.2025.101252,https://pubmed.ncbi.nlm.nih.gov/41406971
CCR8,2025,https://www.doi.org/10.1126/sciimmunol.ado2463,https://pubmed.ncbi.nlm.nih.gov/40249828
TGF-β and Cancer Immunotherapy.,2022,https://www.doi.org/10.1248/bpb.b21-00966,https://pubmed.ncbi.nlm.nih.gov/35110501
Day-specific standard for fetal growth percentiles in the Eunice Kennedy Shriver National Institute of Child Health and Human Development Fetal Growth Studies-Singletons.,2025,https://www.doi.org/10.1016/j.ajog.2025.10.008,https://pubmed.ncbi.nlm.nih.gov/41109501
A comment on Revisiting Hadlock.,2025,https://www.doi.org/10.1016/j.ajog.2025.06.058,https://pubmed.ncbi.nlm.nih.gov/40602587
"Effect of Dupilumab on Blood Eosinophil Counts in Patients With Asthma, Chronic Rhinosinusitis With Nasal Polyps, Atopic Dermatitis, or Eosinophilic Esophagitis.",2022,https://www.doi.org/10.1016/j.jaip.2022.05.019,https://pubmed.ncbi.nlm.nih.gov/35636689
Correction: Regulation of cancer stem cell activity by thyroid hormone receptor β.,2024,https://www.doi.org/10.1038/s41388-024-03106-0,https://pubmed.ncbi.nlm.nih.gov/39020073
Cell fusion in osteoclastogenesis.,2025,https://www.doi.org/10.1042/BST20253131,https://pubmed.ncbi.nlm.nih.gov/41416904
Phosphatidylserine exposure and annexin A5 weaken the actin cortex in osteoclast fusion.,2026,https://www.doi.org/10.1083/jcb.202508055,https://pubmed.ncbi.nlm.nih.gov/41329165
Evidence for Neuroinvasive Lassa Virus Infection in Pediatric Patients: Initial Findings and Implications.,2025,https://www.doi.org/10.1093/infdis/jiaf548,https://pubmed.ncbi.nlm.nih.gov/41288136
Author Correction: SARS-CoV-2 reservoir in post-acute sequelae of COVID-19 (PASC).,2023,https://www.doi.org/10.1038/s41590-023-01646-3,https://pubmed.ncbi.nlm.nih.gov/37723351
Surviving Sepsis Campaign Guidelines on the Management of Adults With Coronavirus Disease 2019 (COVID-19) in the ICU: First Update.,2021,https://www.doi.org/10.1097/CCM.0000000000004899,https://pubmed.ncbi.nlm.nih.gov/33555780
Structures of invertebrate PEZO-1 isoforms with a compact architecture and a dispensable pore-distal N-terminal blade.,2025,https://www.doi.org/10.1016/j.celrep.2025.116878,https://pubmed.ncbi.nlm.nih.gov/41477764
Trigeminal ganglion neurons are directly activated by influx of CSF solutes in a migraine model.,2024,https://www.doi.org/10.1126/science.adl0544,https://pubmed.ncbi.nlm.nih.gov/38963846
Painspotting.,2023,https://www.doi.org/10.1016/j.neuron.2023.08.026,https://pubmed.ncbi.nlm.nih.gov/37734319
PIEZO2 ion channels in proprioception.,2022,https://www.doi.org/10.1016/j.conb.2022.102572,https://pubmed.ncbi.nlm.nih.gov/35689908
Impact of repeatedly screening negative on cervical cancer risk.,2025,https://www.doi.org/10.1093/jnci/djaf317,https://pubmed.ncbi.nlm.nih.gov/41183123
Oral cancer risk stratification: A cross-sectional population-based screening study in Northeast India.,2025,https://www.doi.org/10.1002/ijc.70160,https://pubmed.ncbi.nlm.nih.gov/40974103
Comparison of Underlying Risk of Lung Cancer Developing and Death Resulting in Screened Populations.,2025,https://www.doi.org/10.1016/j.chest.2025.08.015,https://pubmed.ncbi.nlm.nih.gov/40912293
Associations of obesity with post-treatment risks of cervical precancer and cancer.,2025,https://www.doi.org/10.1016/j.ajog.2024.12.002,https://pubmed.ncbi.nlm.nih.gov/39647654
Two-phase designs with failure time processes subject to nonsusceptibility.,2024,https://www.doi.org/10.1093/biomtc/ujad038,https://pubmed.ncbi.nlm.nih.gov/38446442
Use of risk-based cervical screening programs in resource-limited settings.,2023,https://www.doi.org/10.1016/j.canep.2023.102369,https://pubmed.ncbi.nlm.nih.gov/37105017
Absolute and relative risk estimation in the presence of outcome ascertainment gaps and competing risks.,2023,https://www.doi.org/10.1002/sim.9668,https://pubmed.ncbi.nlm.nih.gov/36705055
Multigenerational VHL family characterized by pathogenic germline ELOC variant: Response to belzutifan.,2025,https://www.doi.org/10.1016/j.urolonc.2025.10.009,https://pubmed.ncbi.nlm.nih.gov/41224595
How to Judge Failure: Defining Treatment Resistance to Anti-VEGF Therapy in Exudative Maculopathies-A Systematic Scoping Review.,2025,https://www.doi.org/10.1016/j.oret.2025.10.006,https://pubmed.ncbi.nlm.nih.gov/41101497
"Zinc in eye health, retinal biology and disease.",2025,https://www.doi.org/10.1016/j.preteyeres.2025.101404,https://pubmed.ncbi.nlm.nih.gov/40976557
Deep Learning-Based Detection of Reticular Pseudodrusen in Age-Related Macular Degeneration.,2025,https://www.doi.org/10.1111/ceo.14607,https://pubmed.ncbi.nlm.nih.gov/40922557
Cell-Based Ciliary Neurotrophic Factor Therapy for Macular Telangiectasia Type 2.,2025,https://www.doi.org/10.1056/EVIDoa2400481,https://pubmed.ncbi.nlm.nih.gov/40693847
Visual Field Changes in Diabetic Retinopathy: Natural History and after Pan-Retinal Photocoagulation in the Diabetic Retinopathy Study and the ETDRS.,2025,https://www.doi.org/10.1016/j.oret.2025.04.021,https://pubmed.ncbi.nlm.nih.gov/40345532
Foselutoclax (UBX1325) for Diabetic Macular Edema - A Potential Novel Therapy?,2025,https://www.doi.org/10.1056/EVIDe2500004,https://pubmed.ncbi.nlm.nih.gov/40261115
Corrigendum.,2025,https://www.doi.org/10.1016/j.ophtha.2024.12.032,https://pubmed.ncbi.nlm.nih.gov/39986707
Determinants of Four-Year Visual Acuity Loss in Geographic Atrophy: An Analysis of Age-Related Eye Disease Study and Age-Related Eye Disease Study 2.,2025,https://www.doi.org/10.1016/j.ophtha.2025.01.028,https://pubmed.ncbi.nlm.nih.gov/39921001
Prevalence and risk factors for the development of chronic postoperative pain after cataract surgery in the Age-related Eye Disease Study (AREDS).,2025,https://www.doi.org/10.1016/j.jpain.2025.104790,https://pubmed.ncbi.nlm.nih.gov/39826679
Oral Hypoxia-Inducible Factor 2α Inhibitor Belzutifan in Ocular von Hippel-Lindau Disease: Subgroup Analysis of the Single-Arm Phase 2 LITESPARK-004 Study.,2024,https://www.doi.org/10.1016/j.ophtha.2024.05.024,https://pubmed.ncbi.nlm.nih.gov/38849055
Increasing concentrations of intravitreal therapies for neovascular age-related macular degeneration.,2024,https://www.doi.org/10.1016/S0140-6736(24)00229-0,https://pubmed.ncbi.nlm.nih.gov/38461839
Consensus Guidelines for Ocular Surveillance of von Hippel-Lindau Disease.,2024,https://www.doi.org/10.1016/j.ophtha.2023.12.014,https://pubmed.ncbi.nlm.nih.gov/38092079
Complement inhibitors for the treatment of geographic atrophy.,2023,https://www.doi.org/10.1016/S0140-6736(23)01844-5,https://pubmed.ncbi.nlm.nih.gov/37865456
REPLY.,2023,https://www.doi.org/10.1016/j.ophtha.2023.03.016,https://pubmed.ncbi.nlm.nih.gov/37115125
Gene-level association analysis of bivariate ordinal traits with functional regressions.,2023,https://www.doi.org/10.1002/gepi.22524,https://pubmed.ncbi.nlm.nih.gov/37101379
Does Diet Play a Role in Glaucoma?,2023,https://www.doi.org/10.1016/j.ophtha.2023.02.014,https://pubmed.ncbi.nlm.nih.gov/36997392
Hyperreflective Foci in Age-Related Macular Degeneration are Associated with Disease Severity and Functional Impairment.,2023,https://www.doi.org/10.1016/j.oret.2022.11.006,https://pubmed.ncbi.nlm.nih.gov/36403926
The Predictive Value of False-Positive ForeseeHome Alerts in the ALOFT Study.,2023,https://www.doi.org/10.1016/j.oret.2022.10.009,https://pubmed.ncbi.nlm.nih.gov/36280205
Evaluation of Cone- and Rod-Mediated Parameters in Dark Adaptation Testing as Outcome Measures in Age-Related Macular Degeneration.,2022,https://www.doi.org/10.1016/j.oret.2022.05.018,https://pubmed.ncbi.nlm.nih.gov/35643387
Reply.,2022,https://www.doi.org/10.1016/j.oret.2021.12.002,https://pubmed.ncbi.nlm.nih.gov/35393078
Reply.,2022,https://www.doi.org/10.1016/j.ophtha.2022.02.014,https://pubmed.ncbi.nlm.nih.gov/35379480
Comparison of agents using higher dose anti-VEGF therapy for treatment-resistant neovascular age-related macular degeneration.,2022,https://www.doi.org/10.1007/s00417-021-05547-9,https://pubmed.ncbi.nlm.nih.gov/35092447
Identification and inference for subgroups with differential treatment efficacy from randomized controlled trials with survival outcomes through multiple testing.,2021,https://www.doi.org/10.1002/sim.9196,https://pubmed.ncbi.nlm.nih.gov/34542190
Reply.,2021,https://www.doi.org/10.1016/j.ophtha.2021.04.011,https://pubmed.ncbi.nlm.nih.gov/33985839
Gene-based analysis of bi-variate survival traits via functional regressions with applications to eye diseases.,2021,https://www.doi.org/10.1002/gepi.22381,https://pubmed.ncbi.nlm.nih.gov/33645812
Adherence to the Mediterranean Diet and Progression to Late Age-Related Macular Degeneration in the Age-Related Eye Disease Studies 1 and 2.,2020,https://www.doi.org/10.1016/j.ophtha.2020.04.030,https://pubmed.ncbi.nlm.nih.gov/32348832
What Is Cerebral/Cortical Visual Impairment and Why Do We Need a New Definition?,2024,https://www.doi.org/10.1016/j.ophtha.2024.09.011,https://pubmed.ncbi.nlm.nih.gov/39572127
Accelerating Care: A Roadmap to Interoperable Ophthalmic Imaging Standards in the United States.,2024,https://www.doi.org/10.1016/j.ophtha.2023.10.001,https://pubmed.ncbi.nlm.nih.gov/37978977
Reply.,2022,https://www.doi.org/10.1016/j.ophtha.2022.01.026,https://pubmed.ncbi.nlm.nih.gov/35256216
Reply.,2022,https://www.doi.org/10.1016/j.ophtha.2021.10.020,https://pubmed.ncbi.nlm.nih.gov/34844763
Assessment and management of retinopathy of prematurity in the era of anti-vascular endothelial growth factor (VEGF).,2022,https://www.doi.org/10.1016/j.preteyeres.2021.101018,https://pubmed.ncbi.nlm.nih.gov/34763060
A multidisciplinary approach to mucormycosis.,2024,https://www.doi.org/10.1016/j.jinf.2024.106214,https://pubmed.ncbi.nlm.nih.gov/38955247
Forging international collaboration and alliances to establish the largest transplant center in the north of Vietnam.,2023,https://www.doi.org/10.1053/j.seminhematol.2023.08.003,https://pubmed.ncbi.nlm.nih.gov/37723024
Concurrent transposon engineering and CRISPR/Cas9 genome editing of primary CLL-1 chimeric antigen receptor-natural killer cells.,2022,https://www.doi.org/10.1016/j.jcyt.2022.07.008,https://pubmed.ncbi.nlm.nih.gov/36050244
Harnessing natural killer cells for the treatment of multiple myeloma.,2022,https://www.doi.org/10.1053/j.seminoncol.2022.01.004,https://pubmed.ncbi.nlm.nih.gov/35125241
Haematopoietic stem cell transplant patients have a high initial failure rate to hepatitis B vaccination that can be overcome with subsequent vaccination series.,2022,https://www.doi.org/10.1111/bjh.17991,https://pubmed.ncbi.nlm.nih.gov/34881432
GZMK,2025,https://www.doi.org/10.1016/j.ard.2025.08.014,https://pubmed.ncbi.nlm.nih.gov/41162286
Investigation of Lysosome-Associated Membrane Protein 3 Highlighting the Role of Lysosome in Pathophysiology and Treatment of Sjögren Disease.,2025,https://www.doi.org/10.1002/art.43347,https://pubmed.ncbi.nlm.nih.gov/40757483
"Correction: Endoplasmic reticulum stress in the salivary glands of patients with primary and associated Sjögren's disease, and non-Sjögren's sicca syndrome: a comparative analysis and the influence of chloroquine.",2025,https://www.doi.org/10.1186/s42358-025-00436-9,https://pubmed.ncbi.nlm.nih.gov/39838498
Association of G protein-coupled receptor 78 with salivary dysfunction in male Sjögren's patients.,2024,https://www.doi.org/10.1111/odi.14506,https://pubmed.ncbi.nlm.nih.gov/36652502
Multigenerational VHL family characterized by pathogenic germline ELOC variant: Response to belzutifan.,2025,https://www.doi.org/10.1016/j.urolonc.2025.10.009,https://pubmed.ncbi.nlm.nih.gov/41224595
Systematic Cavernous Sinus Exploration Combined With Early Hormonal Assessment in Cushing Disease.,2025,https://www.doi.org/10.1227/neu.0000000000003709,https://pubmed.ncbi.nlm.nih.gov/40879393
Selfie-Induced Diagnostic Challenge in Horner Syndrome.,2023,https://www.doi.org/10.1001/jamaneurol.2023.3884,https://pubmed.ncbi.nlm.nih.gov/37902734
High penetrance rare variants underlying familial lung cancer risk: Insights from genetic epidemiology of lung cancer consortium.,2025,https://www.doi.org/10.1016/j.jtho.2025.12.004,https://pubmed.ncbi.nlm.nih.gov/41390056
Uncovering the role of LINE-1 in the evolution of lung adenocarcinoma.,2025,https://www.doi.org/10.1038/s41586-025-09825-y,https://pubmed.ncbi.nlm.nih.gov/41372401
Genetic determinants of gene expression noise and its role in complex trait variation.,2025,https://www.doi.org/10.1016/j.celrep.2025.116612,https://pubmed.ncbi.nlm.nih.gov/41275498
Stratifying lung adenocarcinoma risk with multi-ancestry polygenic risk scores in East Asian never-smokers.,2025,https://www.doi.org/10.1093/jnci/djaf272,https://pubmed.ncbi.nlm.nih.gov/41032288
Polygenic Risk Score and Lung Adenocarcinoma Risk Among Never-Smokers by EGFR Mutation Status: A Brief Report.,2025,https://www.doi.org/10.1016/j.jtho.2024.11.019,https://pubmed.ncbi.nlm.nih.gov/39581378
A qualitative exploration of cigar smoking beliefs by type among U.S. susceptible Black young adults.,2025,https://www.doi.org/10.1016/j.drugalcdep.2025.112828,https://pubmed.ncbi.nlm.nih.gov/40845735
"Corrigendum to ""Correlates of tobacco product initiation among youth and young adults between waves 1-4 of the population assessment of tobacco and Health (PATH) study (2013-2018)"" [Addict. Behav. 134 (2022) 107396].",2025,https://www.doi.org/10.1016/j.addbeh.2025.108343,https://pubmed.ncbi.nlm.nih.gov/40148165
Cumulative cigarette discount coupon exposure and trajectories of cigarette smoking: a longitudinal analysis in US adults.,2024,https://www.doi.org/10.1136/tc-2022-057801,https://pubmed.ncbi.nlm.nih.gov/37015744
Enhancement of drug delivery through fibroblast activation protein-targeted near-infrared photoimmunotherapy.,2025,https://www.doi.org/10.1172/jci.insight.195776,https://pubmed.ncbi.nlm.nih.gov/41424387
Artificial intelligence-based lesion characterization and outcome prediction of prostate cancer on [,2026,https://www.doi.org/10.1016/j.radonc.2025.111265,https://pubmed.ncbi.nlm.nih.gov/41202884
National Cancer Institute's Working Group on Biochemically Recurrent Prostate Cancer: Clinical Trial Design Considerations.,2025,https://www.doi.org/10.1200/JCO-25-01693,https://pubmed.ncbi.nlm.nih.gov/41129763
Assessing Quality and Adherence to PI-RADSv2.1 Minimum Technical Standards of Prostate MRI in NRG-GU005.,2025,https://www.doi.org/10.1002/jmri.70142,https://pubmed.ncbi.nlm.nih.gov/41063518
Automated detection and characterization of small cell lung cancer liver metastasis on computed tomography.,2025,https://www.doi.org/10.4274/dir.2025.253310,https://pubmed.ncbi.nlm.nih.gov/41049163
Predicting ADC map quality from T2-weighted MRI: A deep learning approach for early quality assessment to assist point-of-care.,2025,https://www.doi.org/10.1016/j.ejrad.2025.112317,https://pubmed.ncbi.nlm.nih.gov/40690835
Evaluating Artificial Intelligence-Assisted Prostate Biparametric MRI Interpretation: An International Multireader Study.,2025,https://www.doi.org/10.2214/AJR.24.32399,https://pubmed.ncbi.nlm.nih.gov/40668633
Glypican-3 as a Radiotheranostic Target for Neuroendocrine Prostate Cancer.,2025,https://www.doi.org/10.1016/j.eururo.2025.05.007,https://pubmed.ncbi.nlm.nih.gov/40404528
Assessing the Impact of Transition and Peripheral Zone PSA Densities Over Whole-Gland PSA Density for Prostate Cancer Detection on Multiparametric MRI.,2025,https://www.doi.org/10.1002/pros.24863,https://pubmed.ncbi.nlm.nih.gov/39996409
Comparative Kidney Uptake of Nanobody-Based PET Tracers Labeled with Various Fluorine-18-Labeled Prosthetic Groups.,2025,https://www.doi.org/10.1021/acs.molpharmaceut.4c01101,https://pubmed.ncbi.nlm.nih.gov/39680709
Use of PROMISE criteria on PSMA-PET for prediction of overall survival in prostate cancer.,2024,https://www.doi.org/10.1016/S1470-2045(24)00339-5,https://pubmed.ncbi.nlm.nih.gov/39089300
Near-infrared Photoimmunotherapy Targeting Cancer-Associated Fibroblasts in Patient-Derived Xenografts Using a Humanized Anti-Fibroblast Activation Protein Antibody.,2024,https://www.doi.org/10.1158/1535-7163.MCT-23-0527,https://pubmed.ncbi.nlm.nih.gov/38638034
PI-RADS Version 2.0 Versus Version 2.1: Comparison of Prostate Cancer Gleason Grade Upgrade and Downgrade Rates From MRI-Targeted Biopsy to Radical Prostatectomy.,2024,https://www.doi.org/10.2214/AJR.23.29964,https://pubmed.ncbi.nlm.nih.gov/37729551
A Novel Magnetic Resonance Imaging/Ultrasound Fusion Prostate Biopsy Technique Using Transperineal Ultrasound: An Initial Experience.,2023,https://www.doi.org/10.1016/j.urology.2023.06.036,https://pubmed.ncbi.nlm.nih.gov/37572884
A Brief Review of Artificial Intelligence in Genitourinary Oncological Imaging.,2023,https://www.doi.org/10.1177/08465371221135782,https://pubmed.ncbi.nlm.nih.gov/36515576
PET of Fibroblast-Activation Protein for Cancer Staging: What We Know and What We Need to Learn.,2022,https://www.doi.org/10.1148/radiol.220742,https://pubmed.ncbi.nlm.nih.gov/35579528
Tracking of NK Cells by Positron Emission Tomography Using ,2022,https://www.doi.org/10.1007/978-1-0716-2160-8_11,https://pubmed.ncbi.nlm.nih.gov/35344173
Future applications of and prospects for near-IR photoimmunotherapy: benefits and differences compared with photodynamic and photothermal therapy.,2021,https://www.doi.org/10.2217/imt-2021-0216,https://pubmed.ncbi.nlm.nih.gov/34514846
Risk of adverse pathology at prostatectomy in the era of MRI and targeted biopsies; rethinking active surveillance for intermediate risk prostate cancer patients.,2021,https://www.doi.org/10.1016/j.urolonc.2021.02.018,https://pubmed.ncbi.nlm.nih.gov/33736975
Reply by Authors.,2021,https://www.doi.org/10.1097/JU.0000000000001547.03,https://pubmed.ncbi.nlm.nih.gov/33705228
Tuberous Sclerosis Complex (TSC): Renal and Extrarenal Imaging.,2022,https://www.doi.org/10.1016/j.acra.2020.12.019,https://pubmed.ncbi.nlm.nih.gov/33487538
Role of ,2021,https://www.doi.org/10.2214/AJR.20.24711,https://pubmed.ncbi.nlm.nih.gov/33206564
Update on Hereditary Renal Cancer and Imaging Implications.,2020,https://www.doi.org/10.1016/j.rcl.2020.04.003,https://pubmed.ncbi.nlm.nih.gov/32792126
"PI-QUAL, a New System for Evaluating Prostate Magnetic Resonance Imaging Quality: Is Beauty in the Eye of the Beholder?",2020,https://www.doi.org/10.1016/j.euo.2020.07.003,https://pubmed.ncbi.nlm.nih.gov/32739439
Can Molecular Imaging Measure T-cell Activation?,2020,https://www.doi.org/10.1158/0008-5472.CAN-20-1146,https://pubmed.ncbi.nlm.nih.gov/32669349
What You Need to Know Before Reading Multiparametric MRI for Prostate Cancer.,2020,https://www.doi.org/10.2214/AJR.19.22751,https://pubmed.ncbi.nlm.nih.gov/32255689
Positron emission tomography (PET) radiotracers for prostate cancer imaging.,2020,https://www.doi.org/10.1007/s00261-020-02427-4,https://pubmed.ncbi.nlm.nih.gov/32047993
Optimum Imaging Strategies for Advanced Prostate Cancer: ASCO Guideline.,2020,https://www.doi.org/10.1200/JCO.19.02757,https://pubmed.ncbi.nlm.nih.gov/31940221
,2020,https://www.doi.org/10.1038/s41585-019-0255-6,https://pubmed.ncbi.nlm.nih.gov/31676885
Noradrenergic modulation of stress induced catecholamine release: Opposing influence of FG7142 and yohimbine.,2025,https://www.doi.org/10.1016/j.pnpbp.2025.111314,https://pubmed.ncbi.nlm.nih.gov/40054569
Resistance to broadly neutralizing antibodies in perinatally infected infants from a Clade C HIV cohort in Mozambique.,2025,https://www.doi.org/10.1097/QAD.0000000000004318,https://pubmed.ncbi.nlm.nih.gov/41235655
Correlations among quantitative assays that measure the size of HIV reservoirs in people with HIV receiving antiretroviral therapy.,2025,https://www.doi.org/10.1097/QAD.0000000000004297,https://pubmed.ncbi.nlm.nih.gov/41000038
HIV vaccines induce CD8,2023,https://www.doi.org/10.1126/science.adg0514,https://pubmed.ncbi.nlm.nih.gov/38096385
Effect of aging on immune cells in male HIV-infected and -uninfected healthy individuals.,2022,https://www.doi.org/10.1097/QAD.0000000000003331,https://pubmed.ncbi.nlm.nih.gov/35848591
Distinct mechanisms of long-term virologic control in two HIV-infected individuals after treatment interruption of anti-retroviral therapy.,2021,https://www.doi.org/10.1038/s41591-021-01503-6,https://pubmed.ncbi.nlm.nih.gov/34711975
Editorial overview.,2025,https://www.doi.org/10.1016/j.sbi.2025.103185,https://pubmed.ncbi.nlm.nih.gov/41202638
Maximum Likelihood Analysis of Diffusing Molecules with Conformational Dynamics in Single-Molecule FRET.,2025,https://www.doi.org/10.1021/acs.jpcb.4c07985,https://pubmed.ncbi.nlm.nih.gov/39965193
Single-Molecule Characterization of Heterogeneous Oligomer Formation during Co-Aggregation of 40- and 42-Residue Amyloid-β.,2024,https://www.doi.org/10.1021/jacs.4c06372,https://pubmed.ncbi.nlm.nih.gov/39177153
Unraveling Burst Selection Bias in Single-Molecule FRET of Species with Unequal Brightness and Diffusivity.,2024,https://www.doi.org/10.1021/acs.jpcb.4c01178,https://pubmed.ncbi.nlm.nih.gov/38833567
Kinetics of amyloid β from deep learning.,2021,https://www.doi.org/10.1038/s43588-020-00010-x,https://pubmed.ncbi.nlm.nih.gov/38217150
Microfibrous Extracellular Matrix Changes the Liver Hepatocyte Energy Metabolism via Integrins.,2020,https://www.doi.org/10.1021/acsbiomaterials.0c01311,https://pubmed.ncbi.nlm.nih.gov/33320566
The Concise Guide to PHARMACOLOGY 2025/26: Nuclear hormone receptors.,2025,https://www.doi.org/10.1111/bph.70232,https://pubmed.ncbi.nlm.nih.gov/41461582
The Concise Guide to PHARMACOLOGY 2025/26: Introduction and Other Protein Targets.,2025,https://www.doi.org/10.1111/bph.70229,https://pubmed.ncbi.nlm.nih.gov/41461576
The Concise Guide to PHARMACOLOGY 2023/24: Introduction and Other Protein Targets.,2023,https://www.doi.org/10.1111/bph.16176,https://pubmed.ncbi.nlm.nih.gov/38123153
The Concise Guide to PHARMACOLOGY 2023/24: Nuclear hormone receptors.,2023,https://www.doi.org/10.1111/bph.16179,https://pubmed.ncbi.nlm.nih.gov/38123152
Selective Depletion of Gut Gram-Negative Bacteria Attenuates Alcohol Binge-Induced Cardiovascular Dysfunction by Lowering Cardiac Anandamide Levels.,2026,https://www.doi.org/10.1016/j.ajpath.2025.10.010,https://pubmed.ncbi.nlm.nih.gov/41205808
"Leveraging Peripheral CB1 Antagonism in 1,4,5,6-Tetrahydropyridazine-Based Amidine Substituted Sulfonyl Analogs for Treating Metabolic Disorders.",2025,https://www.doi.org/10.1021/acs.jmedchem.5c01158,https://pubmed.ncbi.nlm.nih.gov/41074851
Sex differences in endocannabinoid and inflammatory markers associated with posttraumatic stress disorder.,2025,https://www.doi.org/10.1016/j.pnpbp.2025.111501,https://pubmed.ncbi.nlm.nih.gov/40967565
Choline and CCL22 Are Prognostic Blood Biomarkers for Hermansky-Pudlak Syndrome Pulmonary Fibrosis.,2025,https://www.doi.org/10.1165/rcmb.2024-0628OC,https://pubmed.ncbi.nlm.nih.gov/40720784
Blockade of cannabinoid CB,2025,https://www.doi.org/10.1111/bph.70118,https://pubmed.ncbi.nlm.nih.gov/40650347
Evaluation of tetrahydropyridazine-based peripherally restricted dual inhibitors of CB1R and inducible nitric oxide synthase (iNOS) for treating metabolic syndrome disorders.,2025,https://www.doi.org/10.1016/j.metabol.2025.156291,https://pubmed.ncbi.nlm.nih.gov/40368157
"Cannabinoformins: Designing Biguanide-Embedded, Orally Available, Peripherally Selective Cannabinoid-1 Receptor Antagonists for Metabolic Syndrome Disorders.",2023,https://www.doi.org/10.1021/acs.jmedchem.3c00599,https://pubmed.ncbi.nlm.nih.gov/37611316
"Synthesis, Biological Evaluation, and Molecular Modeling Studies of 3,4-Diarylpyrazoline Series of Compounds as Potent, Nonbrain Penetrant Antagonists of Cannabinoid-1 (CB",2022,https://www.doi.org/10.1021/acs.jmedchem.1c01836,https://pubmed.ncbi.nlm.nih.gov/35084860
Targeting Endocannabinoid System in Epilepsy: For Good or for Bad.,2022,https://www.doi.org/10.1016/j.neuroscience.2021.12.013,https://pubmed.ncbi.nlm.nih.gov/34923038
National Cancer Institute's Working Group on Biochemically Recurrent Prostate Cancer: Clinical Trial Design Considerations.,2025,https://www.doi.org/10.1200/JCO-25-01693,https://pubmed.ncbi.nlm.nih.gov/41129763
Interleukin-13 Receptor Subunit Alpha 2 Induces Chemokine Expression and Macrophage Polarization to Promote Inflammation and Fibrosis.,2025,https://www.doi.org/10.1016/j.ijrobp.2024.11.103,https://pubmed.ncbi.nlm.nih.gov/39672516
Methods to assess radiation-induced fibrosis in mice.,2023,https://www.doi.org/10.1016/bs.mcb.2023.02.013,https://pubmed.ncbi.nlm.nih.gov/37890925
Radiation-induced pulmonary fibrosis: roles of therapy-induced senescence and microRNAs.,2023,https://www.doi.org/10.1080/09553002.2023.2177768,https://pubmed.ncbi.nlm.nih.gov/36763093
Triple-Resonance NMR Experiments for Assignment of Asparagine and Glutamine Side-Chain NH,2025,https://www.doi.org/10.1002/cphc.202500630,https://pubmed.ncbi.nlm.nih.gov/41139430
A Closed-Form Expression for Analysis of Dark State Exchange Saturation Transfer (DEST) NMR Experiments.,2024,https://www.doi.org/10.1021/acs.jpclett.4c02509,https://pubmed.ncbi.nlm.nih.gov/39465986
Theory and Applications of Nitroxide-based Paramagnetic Cosolutes for Probing Intermolecular and Electrostatic Interactions on Protein Surfaces.,2022,https://www.doi.org/10.1021/jacs.2c10035,https://pubmed.ncbi.nlm.nih.gov/36346613
Editorial overview - Biophysical methods: 'Seeing is believing'.,2021,https://www.doi.org/10.1016/j.sbi.2021.08.005,https://pubmed.ncbi.nlm.nih.gov/34518097
CXCL9 as a novel prognostic marker to identify high-risk adults with hemophagocytic lymphohistiocytosis.,2025,https://www.doi.org/10.1182/blood.2025030976,https://pubmed.ncbi.nlm.nih.gov/41369611
Further Personalizing Medicine in Immune Disorders: Genomic Findings and Hematopoietic Cell Transplantation Survival.,2026,https://www.doi.org/10.1097/TP.0000000000005504,https://pubmed.ncbi.nlm.nih.gov/40739694
Prophylactic and Therapeutic EBV Vaccination.,2025,https://www.doi.org/10.1007/82_2025_308,https://pubmed.ncbi.nlm.nih.gov/40478309
The path to prevention of multiple sclerosis: Considerations for Epstein-Barr virus vaccine-based prevention studies.,2025,https://www.doi.org/10.1177/13524585251340812,https://pubmed.ncbi.nlm.nih.gov/40415641
Structural basis for complement receptor engagement and virus neutralization through Epstein-Barr virus gp350.,2025,https://www.doi.org/10.1016/j.immuni.2025.01.010,https://pubmed.ncbi.nlm.nih.gov/39909035
"Interferon alfa-2b in patients with low-grade lymphomatoid granulomatosis and chemotherapy with DA-EPOCH-R in patients with high-grade lymphomatoid granulomatosis: an open-label, single-centre, phase 2 trial.",2023,https://www.doi.org/10.1016/S2352-3026(23)00029-7,https://pubmed.ncbi.nlm.nih.gov/37011643
"Corrigendum to ""Epstein-Barr virus (EBV) hyperimmune globulin isolated from donors with high gp350 antibody titers protect humanized mice from challenge with EBV"" [Virology 561 (2021) 80-86].",2022,https://www.doi.org/10.1016/j.virol.2022.01.007,https://pubmed.ncbi.nlm.nih.gov/35065446
Cingulate and striatal hubs are linked to early skill learning.,2025,https://www.doi.org/10.1016/j.neuroimage.2025.121566,https://pubmed.ncbi.nlm.nih.gov/41175946
Applied strategies of neuroplasticity.,2023,https://www.doi.org/10.1016/B978-0-323-98817-9.00011-9,https://pubmed.ncbi.nlm.nih.gov/37620093
Combined low-frequency brain oscillatory activity and behavior predict future errors in human motor skill.,2023,https://www.doi.org/10.1016/j.cub.2023.06.040,https://pubmed.ncbi.nlm.nih.gov/37442139
Breaking the boundaries of interacting with the human brain using adaptive closed-loop stimulation.,2022,https://www.doi.org/10.1016/j.pneurobio.2022.102311,https://pubmed.ncbi.nlm.nih.gov/35750290
Reward and plasticity: Implications for neurorehabilitation.,2022,https://www.doi.org/10.1016/B978-0-12-819410-2.00018-7,https://pubmed.ncbi.nlm.nih.gov/35034746
Phase-dependent offline enhancement of human motor memory.,2021,https://www.doi.org/10.1016/j.brs.2021.05.009,https://pubmed.ncbi.nlm.nih.gov/34048939
Crowdsourcing in Cognitive and Systems Neuroscience.,2022,https://www.doi.org/10.1177/10738584211017018,https://pubmed.ncbi.nlm.nih.gov/34032146
Phase-dependent transcranial magnetic stimulation of the lesioned hemisphere is accurate after stroke.,2020,https://www.doi.org/10.1016/j.brs.2020.07.005,https://pubmed.ncbi.nlm.nih.gov/32687898
Tracking Germline Stem Cell Dynamics In Vivo in C. elegans Using Photoconversion.,2020,https://www.doi.org/10.1007/7651_2019_225,https://pubmed.ncbi.nlm.nih.gov/30989507
CDK4 inhibition reduces proliferation and mineralization in MAP2K1+ melorheostosis: opening a pathway to treatment.,2025,https://www.doi.org/10.1093/jbmr/zjaf186,https://pubmed.ncbi.nlm.nih.gov/41395834
Prologue: Spondyloarthritis Unmet Research Needs Conference IV.,2024,https://www.doi.org/10.3899/jrheum.2024-0933,https://pubmed.ncbi.nlm.nih.gov/39448249
Acute cytokine treatment stimulates glucose uptake and glycolysis in human keratinocytes.,2023,https://www.doi.org/10.1016/j.cyto.2022.156057,https://pubmed.ncbi.nlm.nih.gov/36208532
Survey of current practices in the management of anti-TNF failure in juvenile spondyloarthritis.,2022,https://www.doi.org/10.55563/clinexprheumatol/gyrtjo,https://pubmed.ncbi.nlm.nih.gov/35485412
Consensus-driven conceptual development of a standardized whole body-MRI scoring system for assessment of disease activity in juvenile idiopathic arthritis: MRI in JIA OMERACT working group.,2021,https://www.doi.org/10.1016/j.semarthrit.2021.07.017,https://pubmed.ncbi.nlm.nih.gov/34465447
Publisher Correction: Biological classification of childhood arthritis: roadmap to a molecular nomenclature.,2021,https://www.doi.org/10.1038/s41584-021-00610-5,https://pubmed.ncbi.nlm.nih.gov/33782593
Somatic Mutations in UBA1 Define a Distinct Subset of Relapsing Polychondritis Patients With VEXAS.,2021,https://www.doi.org/10.1002/art.41743,https://pubmed.ncbi.nlm.nih.gov/33779074
CD225 Proteins: A Family Portrait of Fusion Regulators.,2021,https://www.doi.org/10.1016/j.tig.2021.01.004,https://pubmed.ncbi.nlm.nih.gov/33518406
Incorporation of 5-methylcytidine alleviates RIG-I-mediated innate immune responses to a self-amplifying RNA vaccine.,2025,https://www.doi.org/10.1126/scitranslmed.adz2276,https://pubmed.ncbi.nlm.nih.gov/41223248
A multidonor class of highly glycan-dependent HIV-1 gp120-gp41 interface-targeting broadly neutralizing antibodies.,2024,https://www.doi.org/10.1016/j.celrep.2024.115010,https://pubmed.ncbi.nlm.nih.gov/39675002
HIV vaccines induce CD8,2023,https://www.doi.org/10.1126/science.adg0514,https://pubmed.ncbi.nlm.nih.gov/38096385
Color vision.,2021,https://www.doi.org/10.1016/B978-0-12-821377-3.00005-2,https://pubmed.ncbi.nlm.nih.gov/33832674
Differential microglial responses to structurally distinct alpha-synuclein polymorphs.,2025,https://www.doi.org/10.1186/s13041-025-01256-0,https://pubmed.ncbi.nlm.nih.gov/41351016
Regulation of LRRK2 activity by metabolic stress and heavy metal exposure.,2025,https://www.doi.org/10.1016/j.brainres.2025.149785,https://pubmed.ncbi.nlm.nih.gov/40523461
Large structural variants in KOLF2.1J are unlikely to compromise neurological disease modeling.,2024,https://www.doi.org/10.1016/j.stem.2024.02.006,https://pubmed.ncbi.nlm.nih.gov/38458177
Hallmarks of neurodegenerative diseases.,2023,https://www.doi.org/10.1016/j.cell.2022.12.032,https://pubmed.ncbi.nlm.nih.gov/36803602
Pathology in the Parkinson's Progression Markers Initiative; a Finale but also a start.,2022,https://www.doi.org/10.1016/j.parkreldis.2022.07.015,https://pubmed.ncbi.nlm.nih.gov/35922274
Can Leucine-Rich Repeat Kinase 2 Inhibition Benefit GBA-Parkinson's Disease?,2020,https://www.doi.org/10.1002/mds.28029,https://pubmed.ncbi.nlm.nih.gov/32415718
Pathways of protein synthesis and degradation in PD pathogenesis.,2020,https://www.doi.org/10.1016/bs.pbr.2020.01.002,https://pubmed.ncbi.nlm.nih.gov/32247365
"Cultural contributions to adults' self-rated mental health problems and strengths: 7 culture clusters, 28 societies, 16 906 adults.",2023,https://www.doi.org/10.1017/S0033291723001332,https://pubmed.ncbi.nlm.nih.gov/37203460
Broad-spectrum antiviral brincidofovir inhibits Epstein-Barr virus and related gammaherpesvirus in human and nonhuman primate cells.,2025,https://www.doi.org/10.1172/JCI195764,https://pubmed.ncbi.nlm.nih.gov/41289155
The written symbol digit modalities test in multiple sclerosis is sensitive to cognitive and motor disability.,2025,https://www.doi.org/10.1016/j.msard.2025.106501,https://pubmed.ncbi.nlm.nih.gov/40424731
Checkpoint inhibitors for the treatment of JC virus-related progressive multifocal leukoencephalopathy.,2020,https://www.doi.org/10.1016/j.coviro.2020.02.005,https://pubmed.ncbi.nlm.nih.gov/32279025
Epigenetic attenuation of interferon signaling is associated with aging-related improvements in systemic lupus erythematosus.,2025,https://www.doi.org/10.1126/scitranslmed.adt5550,https://pubmed.ncbi.nlm.nih.gov/40561001
A human monoclonal antibody targeting α-Gal ameliorates experimental cutaneous leishmaniasis.,2025,https://www.doi.org/10.1093/infdis/jiaf350,https://pubmed.ncbi.nlm.nih.gov/40591906
Author Correction: Increased circulation time of Plasmodium falciparum underlies persistent asymptomatic infection in the dry season.,2022,https://www.doi.org/10.1038/s41591-022-01947-4,https://pubmed.ncbi.nlm.nih.gov/35927582
Assessment of Plasmodium falciparum Antigen-Specific B Cells.,2022,https://www.doi.org/10.1007/978-1-0716-2189-9_52,https://pubmed.ncbi.nlm.nih.gov/35881384
Cisplatin Differentially Damages Mammalian Vestibular End Organs.,2025,https://www.doi.org/10.1097/AUD.0000000000001772,https://pubmed.ncbi.nlm.nih.gov/41469892
Hear and Now: Ongoing Clinical Trials to Prevent Drug-Induced Hearing Loss.,2024,https://www.doi.org/10.1146/annurev-pharmtox-033123-114106,https://pubmed.ncbi.nlm.nih.gov/37562496
Building and Investigating Digital Health Technologies to Promote Health Equity.,2024,https://www.doi.org/10.1089/cyber.2024.56894.ged,https://pubmed.ncbi.nlm.nih.gov/39671520
"MetaChrome: an open-source, user-friendly tool for automated metaphase chromosome analysis.",2025,https://www.doi.org/10.1016/j.ymeth.2025.12.013,https://pubmed.ncbi.nlm.nih.gov/41475630
A tribute to 40 years of CENP-A & centromere pioneer Bill Earnshaw.,2025,https://www.doi.org/10.1007/s00412-025-00833-5,https://pubmed.ncbi.nlm.nih.gov/40632196
New voices in epigenetics.,2023,https://www.doi.org/10.1007/s00412-023-00805-7,https://pubmed.ncbi.nlm.nih.gov/37419962
The life and times of the nucleus.,2021,https://www.doi.org/10.1007/s00412-021-00765-w,https://pubmed.ncbi.nlm.nih.gov/34850272
Diving into Chromatin across Space and Time.,2021,https://www.doi.org/10.1016/j.jmb.2021.166884,https://pubmed.ncbi.nlm.nih.gov/33621519
Sonomyography accurately captures joint kinematics during volitional and electrically stimulated motion in healthy adults and an individual with cerebral palsy.,2025,https://www.doi.org/10.1186/s12984-025-01784-9,https://pubmed.ncbi.nlm.nih.gov/41382132
Where's the Evidence? Challenging Therapists to Stop Legitimizing Dynamic Movement Intervention and Cuevas Medek Exercises.,2026,https://www.doi.org/10.1097/PEP.0000000000001261,https://pubmed.ncbi.nlm.nih.gov/40982705
The E-words for promoting development and neuroplasticity for infants with or at high risk for cerebral palsy.,2026,https://www.doi.org/10.1111/dmcn.16477,https://pubmed.ncbi.nlm.nih.gov/40847471
Should the use of international guidelines for early detection of cerebral palsy be required for clinical trials?,2025,https://www.doi.org/10.1111/dmcn.16348,https://pubmed.ncbi.nlm.nih.gov/40518683
Real-world evidence of intervention effectiveness for implementation in low-resource settings.,2025,https://www.doi.org/10.1111/dmcn.16128,https://pubmed.ncbi.nlm.nih.gov/39402689
"Bobath, NeuroDevelopmental Therapy, and clinical science: Rebranding versus rigor.",2024,https://www.doi.org/10.1111/dmcn.15844,https://pubmed.ncbi.nlm.nih.gov/38214960
Implementation of Early Detection and Intervention for Cerebral Palsy in High-Risk Infant Follow-Up Programs: U.S. and Global Considerations.,2023,https://www.doi.org/10.1016/j.clp.2022.11.005,https://pubmed.ncbi.nlm.nih.gov/36868710
"The effects of power exercises on body structure and function, activity and participation in children with cerebral palsy: an ICF-based systematic review.",2023,https://www.doi.org/10.1080/09638288.2022.2138575,https://pubmed.ncbi.nlm.nih.gov/36314560
Early identification and intervention in developmental coordination disorder: lessons for and from cerebral palsy.,2021,https://www.doi.org/10.1111/dmcn.14829,https://pubmed.ncbi.nlm.nih.gov/33686677
"Reliability of Admission Procalcitonin Testing for Capturing Bacteremia Across the Sepsis Spectrum: Real-World Utilization and Performance Characteristics, 65 U.S. Hospitals, 2008-2017.",2023,https://www.doi.org/10.1097/CCM.0000000000005968,https://pubmed.ncbi.nlm.nih.gov/37395622
"In critically ill patients with COVID-19, antiplatelet therapy did not increase organ support-free days at 21 d.",2022,https://www.doi.org/10.7326/J22-0046,https://pubmed.ncbi.nlm.nih.gov/35785539
Adjunctive clindamycin therapy in invasive β-haemolytic streptococcal infections - Authors' reply.,2021,https://www.doi.org/10.1016/S1473-3099(21)00259-0,https://pubmed.ncbi.nlm.nih.gov/34051182
Tracing the origin of everything.,2022,https://www.doi.org/10.1016/j.cell.2022.11.015,https://pubmed.ncbi.nlm.nih.gov/36493749
Early axonal degeneration linked to clinical decline in Alzheimer's disease progression revealed with diffusion MRI.,2025,https://www.doi.org/10.1172/JCI196638,https://pubmed.ncbi.nlm.nih.gov/41307953
Short-term 24h dietary recalls from observational studies cannot support claims on mortality.,2025,https://www.doi.org/10.1016/j.dsx.2025.103316,https://pubmed.ncbi.nlm.nih.gov/41218440
Regulation of LRRK2 activity by metabolic stress and heavy metal exposure.,2025,https://www.doi.org/10.1016/j.brainres.2025.149785,https://pubmed.ncbi.nlm.nih.gov/40523461
Is taurine an aging biomarker?,2025,https://www.doi.org/10.1126/science.adl2116,https://pubmed.ncbi.nlm.nih.gov/40472098
The ongoing challenge of slowing ageing through drug discovery.,2025,https://www.doi.org/10.1080/17460441.2025.2482063,https://pubmed.ncbi.nlm.nih.gov/40099655
The repeated bout effect evokes the training-induced skeletal muscle cellular memory.,2024,https://www.doi.org/10.1016/j.freeradbiomed.2024.09.047,https://pubmed.ncbi.nlm.nih.gov/39343184
CYB5R3 overexpression exhibits sexual dimorphism: Mitochondrial and metabolic adaptations in transgenic female mice during calorie restriction.,2024,https://www.doi.org/10.1016/j.freeradbiomed.2024.07.034,https://pubmed.ncbi.nlm.nih.gov/39069267
Molecular mechanisms of cancer cachexia. Role of exercise training.,2024,https://www.doi.org/10.1016/j.mam.2024.101293,https://pubmed.ncbi.nlm.nih.gov/39059039
Sex-specific metabolic adaptations in transgenic mice overexpressing cytochrome b,2023,https://www.doi.org/10.1016/j.freeradbiomed.2023.07.012,https://pubmed.ncbi.nlm.nih.gov/37463636
Cyb5r3-based mechanism and reversal of secondary failure to sulfonylurea in diabetes.,2023,https://www.doi.org/10.1126/scitranslmed.abq4126,https://pubmed.ncbi.nlm.nih.gov/36724243
Preclinical frailty assessments: Phenotype and frailty index identify frailty in different mice and are variably affected by chronic medications.,2022,https://www.doi.org/10.1016/j.exger.2022.111700,https://pubmed.ncbi.nlm.nih.gov/35032570
Can we make drug discovery targeting fundamental mechanisms of aging a reality?,2022,https://www.doi.org/10.1080/17460441.2022.1993818,https://pubmed.ncbi.nlm.nih.gov/34678116
"Branched chain amino acids, aging and age-related health.",2020,https://www.doi.org/10.1016/j.arr.2020.101198,https://pubmed.ncbi.nlm.nih.gov/33132154
"Effects of Intermittent Fasting on Health, Aging, and Disease. Reply.",2020,https://www.doi.org/10.1056/NEJMc2001176,https://pubmed.ncbi.nlm.nih.gov/32348665
A Central Role for the Gasotransmitter H,2020,https://www.doi.org/10.1016/j.cmet.2019.11.015,https://pubmed.ncbi.nlm.nih.gov/31951564
Author Correction: Identification of genetic elements that autonomously determine DNA methylation states.,2025,https://www.doi.org/10.1038/s41588-025-02185-3,https://pubmed.ncbi.nlm.nih.gov/40205079
Enhancers navigate the three-dimensional genome to direct cell fate decisions.,2021,https://www.doi.org/10.1016/j.sbi.2021.06.005,https://pubmed.ncbi.nlm.nih.gov/34280668
A Zinc Finger Transcription Factor Faithfully Dedicated to Only a Single Target Gene in Erythroid Cells.,2021,https://www.doi.org/10.1016/j.molcel.2020.12.023,https://pubmed.ncbi.nlm.nih.gov/33482089
Degradation and translation of maternal mRNA for embryogenesis.,2024,https://www.doi.org/10.1016/j.tig.2023.12.008,https://pubmed.ncbi.nlm.nih.gov/38262796
Reduced female fertility due to sequestration of RNA Pol II by pervasive transcription in exosome RNase-depleted oocytes.,2023,https://www.doi.org/10.1016/j.celrep.2023.113247,https://pubmed.ncbi.nlm.nih.gov/37831603
Chromatin remodeling of prostaglandin signaling in smooth muscle enables mouse embryo passage through the female reproductive tract.,2023,https://www.doi.org/10.1016/j.devcel.2023.08.025,https://pubmed.ncbi.nlm.nih.gov/37714160
Genomic determinants of antibiotic resistance for Helicobacter pylori treatment: a retrospective phenotypic and genotypic observational study.,2026,https://www.doi.org/10.1016/j.lanmic.2025.101217,https://pubmed.ncbi.nlm.nih.gov/41453373
Within-Host Evolution of Bacterial Pathogens in Acute and Chronic Infection.,2024,https://www.doi.org/10.1146/annurev-pathmechdis-051122-111408,https://pubmed.ncbi.nlm.nih.gov/37832940
Adjunctive clindamycin therapy in invasive β-haemolytic streptococcal infections - Authors' reply.,2021,https://www.doi.org/10.1016/S1473-3099(21)00259-0,https://pubmed.ncbi.nlm.nih.gov/34051182
Genome-Scale Transcript Analyses of Human Neutrophils.,2020,https://www.doi.org/10.1007/978-1-0716-0154-9_21,https://pubmed.ncbi.nlm.nih.gov/31728999
Isolation of Neutrophils from Nonhuman Species.,2020,https://www.doi.org/10.1007/978-1-0716-0154-9_4,https://pubmed.ncbi.nlm.nih.gov/31728982
The Role of Neutrophils in the Immune System: An Overview.,2020,https://www.doi.org/10.1007/978-1-0716-0154-9_1,https://pubmed.ncbi.nlm.nih.gov/31728979
A mouse model engineered to spatiotemporally control Cre expression in progesterone receptor positive cells†.,2025,https://www.doi.org/10.1093/biolre/ioaf090,https://pubmed.ncbi.nlm.nih.gov/40407141
A memorial tribute to DR. KOJI YOSHINAGA.,2023,https://www.doi.org/10.1093/biolre/ioad155,https://pubmed.ncbi.nlm.nih.gov/37971363
Guiding principles for the use of knowledge bases and real-world data in clinical decision support systems: report by an international expert workshop at Karolinska Institutet.,2020,https://www.doi.org/10.1080/17512433.2020.1805314,https://pubmed.ncbi.nlm.nih.gov/32990065
Hereditary Cancer Syndromes-A Broader Clinical Spectrum Than Previously Understood?-Reply.,2022,https://www.doi.org/10.1001/jamaoncol.2022.3779,https://pubmed.ncbi.nlm.nih.gov/36048450
The U.S. National Library of Medicine's Impact on Precision and Genomic Medicine.,2022,https://www.doi.org/10.3233/SHTI210983,https://pubmed.ncbi.nlm.nih.gov/35102830
Combined inhibition of polyamine biosynthesis and uptake blocks ,2025,https://www.doi.org/10.1128/mbio.03524-25,https://pubmed.ncbi.nlm.nih.gov/41378910
Yeast reconstituted translation assays for analysis of eIF5A function.,2025,https://www.doi.org/10.1016/bs.mie.2025.01.076,https://pubmed.ncbi.nlm.nih.gov/40382135
Unpaired mesh-to-image translation for 3D fluorescent microscopy images of neurons.,2023,https://www.doi.org/10.1016/j.media.2023.102768,https://pubmed.ncbi.nlm.nih.gov/36857945
Representation and inclusion among members and affiliates of the Society for Epidemiologic Research: findings from the 2021 diversity and inclusion survey.,2025,https://www.doi.org/10.1093/aje/kwae104,https://pubmed.ncbi.nlm.nih.gov/38863127
Profiling of Environmental Mixtures Containing Metals for Their Toxicity Pathways and Mechanism of Action.,2025,https://www.doi.org/10.1021/acs.est.4c07995,https://pubmed.ncbi.nlm.nih.gov/40047063
Novel reporter constructs to accelerate antiviral and therapeutic discovery for Enterovirus-A71.,2025,https://www.doi.org/10.1016/j.antiviral.2025.106094,https://pubmed.ncbi.nlm.nih.gov/39900143
C1q enables influenza hemagglutinin stem binding antibodies to block viral attachment and broadens the antibody escape repertoire.,2024,https://www.doi.org/10.1126/sciimmunol.adj9534,https://pubmed.ncbi.nlm.nih.gov/38517951
"Combinatorial screen with apoptosis pathway targeted agents alrizomadlin, pelcitoclax, and dasminapant in multi-cell type tumor spheroids.",2025,https://www.doi.org/10.1016/j.slasd.2025.100230,https://pubmed.ncbi.nlm.nih.gov/40210129
Format (2D vs 3D) and media effect target expression and response of patient-derived and standard NSCLC lines to EGFR inhibitors.,2021,https://www.doi.org/10.1016/j.ctarc.2021.100463,https://pubmed.ncbi.nlm.nih.gov/34601320
Inflammatory modalities shape the IgA repertoire via stochastic processes.,2025,https://www.doi.org/10.1016/j.celrep.2025.116307,https://pubmed.ncbi.nlm.nih.gov/40966088
"Functional, immunogenetic, and structural convergence in influenza immunity between humans and macaques.",2025,https://www.doi.org/10.1126/scitranslmed.ady3570,https://pubmed.ncbi.nlm.nih.gov/40929243
The XBB.1.5 COVID-19 vaccine elicits a durable antibody response to ancestral and XBB.1.5 SARS-CoV-2 spike proteins.,2025,https://www.doi.org/10.1126/scitranslmed.adu8067,https://pubmed.ncbi.nlm.nih.gov/40901926
The KP.2-adapted COVID-19 vaccine improves neutralising activity against the XEC variant.,2025,https://www.doi.org/10.1016/S1473-3099(25)00007-6,https://pubmed.ncbi.nlm.nih.gov/39900094
A multispecific antibody against SARS-CoV-2 prevents immune escape in vitro and confers prophylactic protection in vivo.,2024,https://www.doi.org/10.1126/scitranslmed.ado9026,https://pubmed.ncbi.nlm.nih.gov/39383243
Immunological imprinting shapes the specificity of human antibody responses against SARS-CoV-2 variants.,2024,https://www.doi.org/10.1016/j.immuni.2024.02.017,https://pubmed.ncbi.nlm.nih.gov/38490198
Publisher Correction: A non-human primate model for human norovirus infection.,2024,https://www.doi.org/10.1038/s41564-024-01636-7,https://pubmed.ncbi.nlm.nih.gov/38360987
Adjuvanted SARS-CoV-2 spike protein vaccination elicits long-lived plasma cells in nonhuman primates.,2024,https://www.doi.org/10.1126/scitranslmed.add5960,https://pubmed.ncbi.nlm.nih.gov/38170789
Predicting the impact of COVID-19 non-pharmaceutical intervention on short- and medium-term dynamics of enterovirus D68 in the US.,2024,https://www.doi.org/10.1016/j.epidem.2023.100736,https://pubmed.ncbi.nlm.nih.gov/38118274
Safety and virologic impact of the IL-15 superagonist N-803 in people living with HIV: a phase 1 trial.,2022,https://www.doi.org/10.1038/s41591-021-01651-9,https://pubmed.ncbi.nlm.nih.gov/35102335
Protection against SARS-CoV-2 Beta variant in mRNA-1273 vaccine-boosted nonhuman primates.,2021,https://www.doi.org/10.1126/science.abl8912,https://pubmed.ncbi.nlm.nih.gov/34672695
Clonotypic architecture of a Gag-specific CD8+ T-cell response in chronic human HIV-2 infection.,2021,https://www.doi.org/10.1002/eji.202048931,https://pubmed.ncbi.nlm.nih.gov/34369597
Developmental and comparative immunology single-cell transcriptome analysis of the B-cell repertoire reveals the usage of immunoglobulins in the gray short-tailed opossum (Monodelphis domestica).,2021,https://www.doi.org/10.1016/j.dci.2021.104141,https://pubmed.ncbi.nlm.nih.gov/34038789
The molecular assembly of the marsupial γμ T cell receptor defines a third T cell lineage.,2021,https://www.doi.org/10.1126/science.abe7070,https://pubmed.ncbi.nlm.nih.gov/33766885
'Rinse and Replace': Boosting T Cell Turnover To Reduce HIV-1 Reservoirs.,2020,https://www.doi.org/10.1016/j.it.2020.04.003,https://pubmed.ncbi.nlm.nih.gov/32414695
IL-7: Comprehensive review.,2022,https://www.doi.org/10.1016/j.cyto.2022.156049,https://pubmed.ncbi.nlm.nih.gov/36201890
Joost J. Oppenheim (1934-2022).,2022,https://www.doi.org/10.1038/s41590-022-01256-5,https://pubmed.ncbi.nlm.nih.gov/35835963
Mutations that collaborate with IL-7Ra signaling pathways to drive ALL.,2021,https://www.doi.org/10.1016/j.jbior.2021.100788,https://pubmed.ncbi.nlm.nih.gov/33578108
A genome-wide association study of buccal mucosa cancer in India and multi-ancestry meta-analysis discovers risk loci and gene-environment interactions.,2025,https://www.doi.org/10.1016/j.ebiom.2025.106042,https://pubmed.ncbi.nlm.nih.gov/41318233
Different diabetes types and pancreatic ductal adenocarcinoma: a Mendelian randomization and pathway/gene-set analysis.,2025,https://www.doi.org/10.1093/jnci/djaf308,https://pubmed.ncbi.nlm.nih.gov/41206949
Expanding scope of genetic studies in the era of biobanks.,2025,https://www.doi.org/10.1093/hmg/ddaf054,https://pubmed.ncbi.nlm.nih.gov/40312842
A New Dimension in Tumor Heterogeneity: Intratumoral Bacteria Impact Multifocal Hepatocellular Carcinoma Development.,2025,https://www.doi.org/10.1158/2159-8290.CD-25-0899,https://pubmed.ncbi.nlm.nih.gov/40755027
Towards enhancing the predictive value of the microbiota for cancer immunotherapy.,2024,https://www.doi.org/10.1016/j.trecan.2024.07.007,https://pubmed.ncbi.nlm.nih.gov/39089931
"Comparative Analysis of CRISPR-Cas9, lentiviral transduction, and base editing for sickle cell disease in a murine model.",2025,https://www.doi.org/10.1182/bloodadvances.2025017321,https://pubmed.ncbi.nlm.nih.gov/41150843
Bioconverted red ginseng protects liver functions and alters insulin homeostasis-associated gut microbiome composition in aged mice.,2025,https://www.doi.org/10.1016/j.tjnut.2025.101310,https://pubmed.ncbi.nlm.nih.gov/41478594
Age-related differences in choroid plexus structural integrity are associated with changes in cognition.,2025,https://www.doi.org/10.1186/s12987-025-00749-3,https://pubmed.ncbi.nlm.nih.gov/41413527
Early axonal degeneration linked to clinical decline in Alzheimer's disease progression revealed with diffusion MRI.,2025,https://www.doi.org/10.1172/JCI196638,https://pubmed.ncbi.nlm.nih.gov/41307953
Precise Visualization of Insulin Receptors A and B in Murine Brain with an RNA In Situ Hybridization Assay.,2025,https://www.doi.org/10.3791/68677,https://pubmed.ncbi.nlm.nih.gov/40758680
Liraglutide for Children 6 to <12 Years of Age with Obesity.,2025,https://www.doi.org/10.1056/NEJMc2503084,https://pubmed.ncbi.nlm.nih.gov/40334167
"Qualitative and quantitative lipidomic profiling of cardiolipin, oxidized cardiolipin, and monolysocardiolipin from human skeletal muscle by UPLC-Orbitrap-MS",2025,https://www.doi.org/10.1016/j.aca.2025.343825,https://pubmed.ncbi.nlm.nih.gov/40155162
Design of peptide-based PAC1 antagonists combining molecular dynamics simulations and a biologically relevant cell-based assay.,2025,https://www.doi.org/10.1016/j.bcp.2025.117300,https://pubmed.ncbi.nlm.nih.gov/40912373
Advances in peptide modulation in systems physiology.,2023,https://www.doi.org/10.1111/jne.13345,https://pubmed.ncbi.nlm.nih.gov/37840371
"RegPep2021, a confluence of new data, concepts, and perspectives in regulatory peptide biology, physiology, pharmacology, and neuroendocrinology.",2022,https://www.doi.org/10.1111/jne.13183,https://pubmed.ncbi.nlm.nih.gov/35924684
Editorial for RegPep2020 special issue.,2021,https://www.doi.org/10.1111/jne.13009,https://pubmed.ncbi.nlm.nih.gov/34309094
Microglial synaptic pruning on axon initial segment spines of dentate granule cells: Sexually dimorphic effects of early-life stress and consequences for adult fear response.,2021,https://www.doi.org/10.1111/jne.12969,https://pubmed.ncbi.nlm.nih.gov/33890333
Regulatory peptides and systems biology: A new era of translational and reverse-translational neuroendocrinology.,2020,https://www.doi.org/10.1111/jne.12844,https://pubmed.ncbi.nlm.nih.gov/32307768
Three-dimensional mapping of tyrosine hydroxylase in the transparent brain and adrenal of prenatal and pre-weaning mice: Comprehensive methodological flowchart and quantitative aspects of 3D mapping.,2020,https://www.doi.org/10.1016/j.jneumeth.2020.108596,https://pubmed.ncbi.nlm.nih.gov/32035089
VGLUT-VGAT expression delineates functionally specialised populations of vasopressin-containing neurones including a glutamatergic perforant path-projecting cell group to the hippocampus in rat and mouse brain.,2020,https://www.doi.org/10.1111/jne.12831,https://pubmed.ncbi.nlm.nih.gov/31944441
Evolution of Diffusing Capacity of the Lungs for Carbon Monoxide in Lymphangioleiomyomatosis: Historical Perspectives and the Role of Advanced Imaging.,2025,https://www.doi.org/10.1016/j.chest.2024.11.014,https://pubmed.ncbi.nlm.nih.gov/39580110
Mismatch repair-deficient colorectal cancer in transplant recipients: Shining a light on cancer biology and clinical outcomes.,2025,https://www.doi.org/10.1016/j.ajt.2025.11.012,https://pubmed.ncbi.nlm.nih.gov/41271018
The Association between Neighborhood Socioeconomic Status and Posttransplant Cancer Outcomes among Kidney Transplant Recipients in the United States.,2025,https://www.doi.org/10.34067/KID.0000000979,https://pubmed.ncbi.nlm.nih.gov/41032374
Pre-diagnostic serum concentrations of free light chains and risk of non-Hodgkin lymphoma in a population-based prospective study.,2025,https://www.doi.org/10.1080/10428194.2025.2524505,https://pubmed.ncbi.nlm.nih.gov/40671387
"Reply to ""Real-world registry evidence beware: Old-world risk analysis may not be applicable to new world belatacept utilization"".",2025,https://www.doi.org/10.1016/j.ajt.2025.05.027,https://pubmed.ncbi.nlm.nih.gov/40419022
Differences in Trends in Cancer Incidence Rates Among People With HIV During 2001-2019 by Race and Ethnicity and by Risk Group in the United States.,2025,https://www.doi.org/10.1093/cid/ciae555,https://pubmed.ncbi.nlm.nih.gov/39509333
The burden of COVID-19 mortality among solid organ transplant recipients in the United States.,2025,https://www.doi.org/10.1016/j.ajt.2024.10.004,https://pubmed.ncbi.nlm.nih.gov/39389313
Response to Liu and Zhou.,2022,https://www.doi.org/10.14309/ajg.0000000000001857,https://pubmed.ncbi.nlm.nih.gov/36042562
"Life-years lost due to cancer among solid organ transplant recipients in the United States, 1987 to 2014.",2022,https://www.doi.org/10.1002/cncr.33877,https://pubmed.ncbi.nlm.nih.gov/34541673
Balancing uncertain risks in candidates for solid organ transplantation with a history of malignancy: Who is safe to transplant?,2021,https://www.doi.org/10.1111/ajt.16366,https://pubmed.ncbi.nlm.nih.gov/33084186
Anaplastic large cell lymphoma in human immunodeficiency virus-infected people and solid organ transplant recipients.,2021,https://www.doi.org/10.1111/bjh.16778,https://pubmed.ncbi.nlm.nih.gov/32510592
Is bedtime use of kratom (Mitragyna speciosa) a sleep aid or disruptor? Examining its daily effects and individual differences.,2025,https://www.doi.org/10.1037/pha0000794,https://pubmed.ncbi.nlm.nih.gov/40839514
Looking beyond traditional pain outcomes to better evaluate cannabis's true potential and limitations in chronic pain management.,2025,https://www.doi.org/10.1037/pha0000795,https://pubmed.ncbi.nlm.nih.gov/40839511
Chemical Analysis and Alkaloid Intake for Kratom Products Available in the United States.,2025,https://www.doi.org/10.1002/dta.3906,https://pubmed.ncbi.nlm.nih.gov/40377101
At least four groups of kratom consumers in the United States: latent-class analysis of motivations for kratom use.,2025,https://www.doi.org/10.1080/00952990.2024.2414319,https://pubmed.ncbi.nlm.nih.gov/39883932
Use of Cannabinoids by People Who Consume Kratom in the United States.,2024,https://www.doi.org/10.1097/ADM.0000000000001346,https://pubmed.ncbi.nlm.nih.gov/39012004
Kava (,2023,https://www.doi.org/10.1080/00952990.2022.2140292,https://pubmed.ncbi.nlm.nih.gov/36410029
Using Machine Learning to Predict Treatment Adherence in Patients on Medication for Opioid Use Disorder.,2023,https://www.doi.org/10.1097/ADM.0000000000001019,https://pubmed.ncbi.nlm.nih.gov/35914118
"Need for clarity and context in case reports on kratom use, assessment, and intervention.",2022,https://www.doi.org/10.1080/08897077.2022.2074608,https://pubmed.ncbi.nlm.nih.gov/35657649
Association of psychosocial stress and poverty with plasma and extracellular vesicle mitochondrial DNA levels.,2025,https://www.doi.org/10.1016/j.psyneuen.2025.107622,https://pubmed.ncbi.nlm.nih.gov/41056622
Evaluating the Association of Cannabis Use and Longitudinal Kidney Outcomes.,2025,https://www.doi.org/10.1177/25785125251363813,https://pubmed.ncbi.nlm.nih.gov/40735771
"How Race, Poverty, Health Literacy, and Discrimination Affect the Relationship Between Medical Mistrust and Self-Rated Health over Time.",2025,https://www.doi.org/10.1080/08964289.2025.2535327,https://pubmed.ncbi.nlm.nih.gov/40726398
"Socioeconomic area deprivation and its relationship with dementia, Parkinson's Disease and all-cause mortality among UK older adults: a multistate modeling approach.",2025,https://www.doi.org/10.1016/j.socscimed.2025.118137,https://pubmed.ncbi.nlm.nih.gov/40388863
"Sleep patterns, global mental status and mortality risk among middle-aged urban adults.",2024,https://www.doi.org/10.1177/13872877241297111,https://pubmed.ncbi.nlm.nih.gov/39610286
"Loneliness, Dementia Status, and Their Association with All-Cause Mortality Among Older US Adults.",2024,https://www.doi.org/10.3233/JAD-231359,https://pubmed.ncbi.nlm.nih.gov/38701144
Health Equity through Clinical Research - Meeting the Challenge of Inclusion.,2023,https://www.doi.org/10.1056/EVIDctw2300015,https://pubmed.ncbi.nlm.nih.gov/38320133
"Race in Medicine - Genetic Variation, Social Categories, and Paths to Health Equity.",2021,https://www.doi.org/10.1056/NEJMp2113749,https://pubmed.ncbi.nlm.nih.gov/34528770
Affirming NIH's commitment to addressing structural racism in the biomedical research enterprise.,2021,https://www.doi.org/10.1016/j.cell.2021.05.014,https://pubmed.ncbi.nlm.nih.gov/34115967
Health Equity - Are We Finally on the Edge of a New Frontier?,2020,https://www.doi.org/10.1056/NEJMp2005944,https://pubmed.ncbi.nlm.nih.gov/32905670
"Covid's Color Line - Infectious Disease, Inequity, and Racial Justice.",2020,https://www.doi.org/10.1056/NEJMp2019445,https://pubmed.ncbi.nlm.nih.gov/32726526
"Sociodemographic patterns of pain in an urban community sample: an examination of intersectional effects of sex, race, age, and poverty status.",2020,https://www.doi.org/10.1097/j.pain.0000000000001793,https://pubmed.ncbi.nlm.nih.gov/31917772
Comparative Kidney Uptake of Nanobody-Based PET Tracers Labeled with Various Fluorine-18-Labeled Prosthetic Groups.,2025,https://www.doi.org/10.1021/acs.molpharmaceut.4c01101,https://pubmed.ncbi.nlm.nih.gov/39680709
A Flow Chamber Assay for Studying MAIT Cell Trafficking.,2020,https://www.doi.org/10.1007/978-1-0716-0207-2_12,https://pubmed.ncbi.nlm.nih.gov/31792823
Hepatitis E prevalence and infection in solid-organ transplant recipients in the United States.,2022,https://www.doi.org/10.1111/jvh.13739,https://pubmed.ncbi.nlm.nih.gov/36036116
Pro-regenerative biomaterials recruit immunoregulatory dendritic cells after traumatic injury.,2024,https://www.doi.org/10.1038/s41563-023-01689-9,https://pubmed.ncbi.nlm.nih.gov/37872423
Trends in Gestational Weight Gain From 2007 to 2019: A Prospective Cohort Study.,2025,https://www.doi.org/10.1111/ppe.70101,https://pubmed.ncbi.nlm.nih.gov/41351193
Big questions for a bigger data set.,2023,https://www.doi.org/10.1016/j.ajog.2022.11.1286,https://pubmed.ncbi.nlm.nih.gov/36402199
On the mechanisms of dopamine receptor agonists in restless legs syndrome.,2025,https://www.doi.org/10.1093/sleep/zsaf305,https://pubmed.ncbi.nlm.nih.gov/41017518
Misleading Labeling of S-Methadone as a Novel N-Methyl-D-Aspartate Receptor Antagonist.,2025,https://www.doi.org/10.4088/JCP.25lr15973,https://pubmed.ncbi.nlm.nih.gov/40965841
Progesterone attenuates the effects of cocaine on hypermobility and dopaminergic transmission in the nucleus accumbens.,2025,https://www.doi.org/10.1016/j.neuropharm.2025.110680,https://pubmed.ncbi.nlm.nih.gov/40930333
Presynaptic adenosine receptor heteromers as key modulators of glutamatergic and dopaminergic neurotransmission in the striatum.,2023,https://www.doi.org/10.1016/j.neuropharm.2022.109329,https://pubmed.ncbi.nlm.nih.gov/36375695
Akathisia and Restless Legs Syndrome: Solving the Dopaminergic Paradox.,2021,https://www.doi.org/10.1016/j.jsmc.2021.02.012,https://pubmed.ncbi.nlm.nih.gov/33985651
The RNA thermometer motif ROSE-G regulates ABC transporter gene expression in bacteria.,2025,https://www.doi.org/10.1016/j.jbc.2025.111119,https://pubmed.ncbi.nlm.nih.gov/41478572
The skeletal muscle function deficit: From an operational definition to clinic results from the InCHIANTI longitudinal study.,2025,https://www.doi.org/10.1016/j.exger.2025.113018,https://pubmed.ncbi.nlm.nih.gov/41478311
Oral Health Conditions and Domain-Specific Cognitive Decline in Older Adults: Evidence from the Baltimore Longitudinal Study of Aging 2005-2024.,2025,https://www.doi.org/10.1093/gerona/glaf294,https://pubmed.ncbi.nlm.nih.gov/41467738
Phenoage and Phenoageaccel Do Not Outperform Chronological Age in Predicting Physical Performance Decline or Mortality in Community-Dwelling Older Adults.,2025,https://www.doi.org/10.1093/gerona/glaf285,https://pubmed.ncbi.nlm.nih.gov/41454958
Compatibility and comparative analysis of chronological and biological aging between the legacy 450K and the EPIC v2.0 arrays.,2025,https://www.doi.org/10.1016/j.mad.2025.112142,https://pubmed.ncbi.nlm.nih.gov/41354360
Understanding changes in complex care needs over time: key research insights into multimorbidity trajectories.,2025,https://www.doi.org/10.1016/j.lanhl.2025.100790,https://pubmed.ncbi.nlm.nih.gov/41314230
Early axonal degeneration linked to clinical decline in Alzheimer's disease progression revealed with diffusion MRI.,2025,https://www.doi.org/10.1172/JCI196638,https://pubmed.ncbi.nlm.nih.gov/41307953
Changes in motor unit conduction velocity after unilateral lower-limb suspension and active recovery are correlated with muscle ion channel gene expression.,2025,https://www.doi.org/10.1113/EP093065,https://pubmed.ncbi.nlm.nih.gov/41235793
Retraction Note: sFRP2 in the aged microenvironment drives melanoma metastasis and therapy resistance.,2025,https://www.doi.org/10.1038/s41586-025-09719-z,https://pubmed.ncbi.nlm.nih.gov/41162716
Pitfalls of defacing whole-head MRI: re-identification risk with diffusion models and compromised research potential.,2025,https://www.doi.org/10.1016/j.compbiomed.2025.111112,https://pubmed.ncbi.nlm.nih.gov/40974862
"Galectin-3-binding protein is a risk factor for diabetes, metabolic syndrome, and inflammation. Cross-sectional and longitudinal results from the InCHIANTI study.",2025,https://www.doi.org/10.1016/j.mad.2025.112086,https://pubmed.ncbi.nlm.nih.gov/40581184
Local and global control on mitochondrial ageing.,2025,https://www.doi.org/10.1113/JP289058,https://pubmed.ncbi.nlm.nih.gov/40517411
Longitudinal progression of blood biomarkers reveals a key role of reactive astrocytosis in preclinical Alzheimer's disease.,2025,https://www.doi.org/10.1016/j.medj.2025.100724,https://pubmed.ncbi.nlm.nih.gov/40494355
Is taurine an aging biomarker?,2025,https://www.doi.org/10.1126/science.adl2116,https://pubmed.ncbi.nlm.nih.gov/40472098
"Qualitative and quantitative lipidomic profiling of cardiolipin, oxidized cardiolipin, and monolysocardiolipin from human skeletal muscle by UPLC-Orbitrap-MS",2025,https://www.doi.org/10.1016/j.aca.2025.343825,https://pubmed.ncbi.nlm.nih.gov/40155162
Previous short-term disuse dictates muscle gene expression and physiological adaptations to subsequent resistance exercise.,2025,https://www.doi.org/10.1113/JP287003,https://pubmed.ncbi.nlm.nih.gov/39792484
The repeated bout effect evokes the training-induced skeletal muscle cellular memory.,2024,https://www.doi.org/10.1016/j.freeradbiomed.2024.09.047,https://pubmed.ncbi.nlm.nih.gov/39343184
"Cardiovascular health, measured using Life's Essential 8, is associated with reduced dementia risk among older men and women.",2024,https://www.doi.org/10.1111/jgs.19194,https://pubmed.ncbi.nlm.nih.gov/39291619
"The ankle-brachial index, gastrocnemius mitochondrial respirometry, and walking performance in people with and without peripheral artery disease.",2024,https://www.doi.org/10.1177/1358863X241268893,https://pubmed.ncbi.nlm.nih.gov/39239859
Considering the Future of Geroscience: Goals and Opportunities Stemming From the Fourth Geroscience Summit.,2024,https://www.doi.org/10.1093/gerona/glae179,https://pubmed.ncbi.nlm.nih.gov/39206966
Carta of Florence Against Ageism; No Place for Ageism in Health Care.,2024,https://www.doi.org/10.1093/geront/gnae001,https://pubmed.ncbi.nlm.nih.gov/38419364
"Quantum Healthy Longevity for healthy people, planet, and growth.",2022,https://www.doi.org/10.1016/S2666-7568(22)00267-7,https://pubmed.ncbi.nlm.nih.gov/36384162
Better care for older patients with complex multimorbidity and frailty: a call to action.,2022,https://www.doi.org/10.1016/S2666-7568(22)00173-8,https://pubmed.ncbi.nlm.nih.gov/36102771
Comprehensive geriatric assessment in older people: an umbrella review of health outcomes.,2022,https://www.doi.org/10.1093/ageing/afac104,https://pubmed.ncbi.nlm.nih.gov/35524746
"Reply to the Letter: ""Low levels of transaminase and mortality risk in older people with special reference to sarcopenia"".",2022,https://www.doi.org/10.1007/s40520-021-02023-6,https://pubmed.ncbi.nlm.nih.gov/34784018
Walking Exercise Therapy Effects on Lower Extremity Skeletal Muscle in Peripheral Artery Disease.,2021,https://www.doi.org/10.1161/CIRCRESAHA.121.318242,https://pubmed.ncbi.nlm.nih.gov/34110902
"Sustained physical activity in peripheral artery disease: Associations with disease severity, functional performance, health-related quality of life, and subsequent serious adverse events in the LITE randomized clinical trial.",2021,https://www.doi.org/10.1177/1358863X21989430,https://pubmed.ncbi.nlm.nih.gov/33829920
Cognitive and neuroimaging profiles of older adults with dual decline in memory and gait speed.,2021,https://www.doi.org/10.1016/j.neurobiolaging.2020.10.002,https://pubmed.ncbi.nlm.nih.gov/33152563
Associations of Poly (ADP-Ribose) Polymerase1 abundance in calf skeletal muscle with walking performance in peripheral artery disease.,2020,https://www.doi.org/10.1016/j.exger.2020.111048,https://pubmed.ncbi.nlm.nih.gov/32755612
Mechanisms and effects of activation of innate immunity by mitochondrial nucleic acids.,2025,https://www.doi.org/10.1093/intimm/dxae052,https://pubmed.ncbi.nlm.nih.gov/39213393
We need to talk about lung cancer's cholesterol-hoarding problem.,2023,https://www.doi.org/10.1016/j.stem.2023.05.006,https://pubmed.ncbi.nlm.nih.gov/37267910
Clinical and Genetic Aspects of Huntington's Disease in the Malian Population.,2022,https://www.doi.org/10.3233/JHD-220529,https://pubmed.ncbi.nlm.nih.gov/35311712
Maybe too much of a good thing in gene therapy.,2021,https://www.doi.org/10.1038/s41593-021-00882-w,https://pubmed.ncbi.nlm.nih.gov/34131327
"Disease mechanism, biomarker and therapeutics for spinal and bulbar muscular atrophy (SBMA).",2020,https://www.doi.org/10.1136/jnnp-2020-322949,https://pubmed.ncbi.nlm.nih.gov/32934110
Malaria Screening and Treatment in Hematopoietic Cell Transplant Donors and Sickle Cell Disease Candidates/Recipients: A Case Series Using Malaria Polymerase Chain Reaction Testing and a Literature Review.,2025,https://www.doi.org/10.1111/tid.70139,https://pubmed.ncbi.nlm.nih.gov/41313668
Inflammatory Bowel Disease Following Allogeneic Hematopoietic Cell Transplant for Sickle Cell Disease.,2025,https://www.doi.org/10.1002/pbc.32121,https://pubmed.ncbi.nlm.nih.gov/41116703
Riociguat shows remarkable safety but underwhelming activity in patients with sickle cell disease.,2024,https://www.doi.org/10.1016/S2352-3026(24)00079-6,https://pubmed.ncbi.nlm.nih.gov/38554716
Experiences of In-Group and Out-Group Skin Tone Discrimination and Their Associations with Incident Cardiovascular Disease Among African American Adults in the Jackson Heart Study.,2025,https://www.doi.org/10.1007/s40615-025-02590-8,https://pubmed.ncbi.nlm.nih.gov/40775568
Structural transport and inhibition mechanism of the mitochondrial pyruvate carrier.,2025,https://www.doi.org/10.1016/j.tibs.2025.11.002,https://pubmed.ncbi.nlm.nih.gov/41353022
Characterisation of chikungunya virus neutralising monoclonal antibodies expressed in tobacco plants.,2025,https://www.doi.org/10.1016/j.jbiotec.2025.06.014,https://pubmed.ncbi.nlm.nih.gov/40615050
Chikungunya virus assembly and egress.,2022,https://www.doi.org/10.1038/s41564-022-01190-0,https://pubmed.ncbi.nlm.nih.gov/35918424
Author Correction: Commensal-driven immune zonation of the liver promotes host defence.,2022,https://www.doi.org/10.1038/s41586-022-05462-x,https://pubmed.ncbi.nlm.nih.gov/36280745
Author Correction: Commensal-driven immune zonation of the liver promotes host defence.,2021,https://www.doi.org/10.1038/s41586-021-03346-0,https://pubmed.ncbi.nlm.nih.gov/34373651
Stratifying lung adenocarcinoma risk with multi-ancestry polygenic risk scores in East Asian never-smokers.,2025,https://www.doi.org/10.1093/jnci/djaf272,https://pubmed.ncbi.nlm.nih.gov/41032288
Polygenic Risk Score and Lung Adenocarcinoma Risk Among Never-Smokers by EGFR Mutation Status: A Brief Report.,2025,https://www.doi.org/10.1016/j.jtho.2024.11.019,https://pubmed.ncbi.nlm.nih.gov/39581378
Correction: Distinct germline genetic susceptibility profiles identified for common non-Hodgkin lymphoma subtypes.,2023,https://www.doi.org/10.1038/s41375-023-01978-x,https://pubmed.ncbi.nlm.nih.gov/37666943
Structural Basis for HIV-1 Maturation Inhibition by PF-46396 Determined by MAS NMR.,2025,https://www.doi.org/10.1021/jacs.5c08455,https://pubmed.ncbi.nlm.nih.gov/40924873
Author Correction: HIV-1 is dependent on its immature lattice to recruit IP6 for mature capsid assembly.,2025,https://www.doi.org/10.1038/s41594-025-01667-6,https://pubmed.ncbi.nlm.nih.gov/40883580
Maturation of HIV-1.,2021,https://www.doi.org/10.1126/science.abj9075,https://pubmed.ncbi.nlm.nih.gov/34353938
IL12RB1 deficiency appearing in North America: expanding the clinical phenotypes.,2025,https://www.doi.org/10.1093/cid/ciaf637,https://pubmed.ncbi.nlm.nih.gov/41248676
Obesity and hepatic steatosis in STAT3 hyper-IgE syndrome.,2025,https://www.doi.org/10.1016/j.jaip.2025.10.037,https://pubmed.ncbi.nlm.nih.gov/41192594
Further Personalizing Medicine in Immune Disorders: Genomic Findings and Hematopoietic Cell Transplantation Survival.,2026,https://www.doi.org/10.1097/TP.0000000000005504,https://pubmed.ncbi.nlm.nih.gov/40739694
Interferon-γ therapy in patients with refractory disseminated coccidioidomycosis.,2025,https://www.doi.org/10.1093/cid/ciaf286,https://pubmed.ncbi.nlm.nih.gov/40440413
Infection-Associated Immune Reconstitution Inflammatory Syndrome in Hematopoietic Cell Transplantation.,2025,https://www.doi.org/10.1111/tid.70000,https://pubmed.ncbi.nlm.nih.gov/39964133
"JAK-STAT signaling pathway, immunodeficiency, inflammation, immune dysregulation, and inborn errors of immunity.",2025,https://www.doi.org/10.1016/j.jaci.2024.09.020,https://pubmed.ncbi.nlm.nih.gov/39369964
"GenIA, the Genetic Immunology Advisor database for inborn errors of immunity.",2024,https://www.doi.org/10.1016/j.jaci.2023.11.022,https://pubmed.ncbi.nlm.nih.gov/38040041
A multifaceted disease: The stats of STAT3 GOF.,2023,https://www.doi.org/10.1016/j.jaci.2023.02.010,https://pubmed.ncbi.nlm.nih.gov/36813184
Correction to: Malignancy in STAT3 Deficient Hyper IgE Syndrome.,2022,https://www.doi.org/10.1007/s10875-022-01269-7,https://pubmed.ncbi.nlm.nih.gov/35438417
Cerebral aneurysm in three pediatric patients with STAT1 gain-of-function mutations.,2022,https://www.doi.org/10.1007/s00415-022-11131-w,https://pubmed.ncbi.nlm.nih.gov/35435464
Eosinophilia Associated With Immune Deficiency.,2022,https://www.doi.org/10.1016/j.jaip.2022.02.016,https://pubmed.ncbi.nlm.nih.gov/35227935
Treatment of STAT3-deficient hyper-immunoglobulin E syndrome with monoclonal antibodies targeting allergic inflammation.,2022,https://www.doi.org/10.1016/j.jaip.2022.01.011,https://pubmed.ncbi.nlm.nih.gov/35085810
Daratumumab for delayed RBC engraftment following major ABO mismatched haploidentical bone marrow transplantation.,2021,https://www.doi.org/10.1111/trf.16281,https://pubmed.ncbi.nlm.nih.gov/33528026
The Child with Elevated IgE and Infection Susceptibility.,2020,https://www.doi.org/10.1007/s11882-020-00964-y,https://pubmed.ncbi.nlm.nih.gov/32830295
Obstetric and Gynecological Care in Patients with STAT3-Deficient Hyper IgE Syndrome.,2020,https://www.doi.org/10.1007/s10875-020-00827-1,https://pubmed.ncbi.nlm.nih.gov/32696285
Germline gain-of-function mutation of STAT1 rescued by somatic mosaicism in immune dysregulation-polyendocrinopathy-enteropathy-X-linked-like disorder.,2020,https://www.doi.org/10.1016/j.jaci.2019.11.028,https://pubmed.ncbi.nlm.nih.gov/31805313
A truncated CDC14A retains catalytic structure and phosphatase activity preserving male fertility but causes nonsyndromic deafness.,2025,https://www.doi.org/10.1016/j.jbc.2025.110982,https://pubmed.ncbi.nlm.nih.gov/41308992
Myosins and Hearing.,2020,https://www.doi.org/10.1007/978-3-030-38062-5_13,https://pubmed.ncbi.nlm.nih.gov/32451864
Benzene exposure and risk of colorectal cancer by anatomical subsite in the Norwegian offshore petroleum workers cohort.,2025,https://www.doi.org/10.1016/j.envres.2025.121407,https://pubmed.ncbi.nlm.nih.gov/40118315
Occupational exposures and kidney cancer among 25 000 male offshore petroleum industry workers: relative risks and healthy worker survivor bias.,2025,https://www.doi.org/10.1093/aje/kwaf039,https://pubmed.ncbi.nlm.nih.gov/40036895
Occupational exposure to benzene and risk of non-Hodgkin lymphoma in an extended follow-up of two population-based prospective cohorts of Chinese men and women.,2024,https://www.doi.org/10.1002/ijc.35095,https://pubmed.ncbi.nlm.nih.gov/39221990
Exposure to fibres and risk of pleural mesothelioma in the Norwegian Offshore Petroleum Workers cohort.,2024,https://www.doi.org/10.1136/oemed-2024-109424,https://pubmed.ncbi.nlm.nih.gov/38955483
Identifying occupational risk factors for cancer in women: a need for further action.,2023,https://www.doi.org/10.1136/oemed-2023-108948,https://pubmed.ncbi.nlm.nih.gov/37429726
An algorithm for quantitatively estimating occupational endotoxin exposure in the Biomarkers of Exposure and Effect in Agriculture (BEEA) study: I. Development of task-specific exposure levels from published data.,2023,https://www.doi.org/10.1002/ajim.23486,https://pubmed.ncbi.nlm.nih.gov/37087684
"Elevated 2,4-dichlorophenoxyacetic acid (2,4-D) herbicide concentrations in the household dust of farmers with recent occupational use.",2023,https://www.doi.org/10.1080/15459624.2023.2198588,https://pubmed.ncbi.nlm.nih.gov/37017362
"Response to the letter to the editor ""Myotonic dystrophy and cancer risk: Insights, limitations, and the need for genetic certainty"".",2026,https://www.doi.org/10.1016/j.jns.2025.125718,https://pubmed.ncbi.nlm.nih.gov/41485396
HIGHER HLA-DRB1 EVOLUTIONARY DIVERGENCE (HED) IS ASSOCIATED WITH REDUCED RELAPSE AND IMPROVED SURVIVAL AFTER MATCHED UNRELATED HEMATOPOIETIC CELL TRANSPLANTATION.,2025,https://www.doi.org/10.1016/j.jtct.2025.12.949,https://pubmed.ncbi.nlm.nih.gov/41397550
A novel discovery of elevated risk of neuroendocrine tumors in patients with myotonic dystrophy.,2025,https://www.doi.org/10.1016/j.jns.2025.123722,https://pubmed.ncbi.nlm.nih.gov/41100969
Distinct Biological Subtypes of Chronic GVHD after Pediatric Hematopoietic Cell Transplantation.,2025,https://www.doi.org/10.1182/blood.2025028625,https://pubmed.ncbi.nlm.nih.gov/41060324
Germline Pathogenic Variants in MUTYH Are Associated With Inferior Survival After Hematopoietic Cell Transplantation in Patients With Hematologic Malignancies or Disorders.,2025,https://www.doi.org/10.1002/ajh.70093,https://pubmed.ncbi.nlm.nih.gov/41042026
Identification of Distinct Subtypes in Immune Tolerance after Hematopoietic Cell Transplantation Using the Prospective ABLE1.0 Pediatric Study Cohort.,2025,https://www.doi.org/10.1016/j.jtct.2025.09.034,https://pubmed.ncbi.nlm.nih.gov/41033605
Cancer in myotonic dystrophy: A new discovery in an old disease.,2023,https://www.doi.org/10.1002/mus.27844,https://pubmed.ncbi.nlm.nih.gov/37222138
Drug-Wide Association Study (DWAS): Challenges and Opportunities.,2021,https://www.doi.org/10.1158/1055-9965.EPI-20-1612,https://pubmed.ncbi.nlm.nih.gov/33811172
Development of a radiographic vertebral severity score for evaluation of disease progression in alkaptonuria.,2025,https://www.doi.org/10.1016/j.ymgme.2025.109251,https://pubmed.ncbi.nlm.nih.gov/41072243
Choline and CCL22 Are Prognostic Blood Biomarkers for Hermansky-Pudlak Syndrome Pulmonary Fibrosis.,2025,https://www.doi.org/10.1165/rcmb.2024-0628OC,https://pubmed.ncbi.nlm.nih.gov/40720784
Neurodevelopmental Phenotyping and Genotyping in the Pediatric National Institute of Health Undiagnosed Disease Program.,2025,https://www.doi.org/10.1002/ajmg.b.33047,https://pubmed.ncbi.nlm.nih.gov/40696854
Comprehensive analysis of SLC17A5 variants in large European cohorts reveals no association with Parkinson's disease risk.,2025,https://www.doi.org/10.1016/j.parkreldis.2025.107790,https://pubmed.ncbi.nlm.nih.gov/40088783
Central nervous system involvement in Erdheim-Chester disease: a magnetic resonance imaging study.,2024,https://www.doi.org/10.1016/j.clinimag.2024.110281,https://pubmed.ncbi.nlm.nih.gov/39270429
Plasma chitotriosidase enzyme activity as a novel therapeutic monitor for cysteamine treatment in nephropathic cystinosis: A retrospective validation study.,2024,https://www.doi.org/10.1016/j.ymgme.2024.108454,https://pubmed.ncbi.nlm.nih.gov/38603816
MGM and Undiagnosed Diseases.,2024,https://www.doi.org/10.1016/j.ymgme.2024.108125,https://pubmed.ncbi.nlm.nih.gov/38184431
Skeletal involvement in Erdheim-Chester disease: Multimodality imaging features and association with the BRAF,2024,https://www.doi.org/10.1016/j.clinimag.2023.110067,https://pubmed.ncbi.nlm.nih.gov/38128404
Risks and benefits of anesthesia for combined pediatric procedures in the NIH undiagnosed diseases program.,2023,https://www.doi.org/10.1016/j.ymgme.2023.107707,https://pubmed.ncbi.nlm.nih.gov/37883914
Desperately seeking solutions.,2022,https://www.doi.org/10.1016/j.gim.2022.08.018,https://pubmed.ncbi.nlm.nih.gov/36112139
Growth in Joubert syndrome: Growth curves and physical measurements with correlation to genotype and hepatorenal disease in 170 individuals.,2022,https://www.doi.org/10.1002/ajmg.a.62593,https://pubmed.ncbi.nlm.nih.gov/34951506
Compound heterozygous ,2021,https://www.doi.org/10.1080/01677063.2021.1892095,https://pubmed.ncbi.nlm.nih.gov/33970744
Diagnosis of Chediak Higashi disease in a 67-year old woman.,2020,https://www.doi.org/10.1002/ajmg.a.61886,https://pubmed.ncbi.nlm.nih.gov/32990340
Generation and characterization of four Chediak-Higashi Syndrome (CHS) induced pluripotent stem cell (iPSC) lines.,2020,https://www.doi.org/10.1016/j.scr.2020.101883,https://pubmed.ncbi.nlm.nih.gov/32619719
Aortic distensibility in alkaptonuria.,2020,https://www.doi.org/10.1016/j.ymgme.2020.05.006,https://pubmed.ncbi.nlm.nih.gov/32466960
A call for global action for rare diseases in Africa.,2020,https://www.doi.org/10.1038/s41588-019-0552-2,https://pubmed.ncbi.nlm.nih.gov/31873296
Noninferiority of One HPV Vaccine Dose to Two Doses.,2025,https://www.doi.org/10.1056/NEJMoa2506765,https://pubmed.ncbi.nlm.nih.gov/41337735
SARS-CoV-2 infection prior to vaccination amplifies Fc-mediated humoral profiles in an age-dependent manner.,2024,https://www.doi.org/10.1016/j.celrep.2024.114684,https://pubmed.ncbi.nlm.nih.gov/39213155
Predicting absolute risk for a person with missing risk factors.,2024,https://www.doi.org/10.1177/09622802241227945,https://pubmed.ncbi.nlm.nih.gov/38426821
"Discussion of ""A formal causal interpretation of the case-crossover design"" by Zach Shahn, Miguel A. Hernan, and James M. Robins.",2023,https://www.doi.org/10.1111/biom.13747,https://pubmed.ncbi.nlm.nih.gov/36121028
Confidence intervals for the difference between two relative risks.,2020,https://www.doi.org/10.1177/0962280220915737,https://pubmed.ncbi.nlm.nih.gov/32297554
Weight calibration to improve the efficiency of pure risk estimates from case-control samples nested in a cohort.,2020,https://www.doi.org/10.1111/biom.13209,https://pubmed.ncbi.nlm.nih.gov/31863593
The Link between Alcohol Consumption and Kidney Injury.,2026,https://www.doi.org/10.1016/j.ajpath.2025.05.011,https://pubmed.ncbi.nlm.nih.gov/40513821
An Update on IL-22 Therapies in Alcohol-Associated Liver Disease and Beyond.,2026,https://www.doi.org/10.1016/j.ajpath.2025.03.010,https://pubmed.ncbi.nlm.nih.gov/40254130
Necrotic Liver Lesion Resolution: Another Mode of Liver Regeneration.,2024,https://www.doi.org/10.1055/a-2358-9505,https://pubmed.ncbi.nlm.nih.gov/38955211
Alcohol-associated liver cancer.,2024,https://www.doi.org/10.1097/HEP.0000000000000890,https://pubmed.ncbi.nlm.nih.gov/38607725
Mapping the hepatic immune landscape identifies monocytic macrophages as key drivers of steatohepatitis and cholangiopathy progression.,2023,https://www.doi.org/10.1097/HEP.0000000000000270,https://pubmed.ncbi.nlm.nih.gov/36630995
Inflammation in alcohol-associated liver disease progression.,2022,https://www.doi.org/10.1055/a-1714-9246,https://pubmed.ncbi.nlm.nih.gov/35042254
Acute-on-chronic liver failure: A distinct clinical syndrome.,2021,https://www.doi.org/10.1016/j.jhep.2020.11.047,https://pubmed.ncbi.nlm.nih.gov/34039489
"MicroRNAs as regulators, biomarkers and therapeutic targets in liver diseases.",2021,https://www.doi.org/10.1136/gutjnl-2020-322526,https://pubmed.ncbi.nlm.nih.gov/33127832
"Reply to: ""Interleukin-22 in acute-on-chronic liver failure: A matter of ineffective levels, receptor dysregulation or defective signalling?"": The search for an optimal mouse model.",2020,https://www.doi.org/10.1016/j.jhep.2020.06.002,https://pubmed.ncbi.nlm.nih.gov/32690377
Hyaluronan Ameliorates Viral Pneumonia in Mice and Humans by Inhibiting E2F1 Transcription Factor.,2025,https://www.doi.org/10.1165/rcmb.2025-0173OC,https://pubmed.ncbi.nlm.nih.gov/40720792
Inter-alpha-trypsin inhibitor (IαI) and hyaluronan modifications enhance the innate immune response to influenza virus in the lung.,2024,https://www.doi.org/10.1016/j.matbio.2024.01.004,https://pubmed.ncbi.nlm.nih.gov/38232913
JMJD3 activated hyaluronan synthesis drives muscle regeneration in an inflammatory environment.,2022,https://www.doi.org/10.1126/science.abm9735,https://pubmed.ncbi.nlm.nih.gov/35926054
"Generation and characterization of a tamoxifen-inducible, Cre driver rat for transgene expression in microglia.",2025,https://www.doi.org/10.1038/s41598-025-31077-z,https://pubmed.ncbi.nlm.nih.gov/41366001
Commentary for the Special Issue on 'Aging and Sex in Immunity'.,2020,https://www.doi.org/10.1016/j.cellimm.2019.104037,https://pubmed.ncbi.nlm.nih.gov/31992440
Integrator dynamics in the cortico-basal ganglia loop for flexible motor timing.,2025,https://www.doi.org/10.1038/s41586-025-09778-2,https://pubmed.ncbi.nlm.nih.gov/41261137
Rebalancing viral and immune damage versus repair prevents death from lethal influenza infection.,2025,https://www.doi.org/10.1126/science.adr4635,https://pubmed.ncbi.nlm.nih.gov/41264690
Bridging single cells to organs: Mesoscale modules as fundamental units of tissue function.,2025,https://www.doi.org/10.1016/j.cell.2025.10.012,https://pubmed.ncbi.nlm.nih.gov/41237758
Optimized Workflow for Iterative Bleaching Extends Multiplexity Imaging of Highly Autofluorescent Clinical Samples.,2025,https://www.doi.org/10.3791/67980,https://pubmed.ncbi.nlm.nih.gov/40720370
Dynamic Multiplex Tissue Imaging in Inflammation Research.,2024,https://www.doi.org/10.1146/annurev-pathmechdis-070323-124158,https://pubmed.ncbi.nlm.nih.gov/37722698
Spatiotemporal and cell-state control of antigen presentation during tolerance and immunity.,2023,https://www.doi.org/10.1016/j.coi.2023.102357,https://pubmed.ncbi.nlm.nih.gov/37331219
Author Correction: Commensal-driven immune zonation of the liver promotes host defence.,2022,https://www.doi.org/10.1038/s41586-022-05462-x,https://pubmed.ncbi.nlm.nih.gov/36280745
Imaging the immune system redux.,2022,https://www.doi.org/10.1111/imr.13063,https://pubmed.ncbi.nlm.nih.gov/35034360
Understanding immunity in a tissue-centric context: Combining novel imaging methods and mathematics to extract new insights into function and dysfunction.,2022,https://www.doi.org/10.1111/imr.13052,https://pubmed.ncbi.nlm.nih.gov/34918351
Mesoscale T cell antigen discrimination emerges from intercellular feedback.,2021,https://www.doi.org/10.1016/j.it.2021.08.006,https://pubmed.ncbi.nlm.nih.gov/34493455
Author Correction: Commensal-driven immune zonation of the liver promotes host defence.,2021,https://www.doi.org/10.1038/s41586-021-03346-0,https://pubmed.ncbi.nlm.nih.gov/34373651
Efficient Immune Cell Genome Engineering with Enhanced CRISPR Editing Tools.,2021,https://www.doi.org/10.4049/immunohorizons.2000082,https://pubmed.ncbi.nlm.nih.gov/33622708
National Cancer Institute Think-Tank Meeting Report on Proteomic Cartography and Biomarkers at the Single-Cell Level: Interrogation of Premalignant Lesions.,2020,https://www.doi.org/10.1021/acs.jproteome.0c00021,https://pubmed.ncbi.nlm.nih.gov/32163288
Microbial contribution to metabolic niche formation varies across the respiratory tract.,2025,https://www.doi.org/10.1016/j.chom.2025.06.002,https://pubmed.ncbi.nlm.nih.gov/40578342
The effects of tamoxifen and its metabolites on circulating estrogen metabolites among pre- and postmenopausal women.,2025,https://www.doi.org/10.1016/j.steroids.2025.109736,https://pubmed.ncbi.nlm.nih.gov/41386485
"Disparities in Heart Disease Mortality Among Asian American and Pacific Islander Breast Cancer Survivors, 2000 to 2019.",2025,https://www.doi.org/10.1016/j.jaccao.2025.08.003,https://pubmed.ncbi.nlm.nih.gov/40974362
Interactions Between Genetic and Epidemiological Factors Influencing Mammographic Density.,2025,https://www.doi.org/10.1093/aje/kwaf067,https://pubmed.ncbi.nlm.nih.gov/40153356
Single-cell glycome and transcriptome profiling enabled by a library of anti-glycan antibodies.,2025,https://www.doi.org/10.1016/j.chembiol.2025.11.005,https://pubmed.ncbi.nlm.nih.gov/41380686
Insights into biofilm architecture and maturation enable improved clinical strategies for exopolysaccharide-targeting therapeutics.,2024,https://www.doi.org/10.1016/j.chembiol.2024.11.005,https://pubmed.ncbi.nlm.nih.gov/39637855
Anti-glycan antibodies: roles in human disease.,2021,https://www.doi.org/10.1042/BCJ20200610,https://pubmed.ncbi.nlm.nih.gov/33881487
Systematic Transmission Electron Microscopy-Based Identification and 3D Reconstruction of Cellular Degradation Machinery.,2023,https://www.doi.org/10.1002/adbi.202200221,https://pubmed.ncbi.nlm.nih.gov/36869426
MitoNet: A generalizable model for segmentation of individual mitochondria within electron microscopy datasets.,2023,https://www.doi.org/10.1016/j.cels.2022.12.004,https://pubmed.ncbi.nlm.nih.gov/36657392
Trends in Childhood and Adolescent Cancer Incidence Rates in the United States between 2001 and 2022.,2025,https://www.doi.org/10.1158/2159-8290.CD-25-1493,https://pubmed.ncbi.nlm.nih.gov/41370847
Gastrointestinal Stromal Tumor With Extensive Gastric Polymorphic Polyposis: A Potential Relationship?,2025,https://www.doi.org/10.1002/pbc.31416,https://pubmed.ncbi.nlm.nih.gov/39475051
Immunotherapy approaches for rare pediatric solid tumors: advances and future directions.,2023,https://www.doi.org/10.1097/MOP.0000000000001206,https://pubmed.ncbi.nlm.nih.gov/36420774
Pubertal timing and incident uterine cancer in the Sister Study cohort.,2025,https://www.doi.org/10.1002/ijc.70310,https://pubmed.ncbi.nlm.nih.gov/41439478
Selective Depletion of Gut Gram-Negative Bacteria Attenuates Alcohol Binge-Induced Cardiovascular Dysfunction by Lowering Cardiac Anandamide Levels.,2026,https://www.doi.org/10.1016/j.ajpath.2025.10.010,https://pubmed.ncbi.nlm.nih.gov/41205808
Dimensions of trait and task-based impulsivity associated with alcohol use disorder and history of suicidality.,2025,https://www.doi.org/10.1016/j.jpsychires.2025.07.019,https://pubmed.ncbi.nlm.nih.gov/40811890
Sex-dependent responses to high concentration of binge ethanol in spleen of adolescent F344 rats.,2024,https://www.doi.org/10.1111/acer.15328,https://pubmed.ncbi.nlm.nih.gov/38627206
Additive Effects of Stress and Alcohol Exposure on Accelerated Epigenetic Aging in Alcohol Use Disorder.,2023,https://www.doi.org/10.1016/j.biopsych.2022.06.036,https://pubmed.ncbi.nlm.nih.gov/36182531
Transcriptomic Decoding of Shared and Unshared Molecular Etiologies in Psychiatric Disorders.,2022,https://www.doi.org/10.1176/appi.ajp.20220594,https://pubmed.ncbi.nlm.nih.gov/36048494
Corrigendum to: 'A genetic risk score and diabetes predict development of alcohol-related cirrhosis in drinkers' [J Hepatol 2022 (76) 275-282].,2022,https://www.doi.org/10.1016/j.jhep.2022.02.011,https://pubmed.ncbi.nlm.nih.gov/35287983
Use of Whole Genome Sequencing by the Federal Interagency Collaboration for Genomics for Food and Feed Safety in the United States.,2022,https://www.doi.org/10.4315/JFP-21-437,https://pubmed.ncbi.nlm.nih.gov/35259246
Predicting Suicide.,2020,https://www.doi.org/10.1176/appi.ajp.2020.20071138,https://pubmed.ncbi.nlm.nih.gov/32998552
Genome-wide Association Study and Meta-analysis on Alcohol-Associated Liver Cirrhosis Identifies Genetic Risk Factors.,2021,https://www.doi.org/10.1002/hep.31535,https://pubmed.ncbi.nlm.nih.gov/32853455
Addictions NeuroImaging Assessment (ANIA): Towards an integrative framework for alcohol use disorder.,2020,https://www.doi.org/10.1016/j.neubiorev.2020.04.004,https://pubmed.ncbi.nlm.nih.gov/32298710
"Clinicopathologic Features, Management, and Outcomes Of Pediatric CRTC1::TRIM11 and MED15::ATF1 Tumors With Spitzoid Morphology: A Case Series.",2025,https://www.doi.org/10.1002/pbc.31814,https://pubmed.ncbi.nlm.nih.gov/40390195
Cancer patterns in nasopharyngeal carcinoma multiplex families over 15 years.,2021,https://www.doi.org/10.1002/cncr.33799,https://pubmed.ncbi.nlm.nih.gov/34324707
Peripheral catecholamine systems: an evolutionary perspective.,2025,https://www.doi.org/10.1152/ajpregu.00169.2025,https://pubmed.ncbi.nlm.nih.gov/41083265
Cerebrospinal fluid concentration gradients of catechols in synucleinopathies.,2024,https://www.doi.org/10.1111/jnc.16168,https://pubmed.ncbi.nlm.nih.gov/38943336
Stress and the autonomic nervous system.,2023,https://www.doi.org/10.1016/j.autneu.2023.103096,https://pubmed.ncbi.nlm.nih.gov/37257231
Correction to: Baroreflex‑sympathoneural dysfunction characterizes at‑risk individuals with preclinical central Lewy body diseases.,2023,https://www.doi.org/10.1007/s10286-022-00917-7,https://pubmed.ncbi.nlm.nih.gov/36633719
Is postural tachycardia syndrome a psychogenic disorder?,2022,https://www.doi.org/10.1093/brain/awac345,https://pubmed.ncbi.nlm.nih.gov/36151958
Human papillomavirus (HPV) vaccine and autonomic disorders: a position statement from the American Autonomic Society.,2020,https://www.doi.org/10.1016/j.autneu.2019.05.002,https://pubmed.ncbi.nlm.nih.gov/31928708
Correction to: The catecholaldehyde hypothesis: where MAO fits in.,2020,https://www.doi.org/10.1007/s00702-019-02128-3,https://pubmed.ncbi.nlm.nih.gov/31865454
"Response to: Human papillomavirus (HPV) vaccine safety concerning POTS, CRPS and related conditions.",2020,https://www.doi.org/10.1007/s10286-019-00650-8,https://pubmed.ncbi.nlm.nih.gov/31802304
Human papillomavirus (HPV) vaccine and autonomic disorders: a position statement from the American Autonomic Society.,2020,https://www.doi.org/10.1007/s10286-019-00608-w,https://pubmed.ncbi.nlm.nih.gov/31475305
Single-cell RNA flow cytometry to assess intratumoral production of cytokines/chemokines.,2025,https://www.doi.org/10.1016/bs.mcb.2024.10.013,https://pubmed.ncbi.nlm.nih.gov/39824558
Machine learning approach to assess brain metastatic burden in preclinical models.,2024,https://www.doi.org/10.1016/bs.mcb.2024.10.001,https://pubmed.ncbi.nlm.nih.gov/39515881
Towards enhancing the predictive value of the microbiota for cancer immunotherapy.,2024,https://www.doi.org/10.1016/j.trecan.2024.07.007,https://pubmed.ncbi.nlm.nih.gov/39089931
Microbes-myeloid-tumor: a colonic triad against T cells.,2022,https://www.doi.org/10.1016/j.immuni.2022.03.011,https://pubmed.ncbi.nlm.nih.gov/35417671
Recognition of observer effect is required for rigor and reproducibility of preclinical animal studies.,2022,https://www.doi.org/10.1016/j.ccell.2022.01.015,https://pubmed.ncbi.nlm.nih.gov/35180384
Can gut microbes predict efficacy and toxicity of combined immune checkpoint blockade?,2021,https://www.doi.org/10.1016/j.ccell.2021.09.013,https://pubmed.ncbi.nlm.nih.gov/34637746
Author Correction: Multimodel preclinical platform predicts clinical response of melanoma to immunotherapy.,2021,https://www.doi.org/10.1038/s41591-021-01252-6,https://pubmed.ncbi.nlm.nih.gov/33514948
RNA-coupled CRISPR screens reveal ZNF207 as a regulator of LMNA aberrant splicing in progeria.,2025,https://www.doi.org/10.1016/j.molcel.2025.12.003,https://pubmed.ncbi.nlm.nih.gov/41475346
Role of the xenobiotic-activated pregnane X receptor in type 1 and type 2 diabetes in male mice.,2026,https://www.doi.org/10.1016/j.bcp.2025.117482,https://pubmed.ncbi.nlm.nih.gov/41173059
Role of metabolic nuclear receptors in acute liver injury and drug-induced hepatotoxicity.,2025,https://www.doi.org/10.1016/j.phrs.2025.107942,https://pubmed.ncbi.nlm.nih.gov/40907676
Osteoarthritis treatment via the GLP-1-mediated gut-joint axis targets intestinal FXR signaling.,2025,https://www.doi.org/10.1126/science.adt0548,https://pubmed.ncbi.nlm.nih.gov/40179178
Farnesoid X receptor regulates CYP1A1 and CYP1B1 and estradiol metabolism in mouse and human cell lines.,2025,https://www.doi.org/10.1016/j.cbi.2025.111471,https://pubmed.ncbi.nlm.nih.gov/40064219
Hepatic sphingomyelin phosphodiesterase 3 promotes steatohepatitis by disrupting membrane sphingolipid metabolism.,2025,https://www.doi.org/10.1016/j.cmet.2025.01.016,https://pubmed.ncbi.nlm.nih.gov/40015281
Adipose triglyceride lipase as a target for treatment of metabolic dysfunction-associated steatohepatitis: The role of hepatic and intestinal PPARα.,2025,https://www.doi.org/10.1016/j.jhep.2024.10.046,https://pubmed.ncbi.nlm.nih.gov/39542137
Hepatocyte-specific SLC27A4 deletion ameliorates nonalcoholic fatty liver disease in mice via suppression of phosphatidylcholine-mediated PXR activation.,2025,https://www.doi.org/10.1016/j.metabol.2024.156054,https://pubmed.ncbi.nlm.nih.gov/39489412
Celastrol as an intestinal FXR inhibitor triggers tripolide-induced intestinal bleeding: Underlying mechanism of gastrointestinal injury induced by Tripterygium wilfordii.,2023,https://www.doi.org/10.1016/j.phymed.2023.155054,https://pubmed.ncbi.nlm.nih.gov/37738906
Microbial-host-isozyme analyses reveal microbial DPP4 as a potential antidiabetic target.,2023,https://www.doi.org/10.1126/science.add5787,https://pubmed.ncbi.nlm.nih.gov/37535747
Inhibition of estrogen sulfation by Xian-Ling-Gu-Bao capsule.,2023,https://www.doi.org/10.1016/j.jsbmb.2022.106182,https://pubmed.ncbi.nlm.nih.gov/36152789
Suppressed farnesoid X receptor by iron overload in mice and humans potentiates iron-induced hepatotoxicity.,2022,https://www.doi.org/10.1002/hep.32270,https://pubmed.ncbi.nlm.nih.gov/34870866
The pathophysiological function of non-gastrointestinal farnesoid X receptor.,2021,https://www.doi.org/10.1016/j.pharmthera.2021.107867,https://pubmed.ncbi.nlm.nih.gov/33895191
Novel Strategy for Mining and Identification of Acylcarnitines Using Data-Independent-Acquisition-Based Retention Time Prediction Modeling and Pseudo-Characteristic Fragmentation Ion Matching.,2021,https://www.doi.org/10.1021/acs.jproteome.0c00810,https://pubmed.ncbi.nlm.nih.gov/33625228
Integrated omics reveals disease-associated radial glia-like cells with epigenetically dysregulated interferon response in multiple sclerosis.,2025,https://www.doi.org/10.1016/j.neuron.2025.09.022,https://pubmed.ncbi.nlm.nih.gov/41075785
Loss of HNRNPK During Cell Senescence Linked to Reduced Production of CDC20.,2025,https://www.doi.org/10.1080/10985549.2024.2443590,https://pubmed.ncbi.nlm.nih.gov/39804141
Stoichiometry of long noncoding RNA interactions with other RNAs: Insights from OIP5-AS1.,2024,https://www.doi.org/10.1002/wrna.1841,https://pubmed.ncbi.nlm.nih.gov/38576135
Bioinformatic Analysis of CircRNA from RNA-seq Datasets.,2022,https://www.doi.org/10.1007/978-1-0716-1831-8_2,https://pubmed.ncbi.nlm.nih.gov/35604551
"Corrigendum to ""RNA-binding protein HuD reduces triglyceride production in pancreatic β cells by enhancing the expression of insulin-induced gene 1"" [Biochim. Biophys. Acta Gene Regul. Mech. 1859/4 (2016) Page 675-685].",2021,https://www.doi.org/10.1016/j.bbagrm.2021.194692,https://pubmed.ncbi.nlm.nih.gov/33610919
"Practical guide for circular RNA analysis: Steps, tips, and resources.",2021,https://www.doi.org/10.1002/wrna.1633,https://pubmed.ncbi.nlm.nih.gov/33112505
Author Correction: Complex genetic signatures in immune cells underlie autoimmunity and inform therapy.,2020,https://www.doi.org/10.1038/s41588-020-00718-6,https://pubmed.ncbi.nlm.nih.gov/32948852
Association of LDL cargo proteins with white matter hyperintensity volume in older adults from the atherosclerosis risk in communities study.,2025,https://www.doi.org/10.1177/13872877251401480,https://pubmed.ncbi.nlm.nih.gov/41384835
Prevalence of pre-stroke and stroke-related vision impairments and their association with mild cognitive impairment and dementia.,2025,https://www.doi.org/10.1177/13872877251404018,https://pubmed.ncbi.nlm.nih.gov/41384825
Hospital Readmission After Traumatic Brain Injury Hospitalization in Community-Dwelling Older Adults.,2025,https://www.doi.org/10.1002/acn3.70269,https://pubmed.ncbi.nlm.nih.gov/41321072
Traumatic Brain Injury and Depressive Symptoms in Community-Dwelling Older Adults: A Prospective Cohort Study.,2025,https://www.doi.org/10.1212/WNL.0000000000214407,https://pubmed.ncbi.nlm.nih.gov/41264891
Disruption of the Blood-Brain Barrier Predicts Progression of Cerebral Small Vessel Disease White Matter Hyperintensities.,2025,https://www.doi.org/10.1002/ana.78072,https://pubmed.ncbi.nlm.nih.gov/41117445
"Advances in Epidemiology, Outcomes, and Population Science in 2024.",2025,https://www.doi.org/10.1161/STROKEAHA.125.049886,https://pubmed.ncbi.nlm.nih.gov/40408517
Associations of Traumatic Brain Injury and Mild Behavioral Impairment With Cognitive Function and Dementia.,2025,https://www.doi.org/10.1177/08919887251317726,https://pubmed.ncbi.nlm.nih.gov/39882790
The potential impact of optimal blood pressure treatment intensity to reduce disparities in dementia between Black and White individuals.,2025,https://www.doi.org/10.1177/13872877241302506,https://pubmed.ncbi.nlm.nih.gov/39772767
Associations of Traumatic Brain Injury and Hearing: Results From the Atherosclerosis Risk in Communities Neurocognitive Study (ARIC-NCS).,2025,https://www.doi.org/10.1097/HTR.0000000000001032,https://pubmed.ncbi.nlm.nih.gov/39740144
Associations Between Mid-Life Psychosocial Measures and Estimated Late Life Amyloid Burden: The Atherosclerosis Risk in Communities (ARIC)-PET Study.,2024,https://www.doi.org/10.3233/JAD-231218,https://pubmed.ncbi.nlm.nih.gov/38339934
Atherosclerosis all around: no plaque is innocent.,2023,https://www.doi.org/10.1016/S1474-4422(23)00069-8,https://pubmed.ncbi.nlm.nih.gov/36931792
"Risk Factors, Lifestyle Behaviors, and Vascular Brain Health.",2022,https://www.doi.org/10.1161/STROKEAHA.121.032610,https://pubmed.ncbi.nlm.nih.gov/35000427
"Vascular contributions to cognitive impairment and dementia (VCID): A report from the 2018 National Heart, Lung, and Blood Institute and National Institute of Neurological Disorders and Stroke Workshop.",2020,https://www.doi.org/10.1002/alz.12157,https://pubmed.ncbi.nlm.nih.gov/33030307
Coming in out of the cold: Rho-dependent termination contributes to adaptation to cold shock.,2024,https://www.doi.org/10.1016/j.molcel.2024.08.033,https://pubmed.ncbi.nlm.nih.gov/39303677
How Does the Alarmone ppGpp Change Bacterial Cell Metabolism? From Genome-wide Approaches to Structure to Physiology.,2020,https://www.doi.org/10.1016/j.molcel.2020.09.019,https://pubmed.ncbi.nlm.nih.gov/33007252
"Performance Characteristics of Anti-Collagen II Antibodies in Relapsing Polychondritis and Related Diseases: Prospective Analysis, Systematic Review, and Meta-Analysis.",2025,https://www.doi.org/10.1002/acr.25697,https://pubmed.ncbi.nlm.nih.gov/41235806
Genetic susceptibility and validation of angiographic patterns in Takayasu arteritis.,2025,https://www.doi.org/10.1016/j.jaut.2025.103496,https://pubmed.ncbi.nlm.nih.gov/41207179
Exploring the genetic interaction between ERAP1/ERAP2 and HLA-B*52:01 in Takayasu arteritis.,2025,https://www.doi.org/10.1093/rheumatology/keaf544,https://pubmed.ncbi.nlm.nih.gov/41100049
A stronger type I interferon signature distinguishes ANCA-associated vasculitis phenotypes and predicts kidney prognosis.,2026,https://www.doi.org/10.1016/j.kint.2025.07.034,https://pubmed.ncbi.nlm.nih.gov/40935134
Mapping the infectious burden in VEXAS syndrome: a systematic review and rationale for prevention.,2025,https://www.doi.org/10.1016/S2665-9913(25)00225-5,https://pubmed.ncbi.nlm.nih.gov/40915301
American College of Rheumatology Guidance Statement for Diagnosis and Management of VEXAS Developed by the International VEXAS Working Group Expert Panel.,2025,https://www.doi.org/10.1002/art.43287,https://pubmed.ncbi.nlm.nih.gov/40787890
A glossary of signs and symptoms of giant cell arteritis.,2025,https://www.doi.org/10.1016/j.ard.2025.06.2126,https://pubmed.ncbi.nlm.nih.gov/40731213
Rapid clinical deployment of UBA1 testing in patients with VEXAS syndrome.,2025,https://www.doi.org/10.1093/ajcp/aqaf051,https://pubmed.ncbi.nlm.nih.gov/40418703
Reply.,2023,https://www.doi.org/10.1002/art.42448,https://pubmed.ncbi.nlm.nih.gov/36662483
2022 American College of Rheumatology/EULAR classification criteria for giant cell arteritis.,2022,https://www.doi.org/10.1136/ard-2022-223480,https://pubmed.ncbi.nlm.nih.gov/36351706
2022 American College of Rheumatology/EULAR classification criteria for Takayasu arteritis.,2022,https://www.doi.org/10.1136/ard-2022-223482,https://pubmed.ncbi.nlm.nih.gov/36351705
2022 American College of Rheumatology/EULAR Classification Criteria for Giant Cell Arteritis.,2022,https://www.doi.org/10.1002/art.42325,https://pubmed.ncbi.nlm.nih.gov/36350123
2022 American College of Rheumatology/EULAR Classification Criteria for Takayasu Arteritis.,2022,https://www.doi.org/10.1002/art.42324,https://pubmed.ncbi.nlm.nih.gov/36349501
Reply.,2022,https://www.doi.org/10.1002/art.42267,https://pubmed.ncbi.nlm.nih.gov/35713987
Response to: Correspondence on '2022 American College of Rheumatology/European Alliance of Associations for Rheumatology classification criteria for granulomatosis with polyangiitis' by Joanna C Robson ,2023,https://www.doi.org/10.1136/annrheumdis-2022-222362,https://pubmed.ncbi.nlm.nih.gov/35318216
2022 American College of Rheumatology/European Alliance of Associations for Rheumatology Classification Criteria for Eosinophilic Granulomatosis with Polyangiitis.,2022,https://www.doi.org/10.1136/annrheumdis-2021-221794,https://pubmed.ncbi.nlm.nih.gov/35110334
2022 American College of Rheumatology/European Alliance of Associations for Rheumatology classification criteria for granulomatosis with polyangiitis.,2022,https://www.doi.org/10.1136/annrheumdis-2021-221795,https://pubmed.ncbi.nlm.nih.gov/35110333
2022 American College of Rheumatology/European Alliance of Associations for Rheumatology classification criteria for microscopic polyangiitis.,2022,https://www.doi.org/10.1136/annrheumdis-2021-221796,https://pubmed.ncbi.nlm.nih.gov/35110332
2022 American College of Rheumatology/European Alliance of Associations for Rheumatology Classification Criteria for Microscopic Polyangiitis.,2022,https://www.doi.org/10.1002/art.41983,https://pubmed.ncbi.nlm.nih.gov/35106973
2022 American College of Rheumatology/European Alliance of Associations for Rheumatology Classification Criteria for Eosinophilic Granulomatosis With Polyangiitis.,2022,https://www.doi.org/10.1002/art.41982,https://pubmed.ncbi.nlm.nih.gov/35106968
2022 American College of Rheumatology/European Alliance of Associations for Rheumatology Classification Criteria for Granulomatosis With Polyangiitis.,2022,https://www.doi.org/10.1002/art.41986,https://pubmed.ncbi.nlm.nih.gov/35106964
A prospective observational cohort study and systematic review of 40 patients with mouth and genital ulcers with inflamed cartilage (MAGIC) syndrome.,2022,https://www.doi.org/10.1016/j.semarthrit.2021.10.007,https://pubmed.ncbi.nlm.nih.gov/34972595
Artificial Intelligence in Vascular-PET:: Translational and Clinical Applications.,2022,https://www.doi.org/10.1016/j.cpet.2021.09.003,https://pubmed.ncbi.nlm.nih.gov/34809874
Mutant UBA1 and Severe Adult-Onset Autoinflammatory Disease. Reply.,2021,https://www.doi.org/10.1056/NEJMc2102124,https://pubmed.ncbi.nlm.nih.gov/34077654
Somatic Mutations in UBA1 Define a Distinct Subset of Relapsing Polychondritis Patients With VEXAS.,2021,https://www.doi.org/10.1002/art.41743,https://pubmed.ncbi.nlm.nih.gov/33779074
"Aortitis: recent advances, current concepts and future possibilities.",2021,https://www.doi.org/10.1136/heartjnl-2020-318085,https://pubmed.ncbi.nlm.nih.gov/33593995
Reply.,2020,https://www.doi.org/10.1002/art.41438,https://pubmed.ncbi.nlm.nih.gov/32686916
Rituximab for chronic periaortitis without evidence of IgG4-related disease: a long-term follow-up study of 20 patients.,2020,https://www.doi.org/10.1136/annrheumdis-2019-216258,https://pubmed.ncbi.nlm.nih.gov/31744824
Publisher Correction: A non-human primate model for human norovirus infection.,2024,https://www.doi.org/10.1038/s41564-024-01636-7,https://pubmed.ncbi.nlm.nih.gov/38360987
"'I told them they had to get tested, and they did': social influence among siblings with Li-Fraumeni syndrome.",2025,https://www.doi.org/10.1080/08870446.2025.2534814,https://pubmed.ncbi.nlm.nih.gov/40696937
Cancer in myotonic dystrophy: A new discovery in an old disease.,2023,https://www.doi.org/10.1002/mus.27844,https://pubmed.ncbi.nlm.nih.gov/37222138
Balancing hope and heart: An umbrella review of cardiotoxicity in immune checkpoint inhibitor cancer therapies.,2025,https://www.doi.org/10.1016/j.cpcardiol.2025.103257,https://pubmed.ncbi.nlm.nih.gov/41443542
"Monoterpenoid fluorophthalimide IMiDs that lack human cereblon binding: synthesis and anti-proliferative, anti-angiogenic and anti-inflammatory activities.",2025,https://www.doi.org/10.1016/j.bbrc.2025.152428,https://pubmed.ncbi.nlm.nih.gov/40753727
Targeting protein kinases in Parkinson's disease: the emerging role of phytoconstituents.,2025,https://www.doi.org/10.1080/1028415X.2025.2531356,https://pubmed.ncbi.nlm.nih.gov/40680102
Zebrafish-Based Parkinson's Disease Models: Unveiling Genetic Mechanisms and Therapeutic Pathways.,2025,https://www.doi.org/10.2174/0118715273367688250528122144,https://pubmed.ncbi.nlm.nih.gov/40511807
"Corrigendum to ""Pharmacokinetics and efficacy of PT302, a sustained-release Exenatide formulation, in a murine model of mild traumatic brain injury"" [Neurobiology of Disease Volume 124 (2019) 439-453 /YNBDI_4338].",2024,https://www.doi.org/10.1016/j.nbd.2024.106563,https://pubmed.ncbi.nlm.nih.gov/38890024
Underlying Causes and Treatment Modalities for Neurological Deficits in COVID-19 and Long-COVID.,2022,https://www.doi.org/10.1021/acschemneuro.2c00482,https://pubmed.ncbi.nlm.nih.gov/36190929
Nanocrystals as an effective strategy to improve Pomalidomide bioavailability in rodent.,2022,https://www.doi.org/10.1016/j.ijpharm.2022.122079,https://pubmed.ncbi.nlm.nih.gov/35932932
"Altering the gut microbiome and tumor microenvironment in advanced liver cancer: A phase II study of nivolumab, tadalafil and oral vancomycin in patients with refractory primary hepatocellular carcinoma or liver dominant metastatic cancer from colorectal or pancreatic cancers.",2025,https://www.doi.org/10.1016/j.canlet.2025.217975,https://pubmed.ncbi.nlm.nih.gov/40789510
Innate-like T cells in liver disease.,2024,https://www.doi.org/10.1016/j.it.2024.05.008,https://pubmed.ncbi.nlm.nih.gov/38879436
Alcohol-associated liver cancer.,2024,https://www.doi.org/10.1097/HEP.0000000000000890,https://pubmed.ncbi.nlm.nih.gov/38607725
Medication effects on the gut microbiome in allo-HCT.,2023,https://www.doi.org/10.1016/j.cell.2023.04.011,https://pubmed.ncbi.nlm.nih.gov/37295398
A gut response: Modulating chemotherapy efficacy with microbial metabolites.,2023,https://www.doi.org/10.1016/j.immuni.2023.03.011,https://pubmed.ncbi.nlm.nih.gov/37044066
Top advances of the year: Hepatobiliary cancers.,2023,https://www.doi.org/10.1002/cncr.34652,https://pubmed.ncbi.nlm.nih.gov/36692965
'Invisible' immune checkpoint molecule causing resistance to anti-PD1 therapy in HCC.,2023,https://www.doi.org/10.1136/gutjnl-2022-329099,https://pubmed.ncbi.nlm.nih.gov/36627186
Interventional radiology meets immuno-oncology for hepatocellular carcinoma.,2024,https://www.doi.org/10.1016/j.jhep.2022.08.003,https://pubmed.ncbi.nlm.nih.gov/35988688
Two Milestone Studies in Liver Cancer Immunotherapy.,2022,https://www.doi.org/10.1056/EVIDe2200140,https://pubmed.ncbi.nlm.nih.gov/38319792
Innate lymphoid cells at the crossroads of innate and adaptive immunity.,2022,https://www.doi.org/10.1002/hep.32502,https://pubmed.ncbi.nlm.nih.gov/35366023
Hepatocellular Carcinoma - Origins and Outcomes.,2021,https://www.doi.org/10.1056/NEJMcibr2106594,https://pubmed.ncbi.nlm.nih.gov/34260842
Understanding tumour cell heterogeneity and its implication for immunotherapy in liver cancer using single-cell analysis.,2021,https://www.doi.org/10.1016/j.jhep.2020.11.036,https://pubmed.ncbi.nlm.nih.gov/33271159
"Transplant Oncology in Primary and Metastatic Liver Tumors: Principles, Evidence, and Opportunities.",2021,https://www.doi.org/10.1097/SLA.0000000000004071,https://pubmed.ncbi.nlm.nih.gov/33065633
Trial Design and Endpoints in Hepatocellular Carcinoma: AASLD Consensus Conference.,2021,https://www.doi.org/10.1002/hep.31327,https://pubmed.ncbi.nlm.nih.gov/32430997
Microbiome genomics for cancer prediction.,2020,https://www.doi.org/10.1038/s43018-020-0059-x,https://pubmed.ncbi.nlm.nih.gov/35121970
"Gut microbiome in HCC - Mechanisms, diagnosis and therapy.",2020,https://www.doi.org/10.1016/j.jhep.2019.08.016,https://pubmed.ncbi.nlm.nih.gov/31954488
Dissection of amino acid acquisition pathways demonstrates that amino acid starvation of Borrelia burgdorferi results in a (p)ppGpp-independent maladaptive response.,2025,https://www.doi.org/10.1038/s42003-025-09374-0,https://pubmed.ncbi.nlm.nih.gov/41436604
A Heterozygous Mutation in MFF Associated with a Mild Mitochondrial Phenotype.,2023,https://www.doi.org/10.3233/JND-221532,https://pubmed.ncbi.nlm.nih.gov/36314214
A phase 2 study of GI-6207 in patients with recurrent medullary thyroid cancer.,2025,https://www.doi.org/10.1093/oncolo/oyaf429,https://pubmed.ncbi.nlm.nih.gov/41467761
Pembrolizumab in Recurrent or Metastatic Medullary Thyroid Cancer.,2025,https://www.doi.org/10.1093/oncolo/oyaf348,https://pubmed.ncbi.nlm.nih.gov/41454616
Genomic and Immune Correlates of EZH2 Expression and Activity in Olfactory Neuroblastoma.,2025,https://www.doi.org/10.1002/hed.70076,https://pubmed.ncbi.nlm.nih.gov/41221671
National Cancer Institute's Working Group on Biochemically Recurrent Prostate Cancer: Clinical Trial Design Considerations.,2025,https://www.doi.org/10.1200/JCO-25-01693,https://pubmed.ncbi.nlm.nih.gov/41129763
Health diplomacy in action: The cancer legacy of the Good Friday Agreement.,2023,https://www.doi.org/10.1016/j.jcpo.2023.100448,https://pubmed.ncbi.nlm.nih.gov/37839622
Adaptive Immunity in Genitourinary Cancers.,2023,https://www.doi.org/10.1016/j.euo.2023.03.002,https://pubmed.ncbi.nlm.nih.gov/37069029
The role of HIV as a risk modifier for coronary endothelial function in young adults.,2023,https://www.doi.org/10.1111/hiv.13484,https://pubmed.ncbi.nlm.nih.gov/36997324
Quantitative Benefit-Risk Assessment of P-gp-Mediated Drug-Drug Interactions of Dabigatran Coadministered With Pharmacokinetic Enhancers in Patients With Renal Impairment.,2021,https://www.doi.org/10.1002/cpt.2087,https://pubmed.ncbi.nlm.nih.gov/33073366
Brief Report: Adiponectin Levels Linked to Subclinical Myocardial Fibrosis in HIV.,2020,https://www.doi.org/10.1097/QAI.0000000000002440,https://pubmed.ncbi.nlm.nih.gov/32639276
"Reproductive and sexual health knowledge, experiences, and milestones in young adults with life-long HIV.",2020,https://www.doi.org/10.1080/09540121.2019.1679711,https://pubmed.ncbi.nlm.nih.gov/31640401
YAP and TEAD Are Transcriptional Regulators of Neuroendocrine Differentiation and Growth in Carcinoid Cells.,2025,https://www.doi.org/10.1016/j.ajpath.2025.10.012,https://pubmed.ncbi.nlm.nih.gov/41274341
"Corrigendum to ""The impact of mineralocorticoid and glucocorticoid receptor interaction on corticosteroid transcriptional outcomes"" [Molecul. Cell. Endocrinol. 594 (2024) 112389].",2026,https://www.doi.org/10.1016/j.mce.2025.112690,https://pubmed.ncbi.nlm.nih.gov/41152100
The impact of mineralocorticoid and glucocorticoid receptor interaction on corticosteroid transcriptional outcomes.,2024,https://www.doi.org/10.1016/j.mce.2024.112389,https://pubmed.ncbi.nlm.nih.gov/39423940
Genome-Wide Analysis Identifies Nuclear Factor 1C as a Novel Transcription Factor and Potential Therapeutic Target in SCLC.,2024,https://www.doi.org/10.1016/j.jtho.2024.03.023,https://pubmed.ncbi.nlm.nih.gov/38583771
Transcription Factor Dynamics: One Molecule at a Time.,2023,https://www.doi.org/10.1146/annurev-cellbio-022823-013847,https://pubmed.ncbi.nlm.nih.gov/37540844
Editorial overview: New insights and complexities for chromatin interacting proteins.,2021,https://www.doi.org/10.1016/j.sbi.2021.09.004,https://pubmed.ncbi.nlm.nih.gov/34690049
In silico Drug Discovery: Bridging the Gaps in Preclinical Translation.,2025,https://www.doi.org/10.1016/j.drudis.2025.104567,https://pubmed.ncbi.nlm.nih.gov/41349903
High-resolution acoustic ejection mass spectrometry for high-throughput library screening.,2024,https://www.doi.org/10.1016/j.slast.2024.100199,https://pubmed.ncbi.nlm.nih.gov/39427991
PRC2 Inhibitors Overcome Glucocorticoid Resistance Driven by ,2022,https://www.doi.org/10.1158/2159-8290.CD-20-1771,https://pubmed.ncbi.nlm.nih.gov/34417224
Coordinated regulation of Capping Protein by CARMIL and V-1/myotrophin.,2025,https://www.doi.org/10.1016/j.jbc.2025.111013,https://pubmed.ncbi.nlm.nih.gov/41354342
Large-particle aerosol exposure to the Bangladesh or Malaysia strain of Nipah virus results in markedly divergent disease presentation in African Green Monkeys.,2025,https://www.doi.org/10.1371/journal.ppat.1013835,https://pubmed.ncbi.nlm.nih.gov/41460894
Cerebral Venous Thrombosis in Previously Healthy Patients with Cryptococcal Meningitis.,2025,https://www.doi.org/10.1093/infdis/jiaf653,https://pubmed.ncbi.nlm.nih.gov/41443253
Infection-Associated Immune Reconstitution Inflammatory Syndrome in Hematopoietic Cell Transplantation.,2025,https://www.doi.org/10.1111/tid.70000,https://pubmed.ncbi.nlm.nih.gov/39964133
Sortase-Mediated Site-Specific Conjugation to Prepare Fluorine-18-Labeled Nanobodies.,2024,https://www.doi.org/10.1021/acs.bioconjchem.4c00264,https://pubmed.ncbi.nlm.nih.gov/39172920
Development and preclinical validation of 2-deoxy 2-[,2024,https://www.doi.org/10.1126/scitranslmed.adl5934,https://pubmed.ncbi.nlm.nih.gov/39141701
Fully Automated Cassette-Based Synthesis of 2-Deoxy-2-[,2024,https://www.doi.org/10.1002/jlcr.4116,https://pubmed.ncbi.nlm.nih.gov/38982015
Monitoring Immune Activation with Whole-Body Fluorodeoxyglucose-Positron-Emission Tomography in Simian Immunodeficiency Virus-Infected Rhesus Macaques.,2021,https://www.doi.org/10.4049/immunohorizons.2100043,https://pubmed.ncbi.nlm.nih.gov/34282030
Promoting Pharmacogenomics in Africa: Perspectives From Variation in G6PD and Other Pharmacogenes.,2023,https://www.doi.org/10.1002/cpt.2816,https://pubmed.ncbi.nlm.nih.gov/36576133
1000 Genomes Project phase 4: The gift that keeps on giving.,2022,https://www.doi.org/10.1016/j.cell.2022.08.001,https://pubmed.ncbi.nlm.nih.gov/36055197
Five Priorities of African Genomics Research: The Next Frontier.,2022,https://www.doi.org/10.1146/annurev-genom-111521-102452,https://pubmed.ncbi.nlm.nih.gov/35576571
Prediabetes remission and cardiovascular morbidity and mortality: post-hoc analyses from the Diabetes Prevention Program Outcome study and the DaQing Diabetes Prevention Outcome study.,2025,https://www.doi.org/10.1016/S2213-8587(25)00295-5,https://pubmed.ncbi.nlm.nih.gov/41397402
"Mechanisms of weight loss-induced remission in people with prediabetes: a post-hoc analysis of the randomised, controlled, multicentre Prediabetes Lifestyle Intervention Study (PLIS).",2023,https://www.doi.org/10.1016/S2213-8587(23)00235-8,https://pubmed.ncbi.nlm.nih.gov/37769677
Relationship Between Insulin Secretion and Insulin Sensitivity and its Role in Development of Type 2 Diabetes Mellitus: Beyond the Disposition Index.,2021,https://www.doi.org/10.2337/db21-0416,https://pubmed.ncbi.nlm.nih.gov/34957493
Long-Term Complications in Youth-Onset Type 2 Diabetes.,2021,https://www.doi.org/10.1056/NEJMc2114053,https://pubmed.ncbi.nlm.nih.gov/34788519
A missense variant Arg611Cys in LIPE which encodes hormone sensitive lipase decreases lipolysis and increases risk of type 2 diabetes in American Indians.,2022,https://www.doi.org/10.1002/dmrr.3504,https://pubmed.ncbi.nlm.nih.gov/34655148
Automated detection and characterization of small cell lung cancer liver metastasis on computed tomography.,2025,https://www.doi.org/10.4274/dir.2025.253310,https://pubmed.ncbi.nlm.nih.gov/41049163
"Reply to ""A critical appraisal and methodological inquiry into an automated multimodal deep learning model for predicting biochemical recurrence in prostate cancer"".",2025,https://www.doi.org/10.1016/j.clinimag.2025.110616,https://pubmed.ncbi.nlm.nih.gov/40962607
Faster and Sharper Prostate T2W MRI with Deep Learning.,2025,https://www.doi.org/10.1016/j.acra.2025.09.003,https://pubmed.ncbi.nlm.nih.gov/40957748
External evaluation of an open-source deep learning model for prostate cancer detection on bi-parametric MRI.,2025,https://www.doi.org/10.1007/s00330-025-11865-x,https://pubmed.ncbi.nlm.nih.gov/40753327
Predicting ADC map quality from T2-weighted MRI: A deep learning approach for early quality assessment to assist point-of-care.,2025,https://www.doi.org/10.1016/j.ejrad.2025.112317,https://pubmed.ncbi.nlm.nih.gov/40690835
Evaluating Artificial Intelligence-Assisted Prostate Biparametric MRI Interpretation: An International Multireader Study.,2025,https://www.doi.org/10.2214/AJR.24.32399,https://pubmed.ncbi.nlm.nih.gov/40668633
External Validation of an Artificial Intelligence Algorithm Using Biparametric MRI and Its Simulated Integration with Conventional PI-RADS for Prostate Cancer Detection.,2025,https://www.doi.org/10.1016/j.acra.2025.03.039,https://pubmed.ncbi.nlm.nih.gov/40221284
Missed Cancers at Prostate MRI: Can Growth Pattern Analysis on Digital Pathology Improve Detection?,2025,https://www.doi.org/10.1016/j.acra.2025.03.032,https://pubmed.ncbi.nlm.nih.gov/40158941
Assessing the Impact of Transition and Peripheral Zone PSA Densities Over Whole-Gland PSA Density for Prostate Cancer Detection on Multiparametric MRI.,2025,https://www.doi.org/10.1002/pros.24863,https://pubmed.ncbi.nlm.nih.gov/39996409
PI-RADS Version 2.0 Versus Version 2.1: Comparison of Prostate Cancer Gleason Grade Upgrade and Downgrade Rates From MRI-Targeted Biopsy to Radical Prostatectomy.,2024,https://www.doi.org/10.2214/AJR.23.29964,https://pubmed.ncbi.nlm.nih.gov/37729551
Clinical Application of Artificial Intelligence in Positron Emission Tomography: Imaging of Prostate Cancer.,2022,https://www.doi.org/10.1016/j.cpet.2021.09.002,https://pubmed.ncbi.nlm.nih.gov/34809863
Reply by Authors.,2021,https://www.doi.org/10.1097/JU.0000000000001547.03,https://pubmed.ncbi.nlm.nih.gov/33705228
Takashi Sugimura (1926-2020).,2020,https://www.doi.org/10.1016/j.ccell.2020.11.001,https://pubmed.ncbi.nlm.nih.gov/33321081
Cancer-Type-Specific Bacteria: Freeloaders or Partners?,2020,https://www.doi.org/10.1016/j.ccell.2020.06.017,https://pubmed.ncbi.nlm.nih.gov/32649886
"Generation and characterization of a tamoxifen-inducible, Cre driver rat for transgene expression in microglia.",2025,https://www.doi.org/10.1038/s41598-025-31077-z,https://pubmed.ncbi.nlm.nih.gov/41366001
B-Cell Control of Regulatory T Cells in Friend Virus Infection.,2021,https://www.doi.org/10.1016/j.jmb.2020.06.022,https://pubmed.ncbi.nlm.nih.gov/32598936
Targeting uPARAP with an antibody-drug conjugate exhibits efficacy against mesothelioma and synergizes with cisplatin.,2025,https://www.doi.org/10.1158/2767-9764.CRC-25-0381,https://pubmed.ncbi.nlm.nih.gov/41366685
Germline BAP1 Mutation-Associated Mesothelioma: A Biologically and Clinically Distinct Entity.,2025,https://www.doi.org/10.1016/j.jtho.2025.08.003,https://pubmed.ncbi.nlm.nih.gov/41203381
Treatment of Pleural Mesothelioma: ASCO Guideline Clinical Insights.,2025,https://www.doi.org/10.1200/OP-25-00035,https://pubmed.ncbi.nlm.nih.gov/40053896
Treatment of Pleural Mesothelioma: ASCO Guideline Update.,2025,https://www.doi.org/10.1200/JCO-24-02425,https://pubmed.ncbi.nlm.nih.gov/39778125
Somatic BAP1 Loss as a Predictive Biomarker of Overall Survival in Patients With Malignant Pleural Mesothelioma Treated With Chemotherapy.,2022,https://www.doi.org/10.1016/j.jtho.2022.05.005,https://pubmed.ncbi.nlm.nih.gov/35750452
Response to Letter to the Editor by Yang et al.,2020,https://www.doi.org/10.1016/j.jtho.2020.03.033,https://pubmed.ncbi.nlm.nih.gov/32471568
Intracardiac Involvement by Primary Malignant Mesothelioma: A Report of Two Cases.,2020,https://www.doi.org/10.1016/j.jtho.2019.08.2504,https://pubmed.ncbi.nlm.nih.gov/32127186
RGS proteins: Potential regulators of mouse melanopsin's signaling phototransduction cascade across ipRGC subtypes.,2025,https://www.doi.org/10.1016/j.bpj.2025.11.006,https://pubmed.ncbi.nlm.nih.gov/41204666
Photic Regulation of Circadian Rhythms and Voluntary Ethanol Intake: Role of Melanopsin-expressing Intrinsically Photosensitive Retinal Ganglion Cells.,2021,https://www.doi.org/10.1177/0748730420981228,https://pubmed.ncbi.nlm.nih.gov/33357136
Bilateral Putaminal Convection of Adeno-Associated Virus Vector Serotype 2 Glial Cell Line-Derived Neurotrophic Factor Gene Therapy in Parkinson's Disease May Provide Glial Cell Line-Derived Neurotrophic Factor Transgene Expression to Caudate Nucleus: Potential Role of Perivascular and Other Low Resistance Leakage Pathways.,2025,https://www.doi.org/10.1227/neu.0000000000003729,https://pubmed.ncbi.nlm.nih.gov/40932279
Treatment of Intractable Cancer Pain with Resiniferatoxin - An Interim Study.,2025,https://www.doi.org/10.1056/EVIDoa2400423,https://pubmed.ncbi.nlm.nih.gov/40423401
MITF promotes MFN2-dependent mitochondrial fusion to protect retinal pigment epithelial cells from mitochondrial damage.,2025,https://www.doi.org/10.1016/j.freeradbiomed.2025.07.025,https://pubmed.ncbi.nlm.nih.gov/40681059
Genetic architecture of congenital cataracts: correlation of pathogenic variants with morphology and clinical outcomes.,2025,https://www.doi.org/10.1016/j.preteyeres.2025.101373,https://pubmed.ncbi.nlm.nih.gov/40449652
Clinical features of patients with mutations in genes for nanophthalmos.,2024,https://www.doi.org/10.1136/bjo-2023-324931,https://pubmed.ncbi.nlm.nih.gov/38749530
Noninvasive Markers Associated With Portal Hypertension and Varices in Patients With Noncirrhotic Portal Hypertension.,2025,https://www.doi.org/10.14309/ctg.0000000000000956,https://pubmed.ncbi.nlm.nih.gov/41410017
Obesity and hepatic steatosis in STAT3 hyper-IgE syndrome.,2025,https://www.doi.org/10.1016/j.jaip.2025.10.037,https://pubmed.ncbi.nlm.nih.gov/41192594
ASO Visual Abstract: Clinicopathological Features and Management of Gastric Adenocarcinoma and Proximal Polyposis of the Stomach (GAPPS).,2026,https://www.doi.org/10.1245/s10434-025-18558-1,https://pubmed.ncbi.nlm.nih.gov/41087777
An Open-Source Normothermic Perfusion System Designed for Research Scientists.,2025,https://www.doi.org/10.3791/68722,https://pubmed.ncbi.nlm.nih.gov/40758600
Gastrointestinal complaints in patients with osteogenesis imperfecta: The bright side of a rare genetic disorder.,2025,https://www.doi.org/10.1016/j.bone.2025.117589,https://pubmed.ncbi.nlm.nih.gov/40645259
Phase 1/2 study of high-dose palifermin for GVHD prophylaxis in patients undergoing HLA-matched unrelated donor HCT.,2025,https://www.doi.org/10.1182/blood.2024028303,https://pubmed.ncbi.nlm.nih.gov/40331908
Asymptomatic Massive Choledocholithiasis in a Patient With Sickle Cell Disease and History of Remote Cholecystectomy.,2025,https://www.doi.org/10.14309/ajg.0000000000003512,https://pubmed.ncbi.nlm.nih.gov/40304400
Portal sinusoidal vascular diseases: Assessment and therapy.,2025,https://www.doi.org/10.1097/HEP.0000000000001344,https://pubmed.ncbi.nlm.nih.gov/40194304
Letter: Prospective evaluation of patients with non-cirrhotic portal hypertension-A single centre study. Authors' reply.,2024,https://www.doi.org/10.1111/apt.18292,https://pubmed.ncbi.nlm.nih.gov/39329439
Development of hepatic fibrosis in common variable immunodeficiency-related porto-sinusoidal vascular disorder.,2024,https://www.doi.org/10.1111/apt.18180,https://pubmed.ncbi.nlm.nih.gov/39090843
Reply: Accurate predictor for liver disease progression in patients with DC/TBD.,2024,https://www.doi.org/10.1097/HEP.0000000000001014,https://pubmed.ncbi.nlm.nih.gov/39024339
Prospective evaluation of patients with non-cirrhotic portal hypertension: A single centre study.,2024,https://www.doi.org/10.1111/apt.17987,https://pubmed.ncbi.nlm.nih.gov/38629442
Meta-analysis: Incidence of cirrhosis and hepatocellular carcinoma in patients with Fontan palliation.,2024,https://www.doi.org/10.1111/apt.17952,https://pubmed.ncbi.nlm.nih.gov/38497159
Combined heart liver transplantation in the patients with advanced liver disease and/or hepatocellular carcinoma: Why cannot liver pull the heart?,2024,https://www.doi.org/10.1016/j.ajt.2023.10.008,https://pubmed.ncbi.nlm.nih.gov/37839708
Non-selective dampening of the host immune response after hepatitis C clearance and its association with circulating chemokine and endotoxin levels.,2023,https://www.doi.org/10.1111/liv.15737,https://pubmed.ncbi.nlm.nih.gov/37752797
Endoscopic surveillance in hereditary diffuse gastric cancer - Authors' reply.,2023,https://www.doi.org/10.1016/S1470-2045(23)00278-4,https://pubmed.ncbi.nlm.nih.gov/37414016
Reply to 'Interpreting shear wave elastography results in chronic hepatitis D virus infection'.,2023,https://www.doi.org/10.1111/jvh.13813,https://pubmed.ncbi.nlm.nih.gov/36740889
Hepatitis delta: Epidemiology to recent advances in therapeutic agents.,2023,https://www.doi.org/10.1097/HEP.0000000000000331,https://pubmed.ncbi.nlm.nih.gov/36738087
Gastrointestinal and Hepatic Manifestations of Chronic Granulomatous Disease.,2023,https://www.doi.org/10.1016/j.jaip.2022.12.039,https://pubmed.ncbi.nlm.nih.gov/36646382
Longitudinal multi-omics analyses of the gut-liver axis reveals metabolic dysregulation in hepatitis C infection and cirrhosis.,2023,https://www.doi.org/10.1038/s41564-022-01273-y,https://pubmed.ncbi.nlm.nih.gov/36522461
No tube left behind: feeding tube failure and endoscopic retrieval.,2022,https://www.doi.org/10.1016/j.gie.2022.06.025,https://pubmed.ncbi.nlm.nih.gov/35728659
Chronic hepatitis D-What is changing?,2022,https://www.doi.org/10.1111/jvh.13651,https://pubmed.ncbi.nlm.nih.gov/35122369
Gastrointestinal Computed Tomography Findings in Chronic Granulomatous Disease with Subgroup Clinicopathologic Analysis.,2022,https://www.doi.org/10.1007/s10620-021-06978-4,https://pubmed.ncbi.nlm.nih.gov/33934254
Safety and Efficacy of Ustekinumab in the Inflammatory Bowel Disease of Chronic Granulomatous Disease.,2022,https://www.doi.org/10.1016/j.cgh.2021.03.039,https://pubmed.ncbi.nlm.nih.gov/33813069
Hereditary Diffuse Gastric Cancer Syndrome and the Role of CDH1: A Review.,2021,https://www.doi.org/10.1001/jamasurg.2020.6155,https://pubmed.ncbi.nlm.nih.gov/33404644
"Management of healthcare personnel living with hepatitis B, hepatitis C, or human immunodeficiency virus in US healthcare institutions.",2022,https://www.doi.org/10.1017/ice.2020.458,https://pubmed.ncbi.nlm.nih.gov/33050959
Impact of periprocedural subcutaneous parathyroid hormone on control of hypocalcaemia in APS-1/APECED patients undergoing invasive procedures.,2021,https://www.doi.org/10.1111/cen.14335,https://pubmed.ncbi.nlm.nih.gov/32955743
"Hepatitis Delta: Prevalence, Natural History, and Treatment Options.",2020,https://www.doi.org/10.1016/j.gtc.2020.01.004,https://pubmed.ncbi.nlm.nih.gov/32389361
Progressive Small Bowel Obstruction in a Patient With the Autoimmune Syndrome APECED.,2020,https://www.doi.org/10.1053/j.gastro.2019.12.040,https://pubmed.ncbi.nlm.nih.gov/31945373
Spontaneous Clearance of Chronic Delta Hepatitis.,2020,https://www.doi.org/10.1002/hep.31073,https://pubmed.ncbi.nlm.nih.gov/31872446
Reply.,2020,https://www.doi.org/10.1002/hep.30955,https://pubmed.ncbi.nlm.nih.gov/31531987
Longitudinal human transcriptomic and spatial gene profiling at the incisional edge during long surgical procedures.,2025,https://www.doi.org/10.1038/s42003-025-09366-0,https://pubmed.ncbi.nlm.nih.gov/41430435
Hepatic lymph node metastases in patients with colorectal liver metastases undergoing hepatic artery infusion pump placement.,2025,https://www.doi.org/10.14701/ahbps.25-158,https://pubmed.ncbi.nlm.nih.gov/41330430
A rebrand for proteasome inhibition in solid tumors via continuous hepatic artery infusion.,2025,https://www.doi.org/10.1172/jci.insight.199200,https://pubmed.ncbi.nlm.nih.gov/41196694
ASO Visual Abstract: Clinicopathological Features and Management of Gastric Adenocarcinoma and Proximal Polyposis of the Stomach (GAPPS).,2026,https://www.doi.org/10.1245/s10434-025-18558-1,https://pubmed.ncbi.nlm.nih.gov/41087777
Expression of IMPACT Curtails Metabolic Plasticity and Augments NK Cell Killing to Abrogate Metastatic Growth.,2025,https://www.doi.org/10.1158/2159-8290.CD-24-1055,https://pubmed.ncbi.nlm.nih.gov/41025961
A standardized surgical approach to multifocal locoregionally recurrent left-sided adrenocortical carcinoma.,2025,https://www.doi.org/10.1016/j.ejso.2025.110395,https://pubmed.ncbi.nlm.nih.gov/40845750
An Open-Source Normothermic Perfusion System Designed for Research Scientists.,2025,https://www.doi.org/10.3791/68722,https://pubmed.ncbi.nlm.nih.gov/40758600
Expression of IMPACT curtails metabolic plasticity and augments NK cell killing to abrogate metastatic growth.,2025,https://www.doi.org/10.1158/2159-8290.CD-24-1055,https://pubmed.ncbi.nlm.nih.gov/40736016
Three-Dimensional Imaging of Tumor-Bearing Tissue Using the Iterative Bleaching Extends Multiplexity Approach.,2025,https://www.doi.org/10.3791/67869,https://pubmed.ncbi.nlm.nih.gov/40354232
Publisher Correction: Neoantigen-specific tumor-infiltrating lymphocytes in gastrointestinal cancers: a phase 2 trial.,2025,https://www.doi.org/10.1038/s41591-025-03708-5,https://pubmed.ncbi.nlm.nih.gov/40234732
Sex and Race/Ethnicity Based Trends in Matriculation to General Surgery Residency and Associated Fellowship Programs.,2024,https://www.doi.org/10.1016/j.jss.2024.10.020,https://pubmed.ncbi.nlm.nih.gov/39579469
Underrepresentation of Racial and Ethnic Minorities in Metastatic Colorectal Carcinoma Clinical Trials within the United States.,2024,https://www.doi.org/10.1097/SLA.0000000000006500,https://pubmed.ncbi.nlm.nih.gov/39145378
Response of adrenocortical carcinoma liver metastases to hepatic artery infusion floxuridine.,2023,https://www.doi.org/10.1016/j.hpb.2023.06.014,https://pubmed.ncbi.nlm.nih.gov/37453816
Testing the Use of Chemotherapy After Surgery for High-Risk Pancreatic Neuroendocrine Tumors.,2023,https://www.doi.org/10.1245/s10434-022-12906-1,https://pubmed.ncbi.nlm.nih.gov/36474095
Durvalumab and Tremelimumab for Hepatocellular Carcinoma in Patients Listed for a Liver Transplant.,2023,https://www.doi.org/10.1245/s10434-022-12811-7,https://pubmed.ncbi.nlm.nih.gov/36400894
Oregovomab Plus Chemo in Newly Diagnosed Patients with Advanced Epithelial Ovarian Cancer Following Optimal Debulking Surgery (FLORA-5/GOG-3035).,2023,https://www.doi.org/10.1245/s10434-022-12838-w,https://pubmed.ncbi.nlm.nih.gov/36400892
Neoadjuvant Chemotherapy Plus Living Donor Transplantation (LDLT) for Non-Resectable Liver Metastases from Colorectal Cancer (CRC).,2023,https://www.doi.org/10.1245/s10434-022-12649-z,https://pubmed.ncbi.nlm.nih.gov/36316505
Mitotane With or Without Cisplatin and Etoposide for Patients with a High Risk of Recurrence in Stages 1-3 Adrenocortical Cancer After Surgery.,2023,https://www.doi.org/10.1245/s10434-022-12725-4,https://pubmed.ncbi.nlm.nih.gov/36305989
Author Correction: Commensal-driven immune zonation of the liver promotes host defence.,2022,https://www.doi.org/10.1038/s41586-022-05462-x,https://pubmed.ncbi.nlm.nih.gov/36280745
The WASH (Water or Saline at High Volumes) Trial: A Randomized Trial to Assess the Survival Impact of Extensive Peritoneal Lavage Using Distilled Water or Saline at High Volumes After Pancreatic Resection for Pancreatic Ductal Adenocarcinoma.,2022,https://www.doi.org/10.1245/s10434-022-11978-3,https://pubmed.ncbi.nlm.nih.gov/35661956
"Osimertinib, Surgery, and Radiation Therapy in Treating Patients with Stage IIIB or IV Non-Small Cell Lung Cancer with EGFR Mutations (NORTHSTAR).",2022,https://www.doi.org/10.1245/s10434-022-11627-9,https://pubmed.ncbi.nlm.nih.gov/35527328
"A Phase III, Multicenter, Randomized Controlled Trial Investigating 1-cm Versus 2-cm Surgical Excision Margins for Stage II Primary Cutaneous Melanoma (MelMarT-II).",2022,https://www.doi.org/10.1245/s10434-022-11766-z,https://pubmed.ncbi.nlm.nih.gov/35451728
Image-Guided Video-Assisted Thoracoscopic Surgery (iVATS) Versus Standard VATS Resection.,2022,https://www.doi.org/10.1245/s10434-022-11585-2,https://pubmed.ncbi.nlm.nih.gov/35412204
Pembrolizumab Compared with Standard-of-Care Observation in Treating Patients with Completely Resected Stage I-III Merkel Cell Cancer (STAMP).,2022,https://www.doi.org/10.1245/s10434-022-11498-0,https://pubmed.ncbi.nlm.nih.gov/35258767
Efficacy of Neoadjuvant Intratumoral Darleukin/Fibromun (L19IL2 + L19TNF) in Patients with Clinical Stage IIIB/C Melanoma (Neo-DREAM).,2022,https://www.doi.org/10.1245/s10434-022-11447-x,https://pubmed.ncbi.nlm.nih.gov/35229218
Adjuvant Nivolumab or Ipilimumab + Nivolumab for Melanoma Determined by Pathological Response to a Single Dose of Neoadjuvant Nivolumab.,2022,https://www.doi.org/10.1245/s10434-021-11199-0,https://pubmed.ncbi.nlm.nih.gov/35061122
Evaluating the Effects of a Tissue Selective Estrogen Complex (TSEC) in Women with Newly Diagnosed Ductal Carcinoma In Situ.,2022,https://www.doi.org/10.1245/s10434-021-11169-6,https://pubmed.ncbi.nlm.nih.gov/34994893
Is Axillary Radiation not Inferior to Axillary Dissection for Sentinel Lymph Node-Positive Breast Cancer After Neoadjuvant Chemotherapy?,2022,https://www.doi.org/10.1245/s10434-021-10830-4,https://pubmed.ncbi.nlm.nih.gov/34671883
Surgical Excision Versus Neoadjuvant Radiotherapy Followed by Delayed Surgical Excision of Ductal Carcinoma In Situ (NORDIS).,2022,https://www.doi.org/10.1245/s10434-021-10552-7,https://pubmed.ncbi.nlm.nih.gov/34471985
Author Correction: Commensal-driven immune zonation of the liver promotes host defence.,2021,https://www.doi.org/10.1038/s41586-021-03346-0,https://pubmed.ncbi.nlm.nih.gov/34373651
Perioperative Versus Adjuvant Chemotherapy in the Management of Incidentally Found Gallbladder Cancer (OPT-IN).,2022,https://www.doi.org/10.1245/s10434-021-10277-7,https://pubmed.ncbi.nlm.nih.gov/34132951
Treatment of Hepatocellular Carcinoma with Neoadjuvant Nivolumab Alone Versus in Combination with a CCR2/5 Inhibitor or an Anti-IL-8 Antibody.,2022,https://www.doi.org/10.1245/s10434-021-10269-7,https://pubmed.ncbi.nlm.nih.gov/34117573
Stereotactic Body Radiation Therapy (SBRT) Versus Transarterial Chemoembolization (TACE) as a Bridge to Transplant in Unresectable Hepatocellular Carcinoma.,2022,https://www.doi.org/10.1245/s10434-021-10278-6,https://pubmed.ncbi.nlm.nih.gov/34117572
Early Postoperative Intraperitoneal Versus Hyperthermic Intraperitoneal Chemotherapy After Optimal Cytoreductive Surgery for Colorectal Cancer with Isolated Peritoneal Metastasis (ICARuS).,2021,https://www.doi.org/10.1245/s10434-021-10110-1,https://pubmed.ncbi.nlm.nih.gov/34032959
Circulating Tumor DNA as a Predictive Biomarker in Adjuvant Chemotherapy for Patients with Stage 2A Colon Cancer (COBRA).,2021,https://www.doi.org/10.1245/s10434-021-10112-z,https://pubmed.ncbi.nlm.nih.gov/33999346
The Role of Liver Resection for Patients with Liver and Unresectable Lung Colorectal Metastases (LUNA).,2021,https://www.doi.org/10.1245/s10434-021-10109-8,https://pubmed.ncbi.nlm.nih.gov/33987761
Pepinemab (Anti-SEMA4D) in Combination with Ipilimumab or Nivolumab for Patients with Resectable Pancreatic and Colorectal Cancer.,2021,https://www.doi.org/10.1245/s10434-021-10111-0,https://pubmed.ncbi.nlm.nih.gov/33987757
Introducing the Ongoing Clinical Trials in the Surgical Oncology Series.,2021,https://www.doi.org/10.1245/s10434-021-10113-y,https://pubmed.ncbi.nlm.nih.gov/33978888
Tumor-infiltrating lymphocytes are associated with improved survival in node-positive Merkel cell carcinoma: A national cohort analysis.,2022,https://www.doi.org/10.1016/j.jaad.2021.03.125,https://pubmed.ncbi.nlm.nih.gov/33932537
ASO Author Reflections: Fibrolamellar Hepatocellular Carcinoma and Alpha-Fetoprotein.,2020,https://www.doi.org/10.1245/s10434-020-08366-0,https://pubmed.ncbi.nlm.nih.gov/32189170
Correction to: Rates of TP53 Mutation are Significantly Elevated in African American Patients with Gastric Cancer.,2020,https://www.doi.org/10.1245/s10434-019-08107-y,https://pubmed.ncbi.nlm.nih.gov/31898094
Hearing Science Accelerator: Sudden Sensorineural Hearing Loss-Executive Summary of Research Initiatives.,2024,https://www.doi.org/10.1097/MAO.0000000000004341,https://pubmed.ncbi.nlm.nih.gov/39473327
Single site metastatic rhabdomyosarcoma: An INternational Soft Tissue saRcoma ConsorTium (INSTRuCT) pooled analysis.,2025,https://www.doi.org/10.1016/j.ejca.2025.115793,https://pubmed.ncbi.nlm.nih.gov/40961812
New Approaches to Investigate Novel Agents in Ewing Sarcoma: A Report From the Children's Oncology Group Bone Tumor Committee.,2025,https://www.doi.org/10.1002/pbc.31917,https://pubmed.ncbi.nlm.nih.gov/40879325
Implications of Implementing Children's Oncology Group Risk Stratification to Patients With Rhabdomyosarcoma Treated on European Paediatric Soft Tissue Sarcoma Study Group Clinical Trial.,2025,https://www.doi.org/10.1002/pbc.31436,https://pubmed.ncbi.nlm.nih.gov/39568171
Don't forget to floss! An innovative approach for vaccine delivery.,2025,https://www.doi.org/10.1016/j.cell.2025.09.008,https://pubmed.ncbi.nlm.nih.gov/41106358
An activating ,2025,https://www.doi.org/10.1126/sciimmunol.ado5986,https://pubmed.ncbi.nlm.nih.gov/40446018
Subcapsular sinus macrophages maximize germinal center development in non-draining lymph nodes during blood-borne viral infection.,2024,https://www.doi.org/10.1126/sciimmunol.adi4926,https://pubmed.ncbi.nlm.nih.gov/38457515
A vaccine sanctuary in the lymph node.,2023,https://www.doi.org/10.1126/science.adf5134,https://pubmed.ncbi.nlm.nih.gov/36701470
Human O-GlcNAcase catalytic-stalk dimer anchors flexible histone binding domains.,2025,https://www.doi.org/10.1038/s42004-025-01813-7,https://pubmed.ncbi.nlm.nih.gov/41366547
Active Filtering: A Predictive Function of Recurrent Circuits of Sensory Cortex.,2025,https://www.doi.org/10.1146/annurev-vision-101922-041523,https://pubmed.ncbi.nlm.nih.gov/40962710
Amplified cortical neural responses as animals learn to use novel activity patterns.,2023,https://www.doi.org/10.1016/j.cub.2023.04.032,https://pubmed.ncbi.nlm.nih.gov/37148876
Sortase-Mediated Site-Specific Conjugation to Prepare Fluorine-18-Labeled Nanobodies.,2024,https://www.doi.org/10.1021/acs.bioconjchem.4c00264,https://pubmed.ncbi.nlm.nih.gov/39172920
Immunotherapy for hepatobiliary cancers: Emerging targets and translational advances.,2022,https://www.doi.org/10.1016/bs.acr.2022.01.013,https://pubmed.ncbi.nlm.nih.gov/35961708
Generation of Single-Domain Antibody-Based Recombinant Immunotoxins.,2022,https://www.doi.org/10.1007/978-1-0716-2075-5_25,https://pubmed.ncbi.nlm.nih.gov/35157290
Development of Glypican-2 Targeting Single-Domain Antibody CAR T Cells for Neuroblastoma.,2022,https://www.doi.org/10.1007/978-1-0716-2075-5_23,https://pubmed.ncbi.nlm.nih.gov/35157288
Hypoxia-induced EGR1 remodels neutrophils to suppress antitumor immunity.,2025,https://www.doi.org/10.1126/sciimmunol.adz2273,https://pubmed.ncbi.nlm.nih.gov/41385607
Rationale for IL-15 superagonists in cancer immunotherapy.,2020,https://www.doi.org/10.1080/14712598.2020.1738379,https://pubmed.ncbi.nlm.nih.gov/32159390
"Drinking water nitrate, disinfection byproducts, and prostate cancer incidence in the Agricultural Health Study.",2025,https://www.doi.org/10.1093/jnci/djaf350,https://pubmed.ncbi.nlm.nih.gov/41423865
Atrazine use and markers of kidney function and nephrotoxicity among male farmers in the Biomarkers of Exposure and Effect in Agriculture Study.,2025,https://www.doi.org/10.1136/oemed-2025-110386,https://pubmed.ncbi.nlm.nih.gov/41218920
Pre-diagnostic immunological markers of bacterial translocation and liver cancer risk: A nested case-control analysis of 12 prospective cohorts.,2025,https://www.doi.org/10.1002/ijc.70201,https://pubmed.ncbi.nlm.nih.gov/41129365
Correction: Distinct germline genetic susceptibility profiles identified for common non-Hodgkin lymphoma subtypes.,2023,https://www.doi.org/10.1038/s41375-023-01978-x,https://pubmed.ncbi.nlm.nih.gov/37666943
An algorithm for quantitatively estimating occupational endotoxin exposure in the Biomarkers of Exposure and Effect in Agriculture (BEEA) study: I. Development of task-specific exposure levels from published data.,2023,https://www.doi.org/10.1002/ajim.23486,https://pubmed.ncbi.nlm.nih.gov/37087684
"Elevated 2,4-dichlorophenoxyacetic acid (2,4-D) herbicide concentrations in the household dust of farmers with recent occupational use.",2023,https://www.doi.org/10.1080/15459624.2023.2198588,https://pubmed.ncbi.nlm.nih.gov/37017362
Impact of overweight and obesity on US renal cell carcinoma incidence trends (1995-2018).,2023,https://www.doi.org/10.1002/ijc.34516,https://pubmed.ncbi.nlm.nih.gov/36929885
IKAROS regulates human T cell phenotype at a thymic and postthymic level.,2025,https://www.doi.org/10.1172/jci.insight.197359,https://pubmed.ncbi.nlm.nih.gov/41424385
"Clinical Characteristics, Management, and Hematopoietic Cell Transplantation of Patients with TLR8 Gain-of-Function.",2025,https://www.doi.org/10.1182/bloodadvances.2025016338,https://pubmed.ncbi.nlm.nih.gov/41370196
CXCL9 as a novel prognostic marker to identify high-risk adults with hemophagocytic lymphohistiocytosis.,2025,https://www.doi.org/10.1182/blood.2025030976,https://pubmed.ncbi.nlm.nih.gov/41369611
IL12RB1 deficiency appearing in North America: expanding the clinical phenotypes.,2025,https://www.doi.org/10.1093/cid/ciaf637,https://pubmed.ncbi.nlm.nih.gov/41248676
The Role of β-Lactam Antibiotics in Treating Mycobacterium abscessus: From Laboratory Insights to Clinical Applications and the Case for Clinical Trials.,2025,https://www.doi.org/10.1093/cid/ciaf547,https://pubmed.ncbi.nlm.nih.gov/41026774
Further Personalizing Medicine in Immune Disorders: Genomic Findings and Hematopoietic Cell Transplantation Survival.,2026,https://www.doi.org/10.1097/TP.0000000000005504,https://pubmed.ncbi.nlm.nih.gov/40739694
"Olorofim for the treatment of invasive fungal diseases in patients with few or no therapeutic options: a single-arm, open-label, phase 2b study.",2025,https://www.doi.org/10.1016/S1473-3099(25)00224-5,https://pubmed.ncbi.nlm.nih.gov/40541222
Interferon-γ therapy in patients with refractory disseminated coccidioidomycosis.,2025,https://www.doi.org/10.1093/cid/ciaf286,https://pubmed.ncbi.nlm.nih.gov/40440413
Genotype-specific immune responses at the intestinal barrier predispose to colitis in mouse models of chronic granulomatous disease.,2025,https://www.doi.org/10.1182/blood.2024026332,https://pubmed.ncbi.nlm.nih.gov/40239128
IRF2BP2 deficiency: An important form of common variable immunodeficiency with inflammation.,2025,https://www.doi.org/10.1016/j.jaci.2025.02.038,https://pubmed.ncbi.nlm.nih.gov/40090425
Anti-IL12p40 autoantibodies in a teenage girl with multiple recurrent abscesses.,2024,https://www.doi.org/10.1016/j.clim.2024.110335,https://pubmed.ncbi.nlm.nih.gov/39098705
Anti-Interleukin-23 Autoantibodies in Adult-Onset Immunodeficiency. Reply.,2024,https://www.doi.org/10.1056/NEJMc2404977,https://pubmed.ncbi.nlm.nih.gov/38986072
Case 20-2024: A 73-Year-Old Man with Recurrent Fever and Liver Lesions.,2024,https://www.doi.org/10.1056/NEJMcpc2309383,https://pubmed.ncbi.nlm.nih.gov/38924735
Hematologically important mutations: Leukocyte adhesion deficiency (second update).,2023,https://www.doi.org/10.1016/j.bcmd.2023.102726,https://pubmed.ncbi.nlm.nih.gov/36696755
Gastrointestinal and Hepatic Manifestations of Chronic Granulomatous Disease.,2023,https://www.doi.org/10.1016/j.jaip.2022.12.039,https://pubmed.ncbi.nlm.nih.gov/36646382
Cerebral aneurysm in three pediatric patients with STAT1 gain-of-function mutations.,2022,https://www.doi.org/10.1007/s00415-022-11131-w,https://pubmed.ncbi.nlm.nih.gov/35435464
"Interpretation of Dihydrorhodamine-1,2,3 Flow Cytometry in Chronic Granulomatous Disease: an Atypical Exemplar.",2022,https://www.doi.org/10.1007/s10875-022-01217-5,https://pubmed.ncbi.nlm.nih.gov/35344128
Host genetics of innate immune system in infection.,2022,https://www.doi.org/10.1016/j.coi.2021.11.003,https://pubmed.ncbi.nlm.nih.gov/35051824
Hematologically important mutations: The autosomal forms of chronic granulomatous disease (third update).,2021,https://www.doi.org/10.1016/j.bcmd.2021.102596,https://pubmed.ncbi.nlm.nih.gov/34547651
Hematologically important mutations: X-linked chronic granulomatous disease (fourth update).,2021,https://www.doi.org/10.1016/j.bcmd.2021.102587,https://pubmed.ncbi.nlm.nih.gov/34175765
Gastrointestinal Computed Tomography Findings in Chronic Granulomatous Disease with Subgroup Clinicopathologic Analysis.,2022,https://www.doi.org/10.1007/s10620-021-06978-4,https://pubmed.ncbi.nlm.nih.gov/33934254
Safety and Efficacy of Ustekinumab in the Inflammatory Bowel Disease of Chronic Granulomatous Disease.,2022,https://www.doi.org/10.1016/j.cgh.2021.03.039,https://pubmed.ncbi.nlm.nih.gov/33813069
Genome-wide association study in patients with pulmonary ,2021,https://www.doi.org/10.1183/13993003.02269-2019,https://pubmed.ncbi.nlm.nih.gov/33542050
Overview of nontuberculous mycobacterial disease in children.,2021,https://www.doi.org/10.1111/jpc.15257,https://pubmed.ncbi.nlm.nih.gov/33404128
A Novel RAC2 Variant Presenting as Severe Combined Immunodeficiency.,2021,https://www.doi.org/10.1007/s10875-020-00915-2,https://pubmed.ncbi.nlm.nih.gov/33188496
Everything a general paediatrician needs to know about primary immunodeficiencies.,2020,https://www.doi.org/10.1111/jpc.15186,https://pubmed.ncbi.nlm.nih.gov/33063908
Successful Matched Related Bone Marrow Transplantation in a Patient with Autosomal Dominant Interferon Gamma Receptor 1 Deficiency.,2020,https://www.doi.org/10.1007/s10875-020-00826-2,https://pubmed.ncbi.nlm.nih.gov/32696284
Neuroinflammatory Disease as an Isolated Manifestation of Hemophagocytic Lymphohistiocytosis.,2020,https://www.doi.org/10.1007/s10875-020-00814-6,https://pubmed.ncbi.nlm.nih.gov/32638196
Germline gain-of-function mutation of STAT1 rescued by somatic mosaicism in immune dysregulation-polyendocrinopathy-enteropathy-X-linked-like disorder.,2020,https://www.doi.org/10.1016/j.jaci.2019.11.028,https://pubmed.ncbi.nlm.nih.gov/31805313
Early oxidative protein modifications and gut damage/leakiness contribute to drug-induced acute liver failure.,2025,https://www.doi.org/10.3350/cmh.2025.0748,https://pubmed.ncbi.nlm.nih.gov/40755007
Amygdala Circuit Substrates for Stress Adaptation and Adversity.,2021,https://www.doi.org/10.1016/j.biopsych.2020.12.026,https://pubmed.ncbi.nlm.nih.gov/33691931
Macrophage NADPH oxidase inhibition by ultralow-dose dextromethorphan alleviates DSS-induced inflammation and colitis.,2025,https://www.doi.org/10.1016/j.freeradbiomed.2025.07.044,https://pubmed.ncbi.nlm.nih.gov/40744346
"Deriving a Health-Based Guidance Value for 9,10-Anthraquinone via integrating PBTK modeling-based reverse dosimetry and In Vitro bioassays.",2025,https://www.doi.org/10.1016/j.envint.2025.109554,https://pubmed.ncbi.nlm.nih.gov/40505263
"Corrigendum to ""Clozapine-N-oxide protects dopaminergic neurons against rotenone-induced neurotoxicity by preventing ferritinophagy-mediated ferroptosis"" [Free Radic. Biol. Med. 212 (2024) 384-402].",2025,https://www.doi.org/10.1016/j.freeradbiomed.2025.03.008,https://pubmed.ncbi.nlm.nih.gov/40082157
Transdiagnostic features of inflammatory markers and executive function across psychiatric disorders.,2025,https://www.doi.org/10.1016/j.jpsychires.2024.11.037,https://pubmed.ncbi.nlm.nih.gov/39615079
Fucoidan ameliorates rotenone-induced Parkinsonism in mice by regulating the microbiota-gut-brain axis.,2024,https://www.doi.org/10.1016/j.ijbiomac.2024.137373,https://pubmed.ncbi.nlm.nih.gov/39521225
Effects of comorbid alcohol use disorder on bipolar disorder: Focusing on neurocognitive function and inflammatory markers.,2023,https://www.doi.org/10.1016/j.psyneuen.2023.106083,https://pubmed.ncbi.nlm.nih.gov/36934699
A novel synthetic peptide SVHRSP attenuates dopaminergic neurodegeneration by inhibiting NADPH oxidase-mediated neuroinflammation in experimental models of Parkinson's disease.,2022,https://www.doi.org/10.1016/j.freeradbiomed.2022.06.241,https://pubmed.ncbi.nlm.nih.gov/35760232
"Corrigendum to ""More inflammation but less brain-derived neurotrophic factor in antisocial personality disorder"" [Psychoneuroendocrinology (2017; 85, 42-48).",2021,https://www.doi.org/10.1016/j.psyneuen.2021.105233,https://pubmed.ncbi.nlm.nih.gov/34243962
Add-on memantine may improve cognitive functions and attenuate inflammation in middle- to old-aged bipolar II disorder patients.,2021,https://www.doi.org/10.1016/j.jad.2020.10.003,https://pubmed.ncbi.nlm.nih.gov/33069121
Nicotinamide Adenine Dinucleotide Phosphate Oxidase and Neurodegenerative Diseases: Mechanisms and Therapy.,2020,https://www.doi.org/10.1089/ars.2019.8014,https://pubmed.ncbi.nlm.nih.gov/31968994
Increased Systemic Levels of Centrally Acting B-Type Natriuretic Peptide Are Associated with Chronic Itch of Different Types.,2024,https://www.doi.org/10.1016/j.jid.2024.02.026,https://pubmed.ncbi.nlm.nih.gov/38522572
Expression of the cold thermoreceptor TRPM8 in rodent brain thermoregulatory circuits.,2021,https://www.doi.org/10.1002/cne.24694,https://pubmed.ncbi.nlm.nih.gov/30942489
Publisher Correction: Trans-ancestry genome-wide association meta-analysis of prostate cancer identifies new susceptibility loci and informs genetic risk prediction.,2021,https://www.doi.org/10.1038/s41588-021-00786-2,https://pubmed.ncbi.nlm.nih.gov/33473200
Role of the Early-Life Microbiome in the Development of Food Allergy.,2025,https://www.doi.org/10.1016/j.jaip.2025.12.007,https://pubmed.ncbi.nlm.nih.gov/41419086
Distinct gut microbiome shifts in the NICU influence later atopic dermatitis development.,2025,https://www.doi.org/10.1111/pai.70239,https://pubmed.ncbi.nlm.nih.gov/41221992
Reply.,2026,https://www.doi.org/10.1016/j.jpeds.2025.114841,https://pubmed.ncbi.nlm.nih.gov/41043500
Can Vaginal Seeding Improve Health Outcomes of Infants Born by Cesarean Delivery?,2025,https://www.doi.org/10.1001/jamapediatrics.2024.6893,https://pubmed.ncbi.nlm.nih.gov/39928324
Rbm25 governs embryonic stem cell identity and fate through transcriptional regulation of pluripotency and epigenetic programs.,2025,https://www.doi.org/10.1016/j.stemcr.2025.102748,https://pubmed.ncbi.nlm.nih.gov/41455468
"Real-world effectiveness and safety of simnotrelvir/ritonavir for COVID-19: A nationwide, multicenter, prospective, observational cohort study in China.",2024,https://www.doi.org/10.1016/j.jinf.2024.106339,https://pubmed.ncbi.nlm.nih.gov/39521253
Visualization of Replisome Encounters with an Antigen Tagged Blocking Lesion.,2021,https://www.doi.org/10.3791/61689,https://pubmed.ncbi.nlm.nih.gov/34398140
"Night shift work and its interaction with sleep duration and chronotype, and risk of cardiovascular-kidney-metabolic diseases in the UK Biobank.",2025,https://www.doi.org/10.1093/eurjpc/zwaf774,https://pubmed.ncbi.nlm.nih.gov/41411331
Longitudinal Changes in Body Composition and OSA Severity among Older Men: The MrOS Study.,2025,https://www.doi.org/10.1513/AnnalsATS.202506-576RL,https://pubmed.ncbi.nlm.nih.gov/41091080
Steroid hormone biosynthesis and dietary related metabolites associated with excessive daytime sleepiness.,2025,https://www.doi.org/10.1016/j.ebiom.2025.105881,https://pubmed.ncbi.nlm.nih.gov/40835488
Night-shift workers: a target population for lifestyle interventions in cancer prevention?,2025,https://www.doi.org/10.1093/sleep/zsaf182,https://pubmed.ncbi.nlm.nih.gov/40652313
Emotion Regulation and Favorable Cardiovascular Health Among Women.,2026,https://www.doi.org/10.1097/PSY.0000000000001412,https://pubmed.ncbi.nlm.nih.gov/40471938
The p53 R181C mutation accumulates through impaired deacetylation by Sirt1 and facilitates tumor development.,2026,https://www.doi.org/10.1038/s42003-025-09465-y,https://pubmed.ncbi.nlm.nih.gov/41484250
Dissection of Gαs and Hedgehog Signaling Crosstalk Reveals Therapeutic Opportunities to Target Hedgehog-Dependent Tumors.,2025,https://www.doi.org/10.1158/0008-5472.CAN-25-1109,https://pubmed.ncbi.nlm.nih.gov/41460725
The landscape of GPCR signaling in the regulation of epidermal stem cell fate and skin homeostasis.,2020,https://www.doi.org/10.1002/stem.3273,https://pubmed.ncbi.nlm.nih.gov/32896043
Correction: Nuclear GAPDH in cortical microglia mediates cellular stress-induced cognitive inflexibility.,2025,https://www.doi.org/10.1038/s41380-024-02636-z,https://pubmed.ncbi.nlm.nih.gov/38956375
Distinct medial temporal volumetric signatures in extra-medial temporal lobe lesional epilepsy.,2025,https://www.doi.org/10.1002/epi4.70201,https://pubmed.ncbi.nlm.nih.gov/41418789
Cyclic peptides as ligands for competition binding assays.,2025,https://www.doi.org/10.1016/bs.mie.2025.08.021,https://pubmed.ncbi.nlm.nih.gov/41266032
Active- and Allosteric-Site Cyclic Peptide Inhibitors of Secreted ,2025,https://www.doi.org/10.1021/acsinfecdis.4c00798,https://pubmed.ncbi.nlm.nih.gov/39903128
Differential Mobility Spectrometry Acoustic Ejection Mass Spectrometer System for Screening Isomerization-Mediating Enzyme Drug Targets.,2024,https://www.doi.org/10.1021/acs.analchem.4c05341,https://pubmed.ncbi.nlm.nih.gov/39698870
"Synthesis and investigation of substituted 1,5-diaryl-1H-1,2,4-triazoles for the discovery of ",2025,https://www.doi.org/10.1016/j.ejmech.2025.118523,https://pubmed.ncbi.nlm.nih.gov/41448048
PET Reporter Probes for Brain Imaging of Transduced Gene and Cell Expression: Status and Challenges.,2025,https://www.doi.org/10.1021/acs.jmedchem.4c02326,https://pubmed.ncbi.nlm.nih.gov/39879224
Development and Evaluation in Rat and Monkey of a Candidate Homochiral Radioligand for PET Studies of Brain Receptor Interacting Protein Kinase 1: [,2025,https://www.doi.org/10.1021/acschemneuro.4c00715,https://pubmed.ncbi.nlm.nih.gov/39745023
Author Correction: Piperideine-6-carboxylic acid regulates vitamin B6 homeostasis and modulates systemic immunity in plants.,2025,https://www.doi.org/10.1038/s41477-025-01960-8,https://pubmed.ncbi.nlm.nih.gov/40033073
The Prokaryotic Roots of Eukaryotic Immune Systems.,2024,https://www.doi.org/10.1146/annurev-genet-111523-102448,https://pubmed.ncbi.nlm.nih.gov/39265037
Discovering Biological Conflict Systems Through Genome Analysis: Evolutionary Principles and Biochemical Novelty.,2022,https://www.doi.org/10.1146/annurev-biodatasci-122220-101119,https://pubmed.ncbi.nlm.nih.gov/35609893
"Leveraging Peripheral CB1 Antagonism in 1,4,5,6-Tetrahydropyridazine-Based Amidine Substituted Sulfonyl Analogs for Treating Metabolic Disorders.",2025,https://www.doi.org/10.1021/acs.jmedchem.5c01158,https://pubmed.ncbi.nlm.nih.gov/41074851
Therapeutic Potential of Vascular Adhesion Protein-1 (VAP-1)/Semicarbazide-Sensitive Amine Oxidase (SSAO) Inhibitors: Current Medicinal Chemistry and Emerging Opportunities.,2025,https://www.doi.org/10.1002/med.22118,https://pubmed.ncbi.nlm.nih.gov/40396328
Evaluation of tetrahydropyridazine-based peripherally restricted dual inhibitors of CB1R and inducible nitric oxide synthase (iNOS) for treating metabolic syndrome disorders.,2025,https://www.doi.org/10.1016/j.metabol.2025.156291,https://pubmed.ncbi.nlm.nih.gov/40368157
A review of kappa opioid receptor antagonists and their clinical trial landscape.,2025,https://www.doi.org/10.1016/j.ejmech.2024.117205,https://pubmed.ncbi.nlm.nih.gov/39893986
A patent review on aldehyde dehydrogenase inhibitors: an overview of small molecule inhibitors from the last decade.,2023,https://www.doi.org/10.1080/13543776.2023.2287515,https://pubmed.ncbi.nlm.nih.gov/38037334
"Cannabinoformins: Designing Biguanide-Embedded, Orally Available, Peripherally Selective Cannabinoid-1 Receptor Antagonists for Metabolic Syndrome Disorders.",2023,https://www.doi.org/10.1021/acs.jmedchem.3c00599,https://pubmed.ncbi.nlm.nih.gov/37611316
Preclinical to Clinical Profile of ,2023,https://www.doi.org/10.2174/1568026623666230428101440,https://pubmed.ncbi.nlm.nih.gov/37132313
Targeting Sterol ,2022,https://www.doi.org/10.1021/acs.jmedchem.2c01265,https://pubmed.ncbi.nlm.nih.gov/36473091
Soluble epoxide hydrolase inhibitors: an overview and patent review from the last decade.,2022,https://www.doi.org/10.1080/13543776.2022.2054329,https://pubmed.ncbi.nlm.nih.gov/35410559
"Synthesis, Biological Evaluation, and Molecular Modeling Studies of 3,4-Diarylpyrazoline Series of Compounds as Potent, Nonbrain Penetrant Antagonists of Cannabinoid-1 (CB",2022,https://www.doi.org/10.1021/acs.jmedchem.1c01836,https://pubmed.ncbi.nlm.nih.gov/35084860
Therapeutic approaches targeting the neurotensin receptors.,2021,https://www.doi.org/10.1080/13543776.2021.1866539,https://pubmed.ncbi.nlm.nih.gov/33393392
Use of chemical hair straighteners in relation to incidence and growth of uterine leiomyomata: a prospective ultrasound study.,2025,https://www.doi.org/10.1093/aje/kwaf286,https://pubmed.ncbi.nlm.nih.gov/41469322
Multiple Psychosocial Stressors and Coping Strategies in Relation to Sleep Health.,2025,https://www.doi.org/10.1093/sleep/zsaf190,https://pubmed.ncbi.nlm.nih.gov/40643189
The Need for Social and Environmental Determinants of Health Research to Understand and Intervene on Racial/Ethnic Disparities in Obstructive Sleep Apnea.,2024,https://www.doi.org/10.1016/j.jsmc.2024.07.002,https://pubmed.ncbi.nlm.nih.gov/39455174
A mixed methods approach to understand greenspace redevelopment in relation to objectively- and subjectively-measured sleep health among Black adults in Southwest Atlanta.,2022,https://www.doi.org/10.1016/j.healthplace.2022.102812,https://pubmed.ncbi.nlm.nih.gov/35640375
Endothelial PROX1 induces blood-brain barrier disruption in the central nervous system.,2026,https://www.doi.org/10.1172/jci.insight.187716,https://pubmed.ncbi.nlm.nih.gov/41480750
Grassroots efforts to end structural racism throughout the US National Institutes of Health.,2022,https://www.doi.org/10.1038/s41591-021-01646-6,https://pubmed.ncbi.nlm.nih.gov/35132268
High-risk Medulloblastoma-Balancing the High Stakes of Molecular Profiling to Enhance Treatment Responsivity.,2021,https://www.doi.org/10.1001/jamaoncol.2021.2084,https://pubmed.ncbi.nlm.nih.gov/34292302
Affirming NIH's commitment to addressing structural racism in the biomedical research enterprise.,2021,https://www.doi.org/10.1016/j.cell.2021.05.014,https://pubmed.ncbi.nlm.nih.gov/34115967
Methodology Concerns Regarding Claims Data Studies in Transgender Health.,2025,https://www.doi.org/10.1001/jamaoncol.2025.0023,https://pubmed.ncbi.nlm.nih.gov/40048157
Commentary on New Guidance for Human Papillomavirus-Related Cancer Screening Among Sexual and Gender Minority Populations.,2023,https://www.doi.org/10.1097/LGT.0000000000000764,https://pubmed.ncbi.nlm.nih.gov/37729044
"Reply to ""Age-specific versus age-adjusted rates for the evaluation of the impact of the sex on cancer morbidity"".",2023,https://www.doi.org/10.1002/cncr.34568,https://pubmed.ncbi.nlm.nih.gov/36426985
The Concise Guide to PHARMACOLOGY 2025/26: G protein-coupled receptors.,2025,https://www.doi.org/10.1111/bph.70230,https://pubmed.ncbi.nlm.nih.gov/41461581
Bitopic A,2025,https://www.doi.org/10.1021/acs.jmedchem.5c01985,https://pubmed.ncbi.nlm.nih.gov/41026931
Broad-spectrum antiviral brincidofovir inhibits Epstein-Barr virus and related gammaherpesvirus in human and nonhuman primate cells.,2025,https://www.doi.org/10.1172/JCI195764,https://pubmed.ncbi.nlm.nih.gov/41289155
The path to prevention of multiple sclerosis: Considerations for Epstein-Barr virus vaccine-based prevention studies.,2025,https://www.doi.org/10.1177/13524585251340812,https://pubmed.ncbi.nlm.nih.gov/40415641
4D marmoset brain map reveals MRI and molecular signatures for onset of multiple sclerosis-like lesions.,2025,https://www.doi.org/10.1126/science.adp6325,https://pubmed.ncbi.nlm.nih.gov/40014701
Spinal cord size as promising biomarker of disability outcomes after hematopoietic stem cell transplantation in multiple sclerosis.,2024,https://www.doi.org/10.1016/j.msard.2024.105745,https://pubmed.ncbi.nlm.nih.gov/38996712
Differential activation of neuroinflammatory pathways in children with seizures: A cross-sectional study.,2021,https://www.doi.org/10.1016/j.seizure.2021.05.022,https://pubmed.ncbi.nlm.nih.gov/34161903
Gene expression profiling reveals two overarching types of ALCL with distinct targetable biology: an LLMPP study.,2025,https://www.doi.org/10.1182/blood.2024027700,https://pubmed.ncbi.nlm.nih.gov/41329859
Pediatric-Type Follicular Lymphoma of the Conjunctiva: Shared Histologic and Molecular Features With the Nodal Counterpart.,2025,https://www.doi.org/10.1097/PAS.0000000000002484,https://pubmed.ncbi.nlm.nih.gov/41225296
Follicular Helper T-Cell Lymphomas With Epstein-Barr Virus-Positive Neoplastic Cells: A Rare Scenario With Diagnostic Implications.,2025,https://www.doi.org/10.1016/j.modpat.2025.100875,https://pubmed.ncbi.nlm.nih.gov/40876773
"Genomics of T-Cell Lymphomas With CD30/CD15 Co-Expression: Comparison With Anaplastic Large-Cell Lymphoma, ALK-Negative.",2025,https://www.doi.org/10.1097/PAS.0000000000002447,https://pubmed.ncbi.nlm.nih.gov/40605272
Current Concepts in Histiocytic Neoplasms.,2025,https://www.doi.org/10.1097/PAP.0000000000000499,https://pubmed.ncbi.nlm.nih.gov/40329905
Phase 2 study of alemtuzumab and dose-adjusted EPOCH-R in relapsed or refractory aggressive B-cell lymphomas.,2025,https://www.doi.org/10.1080/10428194.2025.2457553,https://pubmed.ncbi.nlm.nih.gov/39899393
"Peripheral T-cell lymphomas expressing CD30 and CD15 expand the spectrum of anaplastic large cell lymphoma, ALK-negative.",2024,https://www.doi.org/10.1111/bjh.19442,https://pubmed.ncbi.nlm.nih.gov/38613165
"Interferon alfa-2b in patients with low-grade lymphomatoid granulomatosis and chemotherapy with DA-EPOCH-R in patients with high-grade lymphomatoid granulomatosis: an open-label, single-centre, phase 2 trial.",2023,https://www.doi.org/10.1016/S2352-3026(23)00029-7,https://pubmed.ncbi.nlm.nih.gov/37011643
'A novel approach for characterisation of KSHV-associated multicentric Castleman disease from effusions': Response.,2023,https://www.doi.org/10.1111/bjh.18699,https://pubmed.ncbi.nlm.nih.gov/36794595
Advances in the Classification of Myeloid and Lymphoid Neoplasms.,2023,https://www.doi.org/10.1007/s00428-022-03487-1,https://pubmed.ncbi.nlm.nih.gov/36586001
Core biopsy for lymphoma diagnosis? A needling prospect.,2022,https://www.doi.org/10.1182/blood.2022017461,https://pubmed.ncbi.nlm.nih.gov/36520478
Evolution in the definition and diagnosis of the Hodgkin lymphomas and related entities.,2023,https://www.doi.org/10.1007/s00428-022-03427-z,https://pubmed.ncbi.nlm.nih.gov/36274093
Lymphoma Classification.,2020,https://www.doi.org/10.1097/PPO.0000000000000451,https://pubmed.ncbi.nlm.nih.gov/32496451
Navigating the cutaneous B-cell lymphomas: avoiding the rocky shoals.,2020,https://www.doi.org/10.1038/s41379-019-0385-7,https://pubmed.ncbi.nlm.nih.gov/31653979
The Concise Guide to PHARMACOLOGY 2025/26: G protein-coupled receptors.,2025,https://www.doi.org/10.1111/bph.70230,https://pubmed.ncbi.nlm.nih.gov/41461581
Validity of Secretin Stimulation Testing on Proton Pump Inhibitor Therapy for Diagnosis of Zollinger-Ellison Syndrome.,2021,https://www.doi.org/10.14309/ajg.0000000000001487,https://pubmed.ncbi.nlm.nih.gov/34515664
"Bombesin, endothelin, neurotensin and pituitary adenylate cyclase activating polypeptide cause tyrosine phosphorylation of receptor tyrosine kinases.",2021,https://www.doi.org/10.1016/j.peptides.2020.170480,https://pubmed.ncbi.nlm.nih.gov/33385499
Multiple Endocrine Neoplasia Type 1 and the Pancreas: Diagnosis and Treatment of Functioning and Non-Functioning Pancreatic and Duodenal Neuroendocrine Neoplasia within the MEN1 Syndrome - An International Consensus Statement.,2021,https://www.doi.org/10.1159/000511791,https://pubmed.ncbi.nlm.nih.gov/32971521
Publisher Correction: Neuro-immuno-endocrinology of the skin: how environment regulates body homeostasis.,2025,https://www.doi.org/10.1038/s41574-025-01126-8,https://pubmed.ncbi.nlm.nih.gov/40316721
A direct solubilization approach to purify active full-length human neuropathy target esterase.,2025,https://www.doi.org/10.1016/j.pep.2025.106768,https://pubmed.ncbi.nlm.nih.gov/40639723
Cryo-EM Uncovers Atomic Details for Loading Cell-Killing Enzymes to the Anthrax Toxin Pretranslocation Complex.,2020,https://www.doi.org/10.1016/j.str.2020.07.008,https://pubmed.ncbi.nlm.nih.gov/32755568
Publisher Correction: A T cell resilience model associated with response to immunotherapy in multiple tumor types.,2022,https://www.doi.org/10.1038/s41591-022-01997-8,https://pubmed.ncbi.nlm.nih.gov/35953723
Gut bacteria metabolize natural and synthetic steroid hormones via the reductive OsrABC pathway.,2025,https://www.doi.org/10.1016/j.chom.2025.09.014,https://pubmed.ncbi.nlm.nih.gov/41118772
Bacterial intragenic inversions: a new layer of diversity.,2025,https://www.doi.org/10.1016/j.tig.2024.12.002,https://pubmed.ncbi.nlm.nih.gov/39706706
Chemorepulsion: Moving away from improper attractions.,2023,https://www.doi.org/10.1016/j.cub.2023.03.076,https://pubmed.ncbi.nlm.nih.gov/37160099
G protein-coupled receptor-mediated membrane targeting of PLCγ2 is essential for neutrophil chemotaxis.,2023,https://www.doi.org/10.1093/jleuko/qiad043,https://pubmed.ncbi.nlm.nih.gov/37040618
Visualizing Key Signaling Components of Macropinocytosis and Phagocytosis Using Confocal Microscopy in the Model Organism Dictyostelium discoideum.,2021,https://www.doi.org/10.1007/978-1-0716-1402-0_10,https://pubmed.ncbi.nlm.nih.gov/34028718
Molecular determinants of thrombosis recurrence risk across venous thromboembolism subtypes.,2025,https://www.doi.org/10.1182/blood.2024027879,https://pubmed.ncbi.nlm.nih.gov/40811855
Genome-wide meta-analysis of heavy menstrual bleeding reveals 36 risk loci.,2025,https://www.doi.org/10.1182/blood.2024027382,https://pubmed.ncbi.nlm.nih.gov/40324064
General Kernel Machine Methods for Multi-Omics Integration and Genome-Wide Association Testing With Related Individuals.,2025,https://www.doi.org/10.1002/gepi.22610,https://pubmed.ncbi.nlm.nih.gov/39812506
Cardiorespiratory Fitness Is Associated with Decreased Platelet Reactivity.,2024,https://www.doi.org/10.1249/MSS.0000000000003502,https://pubmed.ncbi.nlm.nih.gov/38913957
Genetic and nongenetic drivers of platelet reactivity in healthy Tanzanian individuals.,2024,https://www.doi.org/10.1016/j.jtha.2023.11.014,https://pubmed.ncbi.nlm.nih.gov/38029856
Author Correction: Clonal haematopoiesis and risk of chronic liver disease.,2023,https://www.doi.org/10.1038/s41586-023-06375-z,https://pubmed.ncbi.nlm.nih.gov/37400552
The association between platelet reactivity and lipoprotein levels in Framingham Heart Study participants.,2023,https://www.doi.org/10.1016/j.thromres.2023.03.013,https://pubmed.ncbi.nlm.nih.gov/37062119
"Author Correction: Inherited causes of clonal haematopoiesis in 97,691 whole genomes.",2021,https://www.doi.org/10.1038/s41586-021-03280-1,https://pubmed.ncbi.nlm.nih.gov/33707633
Skeletal involvement in Erdheim-Chester disease: Multimodality imaging features and association with the BRAF,2024,https://www.doi.org/10.1016/j.clinimag.2023.110067,https://pubmed.ncbi.nlm.nih.gov/38128404
Ethical Considerations for Artificial Intelligence in Medical Imaging: Deployment and Governance.,2023,https://www.doi.org/10.2967/jnumed.123.266110,https://pubmed.ncbi.nlm.nih.gov/37620051
Review of Technical Advancements and Clinical Applications of Photon-counting Computed Tomography in Imaging of the Thorax.,2021,https://www.doi.org/10.1097/RTI.0000000000000569,https://pubmed.ncbi.nlm.nih.gov/33399350
"Reinventing Molecular Imaging with Total-Body PET, Part I: Technical Revolution in Evolution.",2020,https://www.doi.org/10.1016/j.cpet.2020.06.012,https://pubmed.ncbi.nlm.nih.gov/32798209
"Drinking water nitrate, disinfection byproducts, and prostate cancer incidence in the Agricultural Health Study.",2025,https://www.doi.org/10.1093/jnci/djaf350,https://pubmed.ncbi.nlm.nih.gov/41423865
Trends in Childhood and Adolescent Cancer Incidence Rates in the United States between 2001 and 2022.,2025,https://www.doi.org/10.1158/2159-8290.CD-25-1493,https://pubmed.ncbi.nlm.nih.gov/41370847
Exposures to drinking water contaminants in community water systems and risk of ovarian cancer in the California Teachers Study cohort.,2025,https://www.doi.org/10.1289/EHP16582,https://pubmed.ncbi.nlm.nih.gov/40471647
State-Specific Incidence of Endometrial Cancer in the United States by Histologic Subtype Corrected for Hysterectomy Prevalence from 2010 to 2019.,2025,https://www.doi.org/10.1158/1055-9965.EPI-25-0057,https://pubmed.ncbi.nlm.nih.gov/40392197
Long-Term Exposure to Uranium and Arsenic in Community Drinking Water and CKD Risk Among California Women.,2025,https://www.doi.org/10.1053/j.ajkd.2025.04.008,https://pubmed.ncbi.nlm.nih.gov/40381930
"Domestic radon exposure and childhood cancer risk by site and sex in 727 counties in the United States, 2001-2018.",2024,https://www.doi.org/10.1016/j.scitotenv.2024.176288,https://pubmed.ncbi.nlm.nih.gov/39278504
Per- and polyfluoroalkyl substances (PFAS) in drinking water in Southeast Los Angeles: Industrial legacy and environmental justice.,2024,https://www.doi.org/10.1016/j.scitotenv.2024.176067,https://pubmed.ncbi.nlm.nih.gov/39244057
Exposure to nitrate from drinking water and the risk of childhood cancer in Denmark.,2021,https://www.doi.org/10.1016/j.envint.2021.106613,https://pubmed.ncbi.nlm.nih.gov/33965769
Outdoor light at night and postmenopausal breast cancer risk in the NIH-AARP diet and health study.,2020,https://www.doi.org/10.1002/ijc.33016,https://pubmed.ncbi.nlm.nih.gov/32488897
Impact of geo-imputation on epidemiologic associations in a study of outdoor air pollution and respiratory hospitalization.,2020,https://www.doi.org/10.1016/j.sste.2019.100322,https://pubmed.ncbi.nlm.nih.gov/32007283
Insulin Resistance in Healthy U.S. Adults: Findings from the National Health and Nutrition Examination Survey (NHANES).,2020,https://www.doi.org/10.1158/1055-9965.EPI-19-0206,https://pubmed.ncbi.nlm.nih.gov/31641012
Opportunities to improve mentorship of underrepresented minority nurse faculty on the tenure track: A Delphi study.,2025,https://www.doi.org/10.1016/j.outlook.2025.102437,https://pubmed.ncbi.nlm.nih.gov/40412238
Brain dopamine responses to ultra-processed milkshakes are highly variable and not significantly related to adiposity in humans.,2025,https://www.doi.org/10.1016/j.cmet.2025.02.002,https://pubmed.ncbi.nlm.nih.gov/40043691
Taste processing in autism spectrum disorder: A translational scoping review.,2025,https://www.doi.org/10.1016/j.neubiorev.2025.106031,https://pubmed.ncbi.nlm.nih.gov/39894423
Association of inflammation biomarkers with food cravings and appetite changes across the menstrual cycle.,2023,https://www.doi.org/10.1016/j.clnesp.2023.06.004,https://pubmed.ncbi.nlm.nih.gov/37344073
Sensory cue reactivity: Sensitization in alcohol use disorder and obesity.,2021,https://www.doi.org/10.1016/j.neubiorev.2021.02.014,https://pubmed.ncbi.nlm.nih.gov/33587959
"The Microbiome, Metabolomics, and Nursing Science: Part 2.",2021,https://www.doi.org/10.1177/1099800420964593,https://pubmed.ncbi.nlm.nih.gov/33030028
"The Microbiome, Metabolomics, and Nursing Science: Part 1.",2020,https://www.doi.org/10.1177/1099800420943674,https://pubmed.ncbi.nlm.nih.gov/32998556
Distinct contributions of anterior and posterior orbitofrontal cortex to outcome-guided behavior.,2025,https://www.doi.org/10.1016/j.cub.2025.10.007,https://pubmed.ncbi.nlm.nih.gov/41187754
BK virus kinetics and associated cystitis/urethritis symptoms after PTCy-based allogeneic hematopoietic cell transplant.,2026,https://www.doi.org/10.1182/bloodadvances.2025016589,https://pubmed.ncbi.nlm.nih.gov/40864202
REMOVED: Post-Transplantation Cyclophosphamide Protects the Thymus from Alloreactive T-Cell Damage after T-Cell-Replete MHC-Haploidentical Hematopoietic Cell Transplantation but Does Not Rescue Normal Medullary Thymic Epithelial Cell Differentiation or Intrathymic Clonal Deletion.,2025,https://www.doi.org/10.1016/j.jtct.2025.01.090,https://pubmed.ncbi.nlm.nih.gov/40617647
Role of Donor Cytomegalovirus Serostatus in Cytomegalovirus-Seronegative Recipients of Unrelated Donor Hematopoietic Cell Transplantation with Post-Transplant Cyclophosphamide Prophylaxis.,2025,https://www.doi.org/10.1016/j.jtct.2025.05.005,https://pubmed.ncbi.nlm.nih.gov/40379049
Impact of Donor Age and Donor Cytomegalovirus Serostatus on Outcomes After Related Donor Allogeneic Hematopoietic Stem Cell Transplantation.,2025,https://www.doi.org/10.1002/ajh.27662,https://pubmed.ncbi.nlm.nih.gov/40071498
Genetic testing to identify hereditary predispositions to haematological malignancy is critical prior to allogenic haematopoietic cell transplant.,2025,https://www.doi.org/10.1111/bjh.19989,https://pubmed.ncbi.nlm.nih.gov/39865735
Effect of donor age in patients with acute myeloid leukemia undergoing haploidentical hematopoietic cell transplantation vary by conditioning intensity and recipient age.,2024,https://www.doi.org/10.1002/ajh.27126,https://pubmed.ncbi.nlm.nih.gov/37850688
Correction to: An adapted European LeukemiaNet genetic risk stratification for acute myeloid leukemia patients undergoing allogeneic hematopoietic cell transplant. A CIBMTR analysis.,2022,https://www.doi.org/10.1038/s41409-022-01625-6,https://pubmed.ncbi.nlm.nih.gov/35297406
"Functional, immunogenetic, and structural convergence in influenza immunity between humans and macaques.",2025,https://www.doi.org/10.1126/scitranslmed.ady3570,https://pubmed.ncbi.nlm.nih.gov/40929243
Evaluation of a nanoparticle influenza vaccine in the pig model.,2025,https://www.doi.org/10.1016/j.vaccine.2025.126844,https://pubmed.ncbi.nlm.nih.gov/39947075
Structural basis for complement receptor engagement and virus neutralization through Epstein-Barr virus gp350.,2025,https://www.doi.org/10.1016/j.immuni.2025.01.010,https://pubmed.ncbi.nlm.nih.gov/39909035
Pre-exposure antibody prophylaxis protects macaques from severe influenza.,2025,https://www.doi.org/10.1126/science.ado6481,https://pubmed.ncbi.nlm.nih.gov/39883776
Vaccination with different group 2 influenza subtypes alters epitope targeting and breadth of hemagglutinin stem-specific human B cells.,2025,https://www.doi.org/10.1126/scitranslmed.adr8373,https://pubmed.ncbi.nlm.nih.gov/39742506
C1q enables influenza hemagglutinin stem binding antibodies to block viral attachment and broadens the antibody escape repertoire.,2024,https://www.doi.org/10.1126/sciimmunol.adj9534,https://pubmed.ncbi.nlm.nih.gov/38517951
An influenza H1 hemagglutinin stem-only immunogen elicits a broadly cross-reactive B cell response in humans.,2023,https://www.doi.org/10.1126/scitranslmed.ade4976,https://pubmed.ncbi.nlm.nih.gov/37075126
Broad neutralization of H1 and H3 viruses by adjuvanted influenza HA stem vaccines in nonhuman primates.,2021,https://www.doi.org/10.1126/scitranslmed.abe5449,https://pubmed.ncbi.nlm.nih.gov/33658355
From complexity to consensus: A roadmap for neutrophil classification.,2025,https://www.doi.org/10.1016/j.immuni.2025.07.011,https://pubmed.ncbi.nlm.nih.gov/40763729
Reply.,2025,https://www.doi.org/10.1002/art.43274,https://pubmed.ncbi.nlm.nih.gov/40495264
Unraveling the role of neutrophil extracellular traps in rheumatoid arthritis: From triggers to therapeutic targets.,2025,https://www.doi.org/10.1016/j.semarthrit.2024.152585,https://pubmed.ncbi.nlm.nih.gov/39551675
A Multiomic Analysis to Identify Drivers of Subclinical Vascular Disease in Systemic Lupus Erythematosus.,2024,https://www.doi.org/10.1002/art.42925,https://pubmed.ncbi.nlm.nih.gov/38923259
"""Rounding Third Base and Heading Home"": Arthritis & Rheumatology in 2024.",2024,https://www.doi.org/10.1002/art.42828,https://pubmed.ncbi.nlm.nih.gov/38572586
Casting a Wide NET.,2022,https://www.doi.org/10.4049/jimmunol.2200173,https://pubmed.ncbi.nlm.nih.gov/36130128
Reply.,2023,https://www.doi.org/10.1002/art.42328,https://pubmed.ncbi.nlm.nih.gov/35969518
"Arthritis & Rheumatology: ""Mid-Term"" Report.",2022,https://www.doi.org/10.1002/art.42131,https://pubmed.ncbi.nlm.nih.gov/35358367
Neutrophils as Drivers of Immune Dysregulation in Autoimmune Diseases with Skin Manifestations.,2022,https://www.doi.org/10.1016/j.jid.2021.04.014,https://pubmed.ncbi.nlm.nih.gov/34253374
Neutrophil Dysregulation in the Pathogenesis of Systemic Lupus Erythematosus.,2021,https://www.doi.org/10.1016/j.rdc.2021.04.002,https://pubmed.ncbi.nlm.nih.gov/34215366
Somatic Mutations in UBA1 Define a Distinct Subset of Relapsing Polychondritis Patients With VEXAS.,2021,https://www.doi.org/10.1002/art.41743,https://pubmed.ncbi.nlm.nih.gov/33779074
Arthritis & Rheumatology: Evolving to Meet the Challenges of Rheumatology.,2020,https://www.doi.org/10.1002/art.41303,https://pubmed.ncbi.nlm.nih.gov/32510797
The mechanics of myeloid cells.,2020,https://www.doi.org/10.1111/boc.201900084,https://pubmed.ncbi.nlm.nih.gov/31916263
NETs spread ever wider in rheumatic diseases.,2020,https://www.doi.org/10.1038/s41584-019-0352-1,https://pubmed.ncbi.nlm.nih.gov/31853047
Parallels in Canonical Developmental Signaling Pathways between Normal Development and the Tumor Microenvironment.,2025,https://www.doi.org/10.1101/cshperspect.a041609,https://pubmed.ncbi.nlm.nih.gov/40097188
Liraglutide for Children 6 to <12 Years of Age with Obesity.,2025,https://www.doi.org/10.1056/NEJMc2503084,https://pubmed.ncbi.nlm.nih.gov/40334167
'I still remember': Increased categoric autobiographical memories in behavioural variant of frontotemporal dementia.,2025,https://www.doi.org/10.1111/jnp.12404,https://pubmed.ncbi.nlm.nih.gov/39659093
A feasibility study of the combination of intranasal insulin with oral semaglutide for cognition in older adults with metabolic syndrome at high dementia risk- Study rationale and design.,2024,https://www.doi.org/10.1016/j.mad.2023.111898,https://pubmed.ncbi.nlm.nih.gov/38159613
Exosome Biomarkers Revolutionize Preclinical Diagnosis of Neurodegenerative Diseases and Assessment of Treatment Responses in Clinical Trials.,2020,https://www.doi.org/10.1007/978-3-030-32633-3_19,https://pubmed.ncbi.nlm.nih.gov/32468469
A phase 2 study of GI-6207 in patients with recurrent medullary thyroid cancer.,2025,https://www.doi.org/10.1093/oncolo/oyaf429,https://pubmed.ncbi.nlm.nih.gov/41467761
Pembrolizumab in Recurrent or Metastatic Medullary Thyroid Cancer.,2025,https://www.doi.org/10.1093/oncolo/oyaf348,https://pubmed.ncbi.nlm.nih.gov/41454616
Long-Term Follow-Up of Neoadjuvant Enzalutamide Plus Androgen Deprivation Therapy in Localized Prostate Cancer: A Secondary Analysis of a Neoadjuvant Feasibility Trial.,2025,https://www.doi.org/10.1002/pros.70093,https://pubmed.ncbi.nlm.nih.gov/41241930
National Cancer Institute's Working Group on Biochemically Recurrent Prostate Cancer: Clinical Trial Design Considerations.,2025,https://www.doi.org/10.1200/JCO-25-01693,https://pubmed.ncbi.nlm.nih.gov/41129763
Signaling new therapeutic opportunities: cytokines in prostate cancer.,2022,https://www.doi.org/10.1080/14712598.2022.2108701,https://pubmed.ncbi.nlm.nih.gov/35930001
EDITORIAL COMMENT.,2021,https://www.doi.org/10.1016/j.urology.2021.05.081,https://pubmed.ncbi.nlm.nih.gov/34758550
The World of Clinical Trial Development Post COVID-19: Lessons Learned from a Global Pandemic.,2020,https://www.doi.org/10.1158/1078-0432.CCR-20-1914,https://pubmed.ncbi.nlm.nih.gov/32503806
How Do We Respond to Men with BRCA Mutations when They Ask About Prostate Cancer?,2020,https://www.doi.org/10.1016/j.eururo.2019.10.001,https://pubmed.ncbi.nlm.nih.gov/31676126
Chromatin buffers torsional stress during transcription.,2025,https://www.doi.org/10.1126/science.adv0134,https://pubmed.ncbi.nlm.nih.gov/41411413
Leveraging optimized oligonucleotide-tagged antigen assemblies and single-cell sequencing for multiplexed proteogenomic profiling of human B cell reactivities.,2025,https://www.doi.org/10.1093/jimmun/vkaf301,https://pubmed.ncbi.nlm.nih.gov/41220068
"False Alarm: XMRV, Cancer, and Chronic Fatigue Syndrome.",2024,https://www.doi.org/10.1146/annurev-virology-111821-125122,https://pubmed.ncbi.nlm.nih.gov/38976866
Current HIV/SIV Reservoir Assays for Preclinical and Clinical Applications: Recommendations from the Experts 2022 NIAID Workshop Summary.,2023,https://www.doi.org/10.1089/AID.2022.0188,https://pubmed.ncbi.nlm.nih.gov/37126090
HIV drug resistance in various body compartments.,2022,https://www.doi.org/10.1097/COH.0000000000000741,https://pubmed.ncbi.nlm.nih.gov/35762375
How to Judge Failure: Defining Treatment Resistance to Anti-VEGF Therapy in Exudative Maculopathies-A Systematic Scoping Review.,2025,https://www.doi.org/10.1016/j.oret.2025.10.006,https://pubmed.ncbi.nlm.nih.gov/41101497
"Comment on ""Phase 2 Study of the Anti-High Temperature Requirement A1 (HtrA1) Fab Galegenimab (FHTR2163) in Geographic Atrophy Secondary to Age-Related Macular Degeneration"".",2025,https://www.doi.org/10.1016/j.ajo.2025.04.044,https://pubmed.ncbi.nlm.nih.gov/40348352
Visual Field Changes in Diabetic Retinopathy: Natural History and after Pan-Retinal Photocoagulation in the Diabetic Retinopathy Study and the ETDRS.,2025,https://www.doi.org/10.1016/j.oret.2025.04.021,https://pubmed.ncbi.nlm.nih.gov/40345532
Determinants of Four-Year Visual Acuity Loss in Geographic Atrophy: An Analysis of Age-Related Eye Disease Study and Age-Related Eye Disease Study 2.,2025,https://www.doi.org/10.1016/j.ophtha.2025.01.028,https://pubmed.ncbi.nlm.nih.gov/39921001
Intraoperative Aberrometry versus Preoperative Biometry for Intraocular Lens Power Calculations: A Report by the American Academy of Ophthalmology.,2025,https://www.doi.org/10.1016/j.ophtha.2024.08.007,https://pubmed.ncbi.nlm.nih.gov/39365199
Local and Global Associations of Reticular Pseudodrusen in Age-Related Macular Degeneration.,2024,https://www.doi.org/10.1016/j.oret.2024.01.016,https://pubmed.ncbi.nlm.nih.gov/38278174
Artificial intelligence for home monitoring devices.,2023,https://www.doi.org/10.1097/ICU.0000000000000981,https://pubmed.ncbi.nlm.nih.gov/37527207
REPLY.,2023,https://www.doi.org/10.1016/j.ophtha.2023.03.016,https://pubmed.ncbi.nlm.nih.gov/37115125
Hyperreflective Foci in Age-Related Macular Degeneration are Associated with Disease Severity and Functional Impairment.,2023,https://www.doi.org/10.1016/j.oret.2022.11.006,https://pubmed.ncbi.nlm.nih.gov/36403926
Assessment of Retinal Changes Following Intravitreal Aflibercept in 2 Patients With Von Hippel-Lindau Disease-Related Retinal Capillary Hemangioblastoma.,2022,https://www.doi.org/10.1001/jamaophthalmol.2022.4425,https://pubmed.ncbi.nlm.nih.gov/36301552
Evaluation of Cone- and Rod-Mediated Parameters in Dark Adaptation Testing as Outcome Measures in Age-Related Macular Degeneration.,2022,https://www.doi.org/10.1016/j.oret.2022.05.018,https://pubmed.ncbi.nlm.nih.gov/35643387
Reply.,2022,https://www.doi.org/10.1016/j.oret.2021.12.002,https://pubmed.ncbi.nlm.nih.gov/35393078
Reply.,2022,https://www.doi.org/10.1016/j.ophtha.2022.02.014,https://pubmed.ncbi.nlm.nih.gov/35379480
Comparison of agents using higher dose anti-VEGF therapy for treatment-resistant neovascular age-related macular degeneration.,2022,https://www.doi.org/10.1007/s00417-021-05547-9,https://pubmed.ncbi.nlm.nih.gov/35092447
Re: Jaffe et al.: C5 inhibitor avacincaptad pegol for geographic atrophy due to age-related macular degeneration: a randomized pivotal phase 2/3 trial (Ophthalmology. 2021;128:576-586).,2021,https://www.doi.org/10.1016/j.ophtha.2020.12.030,https://pubmed.ncbi.nlm.nih.gov/33551286
Predicting Incremental and Future Visual Change in Neovascular Age-Related Macular Degeneration Using Deep Learning.,2021,https://www.doi.org/10.1016/j.oret.2021.01.009,https://pubmed.ncbi.nlm.nih.gov/33516917
The Hitchhiker's Guide to Cluster Analysis: Multi Pertransibunt et Augebitur Scientia.,2020,https://www.doi.org/10.1016/j.oret.2020.08.009,https://pubmed.ncbi.nlm.nih.gov/33279007
Adherence to the Mediterranean Diet and Progression to Late Age-Related Macular Degeneration in the Age-Related Eye Disease Studies 1 and 2.,2020,https://www.doi.org/10.1016/j.ophtha.2020.04.030,https://pubmed.ncbi.nlm.nih.gov/32348832
"Serum per- and polyfluoroalkyl substances in relation to circulating thyroxine levels and thyroid cancer risk: results from the Prostate, Lung, Colorectal and Ovarian Cancer Screening Trial cohort.",2025,https://www.doi.org/10.1016/j.envint.2025.109991,https://pubmed.ncbi.nlm.nih.gov/41391234
"Corrigendum to ""Essential and non-essential metals in children's intellectual functioning: A multi-media biomarker approach from a Mexico City birth cohort"" [Environ. Res. 285 (2025) 1-14/122323].",2025,https://www.doi.org/10.1016/j.envres.2025.122397,https://pubmed.ncbi.nlm.nih.gov/40713368
Essential and non-essential metals in children's intellectual functioning: A multi-media biomarker approach from a Mexico City birth cohort.,2025,https://www.doi.org/10.1016/j.envres.2025.122323,https://pubmed.ncbi.nlm.nih.gov/40651758
(Re-)match: adjusting for matching factors in case-control studies may be unnecessary or insufficient.,2025,https://www.doi.org/10.1093/aje/kwaf116,https://pubmed.ncbi.nlm.nih.gov/40481657
Exposures to drinking water contaminants in community water systems and risk of ovarian cancer in the California Teachers Study cohort.,2025,https://www.doi.org/10.1289/EHP16582,https://pubmed.ncbi.nlm.nih.gov/40471647
Occupational exposures and kidney cancer among 25 000 male offshore petroleum industry workers: relative risks and healthy worker survivor bias.,2025,https://www.doi.org/10.1093/aje/kwaf039,https://pubmed.ncbi.nlm.nih.gov/40036895
Design and Interpretation Considerations in Registry-Based Studies.,2020,https://www.doi.org/10.1001/jamapsychiatry.2019.2234,https://pubmed.ncbi.nlm.nih.gov/31617871
Ectoderm barcoding reveals neural and cochlear compartmentalization.,2025,https://www.doi.org/10.1126/science.adq9248,https://pubmed.ncbi.nlm.nih.gov/40179197
RORγt,2025,https://www.doi.org/10.1016/j.immuni.2025.06.012,https://pubmed.ncbi.nlm.nih.gov/40633528
Complementing Anticancer Therapy: Antibody-Drug Conjugates Targeting CD46 as Prostate Cancer Treatment.,2025,https://www.doi.org/10.1200/JCO-25-00457,https://pubmed.ncbi.nlm.nih.gov/40262077
Canonical and non-canonical functions of the complement system in health and disease.,2021,https://www.doi.org/10.1111/bph.15503,https://pubmed.ncbi.nlm.nih.gov/34159599
Acute ethanol enhances septohippocampal coordination but disrupts intrinsic hippocampal theta dynamics during foraging.,2025,https://www.doi.org/10.1016/j.alcohol.2025.11.001,https://pubmed.ncbi.nlm.nih.gov/41297645
Presynaptic GABA,2025,https://www.doi.org/10.1016/j.celrep.2025.116555,https://pubmed.ncbi.nlm.nih.gov/41313682
CAR-T cell expansion platforms yield distinct T cell differentiation states.,2024,https://www.doi.org/10.1016/j.jcyt.2024.03.003,https://pubmed.ncbi.nlm.nih.gov/38625071
"Neopetrotaurines A-C, Isoquinoline Alkaloids with an Unprecedented Taurine Bridge from the Sponge ",2024,https://www.doi.org/10.1021/acs.jnatprod.3c01041,https://pubmed.ncbi.nlm.nih.gov/38294825
"Molecular testing of rhabdomyosarcoma in clinical trials to improve risk stratification and outcome: A consensus view from European paediatric Soft tissue sarcoma Study Group, Children's Oncology Group and Cooperative Weichteilsarkom-Studiengruppe.",2022,https://www.doi.org/10.1016/j.ejca.2022.05.036,https://pubmed.ncbi.nlm.nih.gov/35839732
"Dentithecamides A-H, Diacylated Zoanthoxanthin Derivatives with PAX3-FOXO1 Inhibitory Activity from the Hydroid ",2022,https://www.doi.org/10.1021/acs.jnatprod.2c00246,https://pubmed.ncbi.nlm.nih.gov/35465663
Modulators of gene amplification alter evolution of antibiotic resistance in Staphylococcus aureus.,2025,https://www.doi.org/10.1371/journal.pgen.1012011,https://pubmed.ncbi.nlm.nih.gov/41474795
Publisher Correction: Achilles' heel of antibiotic resistance.,2021,https://www.doi.org/10.1038/s41564-021-01018-3,https://pubmed.ncbi.nlm.nih.gov/34782725
"Relational Aspects to Screening-Associated Distress Among Individuals With Li-Fraumeni Syndrome: ""The All-Clear for Me Is Good. The All-Clear for My Kids Is Great"".",2025,https://www.doi.org/10.1177/10497323251365787,https://pubmed.ncbi.nlm.nih.gov/40947678
"'I told them they had to get tested, and they did': social influence among siblings with Li-Fraumeni syndrome.",2025,https://www.doi.org/10.1080/08870446.2025.2534814,https://pubmed.ncbi.nlm.nih.gov/40696937
Update on Cancer Screening Recommendations for Individuals with Li-Fraumeni Syndrome.,2025,https://www.doi.org/10.1158/1078-0432.CCR-24-3301,https://pubmed.ncbi.nlm.nih.gov/40072304
"How do young people with a hereditary cancer predisposition syndrome understand and experience cancer survivorship? ""With Li-Fraumeni syndrome, it's just an intermission"".",2023,https://www.doi.org/10.1002/pon.6080,https://pubmed.ncbi.nlm.nih.gov/36514197
Gastrointestinal Hemorrhage: A Manifestation of the Telomere Biology Disorders.,2021,https://www.doi.org/10.1016/j.jpeds.2020.09.038,https://pubmed.ncbi.nlm.nih.gov/32971146
The Clinical Burden of Hypereosinophilic Syndrome in a Large United States Cohort.,2025,https://www.doi.org/10.1016/j.jaip.2025.11.006,https://pubmed.ncbi.nlm.nih.gov/41242611
Development of a Patient-Reported Outcome Measure for Hypereosinophilic Syndrome.,2025,https://www.doi.org/10.1016/j.jaip.2025.09.008,https://pubmed.ncbi.nlm.nih.gov/40983128
Leveraging artificial intelligence for medical education in allergy and immunology.,2025,https://www.doi.org/10.1016/j.jaci.2025.06.016,https://pubmed.ncbi.nlm.nih.gov/40562082
Opportunities in AI/ML to endotype asthma and other eosinophilic diseases.,2025,https://www.doi.org/10.1016/j.jaci.2025.01.044,https://pubmed.ncbi.nlm.nih.gov/39956282
Reply.,2024,https://www.doi.org/10.1016/j.jaci.2024.08.004,https://pubmed.ncbi.nlm.nih.gov/39306792
"Chronic cough, wheezing, and atelectasis following COVID-19: A case report on the diagnostic evaluation and effective treatment of a life-threatening asthma mimicker.",2024,https://www.doi.org/10.1002/ppul.27212,https://pubmed.ncbi.nlm.nih.gov/39175408
Gastrointestinal segmental remission with oral budesonide therapy for eosinophilic gastrointestinal diseases.,2024,https://www.doi.org/10.1016/j.jaip.2024.06.028,https://pubmed.ncbi.nlm.nih.gov/38936661
"Discovery of tissue-specific proteomic signatures in juvenile dermatomyositis highlights pathways reflecting persistent disease activity, clinical heterogeneity, and myositis-specific autoantibody subtype.",2025,https://www.doi.org/10.1016/j.ard.2025.07.020,https://pubmed.ncbi.nlm.nih.gov/40915939
Updates in juvenile dermatomyositis: pathogenesis and therapy.,2025,https://www.doi.org/10.1097/BOR.0000000000001112,https://pubmed.ncbi.nlm.nih.gov/40693918
Monoclonal antibody targeting IFNβ for the treatment of NXP2-positive ulcerative juvenile dermatomyositis.,2025,https://www.doi.org/10.1542/peds.2024-067481,https://pubmed.ncbi.nlm.nih.gov/40112879
"Recent Advances in Juvenile Dermatomyositis: Moving toward Integration of Myositis-Specific Antibody Clinical Phenotypes, IFN-Driven Pathogenesis, and Targeted Therapies.",2025,https://www.doi.org/10.1016/j.jid.2024.09.017,https://pubmed.ncbi.nlm.nih.gov/39530954
Childhood Arthritis and Rheumatology Research Alliance Biologic Disease-Modifying Antirheumatic Drug Consensus Treatment Plans for Refractory Moderately Severe Juvenile Dermatomyositis.,2024,https://www.doi.org/10.1002/acr.25393,https://pubmed.ncbi.nlm.nih.gov/38937134
Do Caregivers Value the New Antiamyloid Treatments for Alzheimer's Disease More Than Home-Based Care?,2025,https://www.doi.org/10.1016/j.jagp.2024.11.011,https://pubmed.ncbi.nlm.nih.gov/39709278
Taking clinical decisions seriously in standard-of-care pragmatic clinical trials.,2024,https://www.doi.org/10.1177/17407745241266152,https://pubmed.ncbi.nlm.nih.gov/39148240
Is this person with dementia (currently) competent to request euthanasia? A complicated and underexplored question.,2020,https://www.doi.org/10.1136/medethics-2020-106091,https://pubmed.ncbi.nlm.nih.gov/32792345
Not a hair out of place: Polarizing and orienting sensory hair cells.,2025,https://www.doi.org/10.1016/bs.ctdb.2025.03.004,https://pubmed.ncbi.nlm.nih.gov/40973240
"Serum per- and polyfluoroalkyl substances in relation to circulating thyroxine levels and thyroid cancer risk: results from the Prostate, Lung, Colorectal and Ovarian Cancer Screening Trial cohort.",2025,https://www.doi.org/10.1016/j.envint.2025.109991,https://pubmed.ncbi.nlm.nih.gov/41391234
Trends in Childhood and Adolescent Cancer Incidence Rates in the United States between 2001 and 2022.,2025,https://www.doi.org/10.1158/2159-8290.CD-25-1493,https://pubmed.ncbi.nlm.nih.gov/41370847
"Low-dose occupational ionising radiation exposure and gastrointestinal cancer mortality among US radiologic technologists, 1983-2021.",2025,https://www.doi.org/10.1136/oemed-2025-110223,https://pubmed.ncbi.nlm.nih.gov/41276304
Residential ambient ultraviolet B and ultraviolet A and incidence of keratinocyte carcinoma in the nationwide US Radiologic Technologists cohort.,2025,https://www.doi.org/10.1093/bjd/ljaf206,https://pubmed.ncbi.nlm.nih.gov/40440356
Examining bias due to method of follow-up for cancer incidence in a large U.S. cohort: Self-report versus registry linkage.,2025,https://www.doi.org/10.1016/j.annepidem.2025.05.006,https://pubmed.ncbi.nlm.nih.gov/40409575
The growing global burden of thyroid cancer overdiagnosis.,2024,https://www.doi.org/10.1016/S2213-8587(24)00269-9,https://pubmed.ncbi.nlm.nih.gov/39389068
Excess Weight and Risk of Second Cancers Among Cancer Survivors-Sounding the Alarm on Future Trends.,2024,https://www.doi.org/10.1001/jamanetworkopen.2024.33122,https://pubmed.ncbi.nlm.nih.gov/39287951
Absorbed dose coefficients for pediatric differentiated thyroid cancer patients undergoing radioiodine therapy.,2024,https://www.doi.org/10.1088/1361-6498/ad1fdc,https://pubmed.ncbi.nlm.nih.gov/38232407
"Anthropometric, dietary, and lifestyle factors and risk of advanced thyroid cancer: The NIH-AARP diet and health cohort study.",2023,https://www.doi.org/10.1111/cen.14970,https://pubmed.ncbi.nlm.nih.gov/37694684
Absorbed dose coefficients for adult thyroid cancer patients undergoing radioiodine therapy.,2023,https://www.doi.org/10.1088/1361-6498/acd648,https://pubmed.ncbi.nlm.nih.gov/37196645
Impact of overweight and obesity on US renal cell carcinoma incidence trends (1995-2018).,2023,https://www.doi.org/10.1002/ijc.34516,https://pubmed.ncbi.nlm.nih.gov/36929885
Absolute and relative risk estimation in the presence of outcome ascertainment gaps and competing risks.,2023,https://www.doi.org/10.1002/sim.9668,https://pubmed.ncbi.nlm.nih.gov/36705055
The effect of thyroid dysfunction on breast cancer risk: an updated meta-analysis.,2023,https://www.doi.org/10.1530/ERC-22-0155,https://pubmed.ncbi.nlm.nih.gov/36256851
Reply to P. Petranović Ovčariček et al.,2022,https://www.doi.org/10.1200/JCO.22.00735,https://pubmed.ncbi.nlm.nih.gov/35709425
Reply to Associations between light at night and risk of thyroid cancer.,2021,https://www.doi.org/10.1002/cncr.33685,https://pubmed.ncbi.nlm.nih.gov/34245454
Exposure to endocrine-disrupting chemicals in utero and thyroid cancer risk in offspring - Authors' reply.,2021,https://www.doi.org/10.1016/S2213-8587(21)00073-5,https://pubmed.ncbi.nlm.nih.gov/33770515
NCINM: organ dose calculator for patients undergoing nuclear medicine procedures.,2020,https://www.doi.org/10.1088/2057-1976/aba41e,https://pubmed.ncbi.nlm.nih.gov/33444241
Thyroid dysfunction and cancer incidence: a systematic review and meta-analysis.,2020,https://www.doi.org/10.1530/ERC-19-0417,https://pubmed.ncbi.nlm.nih.gov/32045361
RNA Sequencing of Single Pineal Cells.,2022,https://www.doi.org/10.1007/978-1-0716-2593-4_14,https://pubmed.ncbi.nlm.nih.gov/36180683
Preparation of Single Pineal Cells.,2022,https://www.doi.org/10.1007/978-1-0716-2593-4_13,https://pubmed.ncbi.nlm.nih.gov/36180682
Two-Dimensional Thin Layer Chromatography of Melatonin and Related Compounds.,2022,https://www.doi.org/10.1007/978-1-0716-2593-4_1,https://pubmed.ncbi.nlm.nih.gov/36180670
Reply.,2024,https://www.doi.org/10.1016/j.jaci.2024.08.004,https://pubmed.ncbi.nlm.nih.gov/39306792
Gastrointestinal segmental remission with oral budesonide therapy for eosinophilic gastrointestinal diseases.,2024,https://www.doi.org/10.1016/j.jaip.2024.06.028,https://pubmed.ncbi.nlm.nih.gov/38936661
"Effect of Dupilumab on Blood Eosinophil Counts in Patients With Asthma, Chronic Rhinosinusitis With Nasal Polyps, Atopic Dermatitis, or Eosinophilic Esophagitis.",2022,https://www.doi.org/10.1016/j.jaip.2022.05.019,https://pubmed.ncbi.nlm.nih.gov/35636689
The Broad Spectrum of Eosinophilic Disorders.,2022,https://www.doi.org/10.1016/j.jaip.2022.02.035,https://pubmed.ncbi.nlm.nih.gov/35526864
Hypereosinophilic syndromes - An enigmatic group of disorders with an intriguing clinical spectrum and challenging treatment.,2021,https://www.doi.org/10.1016/j.blre.2021.100809,https://pubmed.ncbi.nlm.nih.gov/33714638
The role of the hypothalamic-pituitary-thyroid axis in thyroid cancer.,2025,https://www.doi.org/10.1016/S2213-8587(24)00364-4,https://pubmed.ncbi.nlm.nih.gov/39870098
An effective approach for BRAF V600E mutation analysis of routine thyroid fine needle aspirates.,2022,https://www.doi.org/10.1111/cyt.13093,https://pubmed.ncbi.nlm.nih.gov/34957617
Inducible ,2025,https://www.doi.org/10.1152/ajprenal.00340.2025,https://pubmed.ncbi.nlm.nih.gov/41052028
CREB-Family Transcription Factors and Vasopressin-Mediated Regulation of Aqp2 Gene Transcription.,2025,https://www.doi.org/10.1681/ASN.0000000822,https://pubmed.ncbi.nlm.nih.gov/40857118
Effect of Load on Non-Muscle Myosin 2 Paralog Filaments in a Biomimetic Contractile Actin Array.,2025,https://www.doi.org/10.1002/smll.202507772,https://pubmed.ncbi.nlm.nih.gov/41305943
Ultrafast Förster resonance energy transfer from tyrosine to tryptophan in monellin: potential intrinsic spectroscopic ruler.,2023,https://www.doi.org/10.1039/d2cp05842a,https://pubmed.ncbi.nlm.nih.gov/36853740
Ultrafast Förster resonance energy transfer between tyrosine and tryptophan: potential contributions to protein-water dynamics measurements.,2022,https://www.doi.org/10.1039/d2cp02139k,https://pubmed.ncbi.nlm.nih.gov/35861343
Near-infrared Photoimmunotherapy Targeting High-risk Human Neuroblastoma Cells Expressing GD2.,2026,https://www.doi.org/10.21873/anticanres.17921,https://pubmed.ncbi.nlm.nih.gov/41469108
Enhancement of drug delivery through fibroblast activation protein-targeted near-infrared photoimmunotherapy.,2025,https://www.doi.org/10.1172/jci.insight.195776,https://pubmed.ncbi.nlm.nih.gov/41424387
CD271 Targeted Near-Infrared Photoimmunotherapy for Local Depletion of Cancer Stem Cells.,2025,https://www.doi.org/10.1021/acs.molpharmaceut.5c01157,https://pubmed.ncbi.nlm.nih.gov/41225741
Uncovering cell cycle-dependent effects on cell survival in near-infrared photoimmunotherapy.,2025,https://www.doi.org/10.1016/j.yexcr.2025.114570,https://pubmed.ncbi.nlm.nih.gov/40273966
Near-infrared Photoimmunotherapy Targeting Cancer-Associated Fibroblasts in Patient-Derived Xenografts Using a Humanized Anti-Fibroblast Activation Protein Antibody.,2024,https://www.doi.org/10.1158/1535-7163.MCT-23-0527,https://pubmed.ncbi.nlm.nih.gov/38638034
Future applications of and prospects for near-IR photoimmunotherapy: benefits and differences compared with photodynamic and photothermal therapy.,2021,https://www.doi.org/10.2217/imt-2021-0216,https://pubmed.ncbi.nlm.nih.gov/34514846
Multi-niche human bone marrow on-a-chip for studying the interactions of adoptive CAR-T cell therapies with multiple myeloma.,2025,https://www.doi.org/10.1016/j.biomaterials.2024.123016,https://pubmed.ncbi.nlm.nih.gov/39709851
Interaction of identity and beliefs with genetic literacy.,2025,https://www.doi.org/10.1016/j.ajhg.2025.11.014,https://pubmed.ncbi.nlm.nih.gov/41435839
Bevacizumab and Erlotinib in Hereditary and Sporadic Papillary Kidney Cancer.,2025,https://www.doi.org/10.1056/NEJMoa2200900,https://pubmed.ncbi.nlm.nih.gov/40532152
Navigating the evolving landscape of atopic dermatitis: Challenges and future opportunities: The 4th Davos declaration.,2024,https://www.doi.org/10.1111/all.16247,https://pubmed.ncbi.nlm.nih.gov/39099205
Manipulating the Human Microbiome to Manage Disease.,2020,https://www.doi.org/10.1001/jama.2019.19602,https://pubmed.ncbi.nlm.nih.gov/31876898
Why Opioids Stop Working for Pain: No Free Ride in the Brain.,2025,https://www.doi.org/10.7326/ANNALS-25-03630,https://pubmed.ncbi.nlm.nih.gov/41359973
"George Robert Siggins: Researcher, musician, surfer, mentor, and friend.",2024,https://www.doi.org/10.1111/acer.15423,https://pubmed.ncbi.nlm.nih.gov/39147720
PCSK9 inhibition attenuates alcohol-associated neuronal oxidative stress and cellular injury.,2024,https://www.doi.org/10.1016/j.bbi.2024.04.022,https://pubmed.ncbi.nlm.nih.gov/38657842
Alcohol Use Disorder Treatment: Problems and Solutions.,2024,https://www.doi.org/10.1146/annurev-pharmtox-031323-115847,https://pubmed.ncbi.nlm.nih.gov/38261428
On the critical need to investigate the effect of alcohol in the older population.,2023,https://www.doi.org/10.1016/j.alcohol.2022.09.002,https://pubmed.ncbi.nlm.nih.gov/36202275
Alcohol and aging - An area of increasing concern.,2023,https://www.doi.org/10.1016/j.alcohol.2022.07.005,https://pubmed.ncbi.nlm.nih.gov/35940508
Continuing the conversation around opioid use disorder and post-traumatic stress disorder comorbidity.,2022,https://www.doi.org/10.1016/S2215-0366(22)00234-6,https://pubmed.ncbi.nlm.nih.gov/35843258
Preaddiction-A Missing Concept for Treating Substance Use Disorders.,2022,https://www.doi.org/10.1001/jamapsychiatry.2022.1652,https://pubmed.ncbi.nlm.nih.gov/35793096
Understanding Hyperkatifeia to Inform Treatment for Alcohol Use Disorder: An Assessment of the National Institute on Alcohol Abuse and Alcoholism Research Portfolio.,2022,https://www.doi.org/10.1016/j.biopsych.2022.02.011,https://pubmed.ncbi.nlm.nih.gov/35469669
Defining Recovery From Alcohol Use Disorder: Development of an NIAAA Research Definition.,2022,https://www.doi.org/10.1176/appi.ajp.21090963,https://pubmed.ncbi.nlm.nih.gov/35410494
Neurocircuitry basis of the opioid use disorder-post-traumatic stress disorder comorbid state: conceptual analyses using a dimensional framework.,2022,https://www.doi.org/10.1016/S2215-0366(21)00008-0,https://pubmed.ncbi.nlm.nih.gov/34774203
Vulnerability to substance abuse: A consideration of allostatic loading factors.,2021,https://www.doi.org/10.1016/j.neuropharm.2021.108767,https://pubmed.ncbi.nlm.nih.gov/34454910
Allostasis theory in opioid tolerance.,2021,https://www.doi.org/10.1097/j.pain.0000000000002280,https://pubmed.ncbi.nlm.nih.gov/33769368
"Samidorphan, an opioid receptor antagonist, attenuates drug-induced increases in extracellular dopamine concentrations and drug self-administration in male Wistar rats.",2021,https://www.doi.org/10.1016/j.pbb.2021.173157,https://pubmed.ncbi.nlm.nih.gov/33647274
A Basolateral Amygdala Microcircuit for Drug Craving: Is There a Craving Engram?,2021,https://www.doi.org/10.1016/j.biopsych.2020.11.008,https://pubmed.ncbi.nlm.nih.gov/33478679
Alcohol Binge Drinking: Negative and Positive Valence System Abnormalities.,2021,https://www.doi.org/10.1016/j.bpsc.2020.09.010,https://pubmed.ncbi.nlm.nih.gov/33279457
"Addiction as a Coping Response: Hyperkatifeia, Deaths of Despair, and COVID-19.",2020,https://www.doi.org/10.1176/appi.ajp.2020.20091375,https://pubmed.ncbi.nlm.nih.gov/33135468
Converging Structural and Functional Evidence for a Rat Salience Network.,2020,https://www.doi.org/10.1016/j.biopsych.2020.06.023,https://pubmed.ncbi.nlm.nih.gov/32981657
Reply to Cohen and Murnion.,2020,https://www.doi.org/10.1097/j.pain.0000000000001891,https://pubmed.ncbi.nlm.nih.gov/32558798
Addictions NeuroImaging Assessment (ANIA): Towards an integrative framework for alcohol use disorder.,2020,https://www.doi.org/10.1016/j.neubiorev.2020.04.004,https://pubmed.ncbi.nlm.nih.gov/32298710
"Neurobiology of Opioid Addiction: Opponent Process, Hyperkatifeia, and Negative Reinforcement.",2020,https://www.doi.org/10.1016/j.biopsych.2019.05.023,https://pubmed.ncbi.nlm.nih.gov/31400808
The key role of cheaters in the persistence of cooperation.,2026,https://www.doi.org/10.1186/s12915-025-02492-5,https://pubmed.ncbi.nlm.nih.gov/41484604
Ecological determinants of altruism in prokaryote antivirus defense.,2025,https://www.doi.org/10.1186/s13062-025-00699-8,https://pubmed.ncbi.nlm.nih.gov/41422249
Spatial-temporal genome analysis and its application for the prediction of functional systems in bacteria and archaea.,2025,https://www.doi.org/10.1128/mbio.03127-25,https://pubmed.ncbi.nlm.nih.gov/41395940
Reprogrammable RNA-targeting CRISPR systems evolved from RNA toxin-antitoxins.,2025,https://www.doi.org/10.1016/j.cell.2025.01.034,https://pubmed.ncbi.nlm.nih.gov/39970912
"Crystal structure of GTP-dependent dephospho-coenzyme A kinase from the hyperthermophilic archaeon, Thermococcus kodakarensis.",2024,https://www.doi.org/10.1002/prot.26666,https://pubmed.ncbi.nlm.nih.gov/38235908
The miniature CRISPR-Cas12m effector binds DNA to block transcription.,2022,https://www.doi.org/10.1016/j.molcel.2022.11.003,https://pubmed.ncbi.nlm.nih.gov/36427491
Expansion of the global RNA virome reveals diverse clades of bacteriophages.,2022,https://www.doi.org/10.1016/j.cell.2022.08.023,https://pubmed.ncbi.nlm.nih.gov/36174579
The global virome: How much diversity and how many independent origins?,2023,https://www.doi.org/10.1111/1462-2920.16207,https://pubmed.ncbi.nlm.nih.gov/36097140
Pervasive conditional selection of driver mutations and modular epistasis networks in cancer.,2022,https://www.doi.org/10.1016/j.celrep.2022.111272,https://pubmed.ncbi.nlm.nih.gov/36001960
Gene-influx-driven evolution.,2022,https://www.doi.org/10.1103/PhysRevE.106.014403,https://pubmed.ncbi.nlm.nih.gov/35974500
Author Correction: Programmable RNA targeting with the single-protein CRISPR effector Cas7-11.,2022,https://www.doi.org/10.1038/s41586-022-05003-6,https://pubmed.ncbi.nlm.nih.gov/35896753
The logic of virus evolution.,2022,https://www.doi.org/10.1016/j.chom.2022.06.008,https://pubmed.ncbi.nlm.nih.gov/35834963
Extending the Lifespan of Multicellular Organisms via Periodic and Stochastic Intercellular Competition.,2022,https://www.doi.org/10.1103/PhysRevLett.128.218101,https://pubmed.ncbi.nlm.nih.gov/35687438
"Fishing for phages in metagenomes: what do we catch, what do we miss?",2021,https://www.doi.org/10.1016/j.coviro.2021.05.008,https://pubmed.ncbi.nlm.nih.gov/34139668
Toxin-antitoxin RNA pairs safeguard CRISPR-Cas systems.,2021,https://www.doi.org/10.1126/science.abe5601,https://pubmed.ncbi.nlm.nih.gov/33926924
Mitochondria-rough-ER contacts in the liver regulate systemic lipid homeostasis.,2021,https://www.doi.org/10.1016/j.celrep.2021.108873,https://pubmed.ncbi.nlm.nih.gov/33730569
The healthy human virome: from virus-host symbiosis to disease.,2021,https://www.doi.org/10.1016/j.coviro.2021.02.002,https://pubmed.ncbi.nlm.nih.gov/33652230
Publisher Correction: Mutation-selection balance and compensatory mechanisms in tumour evolution.,2021,https://www.doi.org/10.1038/s41576-020-00313-9,https://pubmed.ncbi.nlm.nih.gov/33318707
Phage lysis-lysogeny switches and programmed cell death: Danse macabre.,2020,https://www.doi.org/10.1002/bies.202000114,https://pubmed.ncbi.nlm.nih.gov/33179250
Functional Long Non-coding RNAs Evolve from Junk Transcripts.,2020,https://www.doi.org/10.1016/j.cell.2020.09.047,https://pubmed.ncbi.nlm.nih.gov/33068526
"Response to Comment on ""RNA-guided DNA insertion with CRISPR-associated transposases"".",2020,https://www.doi.org/10.1126/science.abb2920,https://pubmed.ncbi.nlm.nih.gov/32499411
Deep Roots and Splendid Boughs of the Global Plant Virome.,2020,https://www.doi.org/10.1146/annurev-phyto-030320-041346,https://pubmed.ncbi.nlm.nih.gov/32459570
The crAss-like Phage Group: How Metagenomics Reshaped the Human Virome.,2020,https://www.doi.org/10.1016/j.tim.2020.01.010,https://pubmed.ncbi.nlm.nih.gov/32298613
Phages build anti-defence barriers.,2020,https://www.doi.org/10.1038/s41564-019-0635-y,https://pubmed.ncbi.nlm.nih.gov/31857728
Behavioral adaptations after unilateral whisker denervation.,2025,https://www.doi.org/10.1016/j.bbr.2025.115435,https://pubmed.ncbi.nlm.nih.gov/39842643
Shaped Magnetogel Microparticles for Multispectral Magnetic Resonance Contrast and Sensing.,2024,https://www.doi.org/10.1021/acssensors.3c01373,https://pubmed.ncbi.nlm.nih.gov/38113475
Multivalent Gd-DOTA Decorated Oligopeptide as Sensitive MRI Molecular Probes for ,2022,https://www.doi.org/10.1021/acschemneuro.2c00236,https://pubmed.ncbi.nlm.nih.gov/36040317
Pre-diagnostic immunological markers of bacterial translocation and liver cancer risk: A nested case-control analysis of 12 prospective cohorts.,2025,https://www.doi.org/10.1002/ijc.70201,https://pubmed.ncbi.nlm.nih.gov/41129365
Circulating per- and polyfluoroalkyl substances and liver cancer risk: a nested case-control analysis of individual participant data from 12 prospective cohorts.,2025,https://www.doi.org/10.1289/EHP16980,https://pubmed.ncbi.nlm.nih.gov/40397817
Associations between metabolic syndrome and cholangiocarcinoma risk: A large-scale population-based cohort study.,2025,https://www.doi.org/10.1097/HEP.0000000000001312,https://pubmed.ncbi.nlm.nih.gov/40117647
"TPPP-BRD9 fusion-related gallbladder carcinomas are frequently associated with intracholecystic neoplasia, neuroendocrine carcinoma, and a distinctive small tubular-type adenocarcinoma commonly accompanied with a syringomatous pattern.",2024,https://www.doi.org/10.1016/j.humpath.2024.07.001,https://pubmed.ncbi.nlm.nih.gov/38972607
Helicobacter hepaticus and Helicobacter bilis in liver and biliary cancers from ATBC and PLCO.,2024,https://www.doi.org/10.1111/hel.13053,https://pubmed.ncbi.nlm.nih.gov/38332674
Publisher Correction: Gallbladder cancer.,2022,https://www.doi.org/10.1038/s41572-022-00408-z,https://pubmed.ncbi.nlm.nih.gov/36400795
HI-CeFSpot: High-throughput Immune Cell FluoroSpot assay.,2025,https://www.doi.org/10.1016/j.ymeth.2025.10.002,https://pubmed.ncbi.nlm.nih.gov/41067553
Vaccination with mRNA-encoded nanoparticles drives early maturation of HIV bnAb precursors in humans.,2025,https://www.doi.org/10.1126/science.adr8382,https://pubmed.ncbi.nlm.nih.gov/40373112
FcγR binding differentially contributes to protection by two human monoclonal antibodies targeting ,2025,https://www.doi.org/10.1126/scitranslmed.adk6745,https://pubmed.ncbi.nlm.nih.gov/40267218
Vaccination with different group 2 influenza subtypes alters epitope targeting and breadth of hemagglutinin stem-specific human B cells.,2025,https://www.doi.org/10.1126/scitranslmed.adr8373,https://pubmed.ncbi.nlm.nih.gov/39742506
A multidonor class of highly glycan-dependent HIV-1 gp120-gp41 interface-targeting broadly neutralizing antibodies.,2024,https://www.doi.org/10.1016/j.celrep.2024.115010,https://pubmed.ncbi.nlm.nih.gov/39675002
A multispecific antibody against SARS-CoV-2 prevents immune escape in vitro and confers prophylactic protection in vivo.,2024,https://www.doi.org/10.1126/scitranslmed.ado9026,https://pubmed.ncbi.nlm.nih.gov/39383243
Antibodies targeting the fusion peptide on the HIV envelope provide protection to rhesus macaques against mucosal SHIV challenge.,2024,https://www.doi.org/10.1126/scitranslmed.adh9039,https://pubmed.ncbi.nlm.nih.gov/38232141
Progress in vaccine development for infectious diseases-a Keystone Symposia report.,2023,https://www.doi.org/10.1111/nyas.14975,https://pubmed.ncbi.nlm.nih.gov/37020354
Rhesus macaque Bcl-6/Bcl-xL B cell immortalization: Discovery of HIV-1 neutralizing antibodies from lymph node.,2023,https://www.doi.org/10.1016/j.jim.2023.113445,https://pubmed.ncbi.nlm.nih.gov/36848985
A Covid-19 Milestone Attained - A Correlate of Protection for Vaccines.,2022,https://www.doi.org/10.1056/NEJMp2211314,https://pubmed.ncbi.nlm.nih.gov/36507702
Human lymph node immune dynamics as driver of vaccine efficacy: an understudied aspect of immune responses.,2022,https://www.doi.org/10.1080/14760584.2022.2045198,https://pubmed.ncbi.nlm.nih.gov/35193447
Publisher Correction: Community evaluation of glycoproteomics informatics solutions reveals high-performance search strategies for serum glycopeptide analysis.,2022,https://www.doi.org/10.1038/s41591-021-01671-5,https://pubmed.ncbi.nlm.nih.gov/35022577
Clonotypic architecture of a Gag-specific CD8+ T-cell response in chronic human HIV-2 infection.,2021,https://www.doi.org/10.1002/eji.202048931,https://pubmed.ncbi.nlm.nih.gov/34369597
"Drinking water nitrate, disinfection byproducts, and prostate cancer incidence in the Agricultural Health Study.",2025,https://www.doi.org/10.1093/jnci/djaf350,https://pubmed.ncbi.nlm.nih.gov/41423865
"The need for, and challenges associated with, assessing occupational work histories for bladder and other occupational cancers.",2021,https://www.doi.org/10.1136/oemed-2021-107518,https://pubmed.ncbi.nlm.nih.gov/34226198
Publisher Correction: Trans-ancestry genome-wide association meta-analysis of prostate cancer identifies new susceptibility loci and informs genetic risk prediction.,2021,https://www.doi.org/10.1038/s41588-021-00786-2,https://pubmed.ncbi.nlm.nih.gov/33473200
Neuroscience of eating: Pace and portion control.,2024,https://www.doi.org/10.1016/j.cub.2024.01.033,https://pubmed.ncbi.nlm.nih.gov/38412828
Integrating Hunger with Rival Motivations.,2020,https://www.doi.org/10.1016/j.tem.2020.04.006,https://pubmed.ncbi.nlm.nih.gov/32387196
Operational Ontology for Oncology: A Framework for Improved Communication and Understanding in Cancer Care.,2023,https://www.doi.org/10.1016/j.ijrobp.2023.02.058,https://pubmed.ncbi.nlm.nih.gov/37739606
Interactions between cortical and subcortical circuits for visual attention.,2025,https://www.doi.org/10.1017/S0140525X25000081,https://pubmed.ncbi.nlm.nih.gov/41292448
What is attention?,2023,https://www.doi.org/10.1002/wcs.1570,https://pubmed.ncbi.nlm.nih.gov/34169668
"Race-specific temporal trends of HPV-related cancers in South Africa: An analysis of the South African National Cancer Registry, 2011-2022.",2025,https://www.doi.org/10.1002/ijc.70323,https://pubmed.ncbi.nlm.nih.gov/41472527
Noninferiority of One HPV Vaccine Dose to Two Doses.,2025,https://www.doi.org/10.1056/NEJMoa2506765,https://pubmed.ncbi.nlm.nih.gov/41337735
"Developing, Validating, and Testing Non-vaccine-Preventable Human Papillomavirus to Control for Differences in Sexual Behavior When Evaluating HPV Vaccination.",2025,https://www.doi.org/10.1158/1055-9965.EPI-24-1775,https://pubmed.ncbi.nlm.nih.gov/40259791
[Not Available].,2023,https://www.doi.org/10.21149/14286,https://pubmed.ncbi.nlm.nih.gov/38060880
An HPV vaccine from India: broadening possibilities for cervical cancer control.,2023,https://www.doi.org/10.1016/S1470-2045(23)00535-1,https://pubmed.ncbi.nlm.nih.gov/37949087
"Trends in incidence rates of head and neck squamous cell carcinomas overall and by potential relatedness to human papillomavirus, Costa Rica 2006 to 2015.",2023,https://www.doi.org/10.1002/ijc.34437,https://pubmed.ncbi.nlm.nih.gov/36650690
Real-World HPV Vaccine Effectiveness Studies: Guideposts for Interpretation of Current and Future Studies.,2021,https://www.doi.org/10.1093/jnci/djab081,https://pubmed.ncbi.nlm.nih.gov/33876237
Prioritisation of the human papillomavirus vaccine in a time of constrained supply.,2020,https://www.doi.org/10.1016/S2352-4642(20)30038-9,https://pubmed.ncbi.nlm.nih.gov/32078808
Efficacy and immunogenicity of a single dose of human papillomavirus vaccine compared to no vaccination or standard three and two-dose vaccination regimens: A systematic review of evidence from clinical trials.,2020,https://www.doi.org/10.1016/j.vaccine.2019.12.017,https://pubmed.ncbi.nlm.nih.gov/31870572
Expert consensus opinion on the management of hairy cell leukemia in elderly patients.,2025,https://www.doi.org/10.1080/10428194.2025.2562961,https://pubmed.ncbi.nlm.nih.gov/41069242
Phase 2 trial of rituximab with either pentostatin or bendamustine for multiply relapsed or refractory hairy cell leukemia.,2025,https://www.doi.org/10.1182/blood.2025031243,https://pubmed.ncbi.nlm.nih.gov/41060318
Non-V600E BRAF mutations and treatment for hairy cell leukemia.,2025,https://www.doi.org/10.1182/blood.2024026894,https://pubmed.ncbi.nlm.nih.gov/39719040
Treatment of hairy cell leukemia.,2020,https://www.doi.org/10.1080/17474086.2020.1819231,https://pubmed.ncbi.nlm.nih.gov/32893700
Publisher Correction: Neoantigen-specific tumor-infiltrating lymphocytes in gastrointestinal cancers: a phase 2 trial.,2025,https://www.doi.org/10.1038/s41591-025-03708-5,https://pubmed.ncbi.nlm.nih.gov/40234732
Broad-spectrum antiviral brincidofovir inhibits Epstein-Barr virus and related gammaherpesvirus in human and nonhuman primate cells.,2025,https://www.doi.org/10.1172/JCI195764,https://pubmed.ncbi.nlm.nih.gov/41289155
Evidence that DNA polymerase δ proofreads errors made by DNA polymerase α across the Saccharomyces cerevisiae nuclear genome.,2024,https://www.doi.org/10.1016/j.dnarep.2024.103768,https://pubmed.ncbi.nlm.nih.gov/39332392
"Efficacy and safety of monlunabant in adults with obesity and metabolic syndrome: a double-blind, randomised, placebo-controlled, phase 2a trial.",2025,https://www.doi.org/10.1016/S2213-8587(25)00216-5,https://pubmed.ncbi.nlm.nih.gov/41038215
Therapeutic approaches targeting the neurotensin receptors.,2021,https://www.doi.org/10.1080/13543776.2021.1866539,https://pubmed.ncbi.nlm.nih.gov/33393392
"Corrigendum to ""Lung-resident memory Th2 cells regulate pulmonary cryptococcosis by inducing type-II granuloma formation"" [Mucosal Immunol. 18(3) (2025) 631-642].",2025,https://www.doi.org/10.1016/j.mucimm.2025.09.006,https://pubmed.ncbi.nlm.nih.gov/41033874
"Angiotensin II, miR-34a, and AGTRAP crosstalk in arterial smooth muscle cells.",2025,https://www.doi.org/10.1007/s11357-025-02018-5,https://pubmed.ncbi.nlm.nih.gov/41291382
Chronic kidney disease and cardiac remodeling potentiate cognitive impairment progression: disentangling the sex-specific cross talk of kidney-heart-brain axis.,2026,https://www.doi.org/10.1152/ajpheart.00617.2025,https://pubmed.ncbi.nlm.nih.gov/41285406
There are more things in heaven and Earth than we dream of in our physiology.,2025,https://www.doi.org/10.1113/JP289962,https://pubmed.ncbi.nlm.nih.gov/41091568
"Mind Your ""A Game"".",2025,https://www.doi.org/10.1016/j.jacep.2025.07.020,https://pubmed.ncbi.nlm.nih.gov/40938227
Adaptor proteins in long noncoding RNA biology.,2020,https://www.doi.org/10.1016/j.bbagrm.2019.03.003,https://pubmed.ncbi.nlm.nih.gov/30951902
Microbiome analysis of 940 lung cancers in never-smokers reveals lack of clinically relevant associations.,2025,https://www.doi.org/10.1038/s41467-025-66780-y,https://pubmed.ncbi.nlm.nih.gov/41387456
Uncovering the role of LINE-1 in the evolution of lung adenocarcinoma.,2025,https://www.doi.org/10.1038/s41586-025-09825-y,https://pubmed.ncbi.nlm.nih.gov/41372401
Higher lung cancer risk among female never-smokers than males in a large married couple study.,2025,https://www.doi.org/10.1016/j.lungcan.2025.108836,https://pubmed.ncbi.nlm.nih.gov/41237664
"Exposure to household air pollution in relation to stomach and esophageal cancer in Xuanwei, China.",2025,https://www.doi.org/10.1016/j.envint.2025.109889,https://pubmed.ncbi.nlm.nih.gov/41202457
Time-dependent relationship between urinary biomarkers of nucleic acid oxidation and colorectal cancer risk.,2025,https://www.doi.org/10.1093/jnci/djaf312,https://pubmed.ncbi.nlm.nih.gov/41181902
A prognostic signature for lung adenocarcinoma in patients who have never smoked.,2025,https://www.doi.org/10.1158/2159-8290.CD-25-0581,https://pubmed.ncbi.nlm.nih.gov/41165571
Stratifying lung adenocarcinoma risk with multi-ancestry polygenic risk scores in East Asian never-smokers.,2025,https://www.doi.org/10.1093/jnci/djaf272,https://pubmed.ncbi.nlm.nih.gov/41032288
Pre-diagnostic serum concentrations of free light chains and risk of non-Hodgkin lymphoma in a population-based prospective study.,2025,https://www.doi.org/10.1080/10428194.2025.2524505,https://pubmed.ncbi.nlm.nih.gov/40671387
Benzene exposure and risk of colorectal cancer by anatomical subsite in the Norwegian offshore petroleum workers cohort.,2025,https://www.doi.org/10.1016/j.envres.2025.121407,https://pubmed.ncbi.nlm.nih.gov/40118315
Occupational exposures and kidney cancer among 25 000 male offshore petroleum industry workers: relative risks and healthy worker survivor bias.,2025,https://www.doi.org/10.1093/aje/kwaf039,https://pubmed.ncbi.nlm.nih.gov/40036895
Polygenic Risk Score and Lung Adenocarcinoma Risk Among Never-Smokers by EGFR Mutation Status: A Brief Report.,2025,https://www.doi.org/10.1016/j.jtho.2024.11.019,https://pubmed.ncbi.nlm.nih.gov/39581378
Occupational exposure to benzene and risk of non-Hodgkin lymphoma in an extended follow-up of two population-based prospective cohorts of Chinese men and women.,2024,https://www.doi.org/10.1002/ijc.35095,https://pubmed.ncbi.nlm.nih.gov/39221990
Expanded PAH analysis of household air pollution in a rural region of China with high lung cancer incidence.,2024,https://www.doi.org/10.1016/j.envpol.2024.124717,https://pubmed.ncbi.nlm.nih.gov/39147225
"Association between reproductive factors with lung cancer incidence and mortality: A pooled analysis of over 308,000 females in the Asia cohort consortium.",2024,https://www.doi.org/10.1002/ijc.34866,https://pubmed.ncbi.nlm.nih.gov/38375919
Correction: Distinct germline genetic susceptibility profiles identified for common non-Hodgkin lymphoma subtypes.,2023,https://www.doi.org/10.1038/s41375-023-01978-x,https://pubmed.ncbi.nlm.nih.gov/37666943
Nonlinear low dose hematotoxicity of benzene; a pooled analyses of two studies among Chinese exposed workers.,2023,https://www.doi.org/10.1016/j.envint.2023.108007,https://pubmed.ncbi.nlm.nih.gov/37290291
Benzene exposure and risk of benzene poisoning in Chinese workers.,2022,https://www.doi.org/10.1136/oemed-2021-108155,https://pubmed.ncbi.nlm.nih.gov/35273074
"Household air pollution from, and fuel efficiency of, different coal types following local cooking practices in Xuanwei, China.",2021,https://www.doi.org/10.1016/j.envpol.2021.117949,https://pubmed.ncbi.nlm.nih.gov/34438166
Carbon content in airway macrophages and genomic instability in Chinese carbon black packers.,2020,https://www.doi.org/10.1007/s00204-020-02678-6,https://pubmed.ncbi.nlm.nih.gov/32076763
Genetic risk of extranodal natural killer T-cell lymphoma: a genome-wide association study in multiple populations.,2020,https://www.doi.org/10.1016/S1470-2045(19)30799-5,https://pubmed.ncbi.nlm.nih.gov/31879220
"Predicting Lung Cancer Occurrence in Never-Smoking Females in Asia: TNSF-SQ, a Prediction Model.",2020,https://www.doi.org/10.1158/1055-9965.EPI-19-1221,https://pubmed.ncbi.nlm.nih.gov/31848206
Microbiome analysis of 940 lung cancers in never-smokers reveals lack of clinically relevant associations.,2025,https://www.doi.org/10.1038/s41467-025-66780-y,https://pubmed.ncbi.nlm.nih.gov/41387456
Uncovering the role of LINE-1 in the evolution of lung adenocarcinoma.,2025,https://www.doi.org/10.1038/s41586-025-09825-y,https://pubmed.ncbi.nlm.nih.gov/41372401
A prognostic signature for lung adenocarcinoma in patients who have never smoked.,2025,https://www.doi.org/10.1158/2159-8290.CD-25-0581,https://pubmed.ncbi.nlm.nih.gov/41165571
Stratifying lung adenocarcinoma risk with multi-ancestry polygenic risk scores in East Asian never-smokers.,2025,https://www.doi.org/10.1093/jnci/djaf272,https://pubmed.ncbi.nlm.nih.gov/41032288
Genome-wide association study of early-stage non-small cell lung cancer prognosis: a pooled analysis in the International Lung Cancer Consortium.,2025,https://www.doi.org/10.1093/carcin/bgaf031,https://pubmed.ncbi.nlm.nih.gov/40746155
Polygenic Risk Score and Lung Adenocarcinoma Risk Among Never-Smokers by EGFR Mutation Status: A Brief Report.,2025,https://www.doi.org/10.1016/j.jtho.2024.11.019,https://pubmed.ncbi.nlm.nih.gov/39581378
Prevalent occupational exposures and risk of lung cancer among women: Results from the application of the Canadian Job-Exposure Matrix (CANJEM) to a combined set of ten case-control studies.,2024,https://www.doi.org/10.1002/ajim.23562,https://pubmed.ncbi.nlm.nih.gov/38192156
"Molecular Profile of Subungual Melanoma: A MelaNostrum Consortium Study of 68 Cases Reporting BRAF, NRAS, KIT, and TERT Promoter Status.",2024,https://www.doi.org/10.1159/000534955,https://pubmed.ncbi.nlm.nih.gov/37918362
Occupational exposure to nickel and hexavalent chromium and the risk of lung cancer in a pooled analysis of case-control studies (SYNERGY).,2023,https://www.doi.org/10.1002/ijc.34272,https://pubmed.ncbi.nlm.nih.gov/36054442
Multi-Trait Genetic Analysis Identifies Autoimmune Loci Associated with Cutaneous Melanoma.,2022,https://www.doi.org/10.1016/j.jid.2021.08.449,https://pubmed.ncbi.nlm.nih.gov/34813871
National Institutes of Health COVID-19 Treatment Guidelines Panel: Perspectives and Lessons Learned.,2024,https://www.doi.org/10.7326/ANNALS-24-00464,https://pubmed.ncbi.nlm.nih.gov/39348691
Expanded Access of Unproven Drugs: Not the Final Word.,2024,https://www.doi.org/10.1056/EVIDe2400282,https://pubmed.ncbi.nlm.nih.gov/39315872
Vaccine hesitancy in the time of COVID: How to manage a public health threat.,2024,https://www.doi.org/10.3949/ccjm.91a.24062,https://pubmed.ncbi.nlm.nih.gov/39227084
Vaccines for Mpox - An Unmet Global Need.,2024,https://www.doi.org/10.1056/EVIDe2300348,https://pubmed.ncbi.nlm.nih.gov/38411453
"Pregnancy, pregnancy outcomes, and infant growth and development after recovery from Ebola virus disease in Liberia: an observational cohort study.",2023,https://www.doi.org/10.1016/S2214-109X(23)00210-3,https://pubmed.ncbi.nlm.nih.gov/37349033
On the importance and challenges of global access to proven life-saving treatments for Ebolavirus.,2023,https://www.doi.org/10.1016/S1473-3099(23)00141-X,https://pubmed.ncbi.nlm.nih.gov/36963916
Clinical research as a critical component of epidemic response: the case of PREVAIL in Liberia.,2023,https://www.doi.org/10.1016/S2214-109X(23)00040-2,https://pubmed.ncbi.nlm.nih.gov/36796971
The NIH-led research response to COVID-19.,2023,https://www.doi.org/10.1126/science.adf5167,https://pubmed.ncbi.nlm.nih.gov/36730407
Randomized Trial of Vaccines for Zaire Ebola Virus Disease.,2022,https://www.doi.org/10.1056/NEJMoa2200072,https://pubmed.ncbi.nlm.nih.gov/36516078
Monkeypox - Past as Prologue.,2022,https://www.doi.org/10.1056/NEJMe2210535,https://pubmed.ncbi.nlm.nih.gov/36001716
Tackling the burden of mumps in the military: A report of the Defense Health Board.,2021,https://www.doi.org/10.1016/j.vaccine.2021.09.006,https://pubmed.ncbi.nlm.nih.gov/34556365
Monoclonal Antibody for Patients with Covid-19. Reply.,2021,https://www.doi.org/10.1056/NEJMc2100221,https://pubmed.ncbi.nlm.nih.gov/33534968
"Four Decades of HIV/AIDS - Much Accomplished, Much to Do.",2020,https://www.doi.org/10.1056/NEJMp1916753,https://pubmed.ncbi.nlm.nih.gov/32609976
No Bioterror Battle Plan Survives First Outbreak.,2020,https://www.doi.org/10.1093/milmed/usaa087,https://pubmed.ncbi.nlm.nih.gov/32395747
"Timing, neural timescales, and temporal cognition.",2022,https://www.doi.org/10.1037/bne0000538,https://pubmed.ncbi.nlm.nih.gov/36222636
Addressing gaps in pain research from an integrated whole person perspective.,2024,https://www.doi.org/10.1097/j.pain.0000000000003359,https://pubmed.ncbi.nlm.nih.gov/39560412
Complementary and integrative health therapies in whole person resilience research.,2023,https://www.doi.org/10.1002/smi.3276,https://pubmed.ncbi.nlm.nih.gov/37243503
Interface of resilience with other related concepts in physiological and psychosocial/spiritual domains.,2023,https://www.doi.org/10.1002/smi.3257,https://pubmed.ncbi.nlm.nih.gov/37237422
Glioblastoma-enriched glycosphingolipids modulate the function of human iNKT cells.,2025,https://www.doi.org/10.1093/neuonc/noaf135,https://pubmed.ncbi.nlm.nih.gov/40435375
Imaging the Central Dogma of Molecular Biology: Single Molecules to Single Cells.,2026,https://www.doi.org/10.1016/j.jmb.2025.169562,https://pubmed.ncbi.nlm.nih.gov/41290131
Editorial overview: 3D Genome Chromatin organization and regulation.,2025,https://www.doi.org/10.1016/j.sbi.2024.102956,https://pubmed.ncbi.nlm.nih.gov/39631257
Enhancers: A Focus on Synthetic Biology and Correlated Gene Expression.,2024,https://www.doi.org/10.1021/acssynbio.4c00244,https://pubmed.ncbi.nlm.nih.gov/39276360
Regulating gene expression through control of transcription factor multivalent interactions.,2022,https://www.doi.org/10.1016/j.molcel.2022.05.015,https://pubmed.ncbi.nlm.nih.gov/35659322
Transcriptional Decoding of Morphogen Gradients during Development.,2020,https://www.doi.org/10.1016/j.devcel.2020.09.007,https://pubmed.ncbi.nlm.nih.gov/32991833
Transcription in Living Cells: Molecular Mechanisms of Bursting.,2020,https://www.doi.org/10.1146/annurev-biochem-011520-105250,https://pubmed.ncbi.nlm.nih.gov/32208766
"Estimating Final Infarct on Baseline CT Perfusion: Tissue, Time, or Both?",2025,https://www.doi.org/10.1212/WNL.0000000000213539,https://pubmed.ncbi.nlm.nih.gov/40068096
Getting RAMPed up: Neuropeptides boost T helper 1 cell fate.,2024,https://www.doi.org/10.1016/j.immuni.2024.11.013,https://pubmed.ncbi.nlm.nih.gov/39662089
Transcriptional regulation of adaptive and innate lymphoid lineage specification.,2021,https://www.doi.org/10.1111/imr.12935,https://pubmed.ncbi.nlm.nih.gov/33615514
Native FISH: A low- and high-throughput assay to analyze the alternative lengthening of telomere (ALT) pathway.,2024,https://www.doi.org/10.1016/bs.mcb.2022.10.010,https://pubmed.ncbi.nlm.nih.gov/38359982
"ALTercations at telomeres: stress, recombination and extrachromosomal affairs.",2023,https://www.doi.org/10.1042/BST20230265,https://pubmed.ncbi.nlm.nih.gov/37767563
Prevalence of osteosarcoma and investigation of risk factors in military working dogs: a retrospective study using data from the Deceased Military Working Dog Database.,2025,https://www.doi.org/10.1016/j.jcpa.2025.01.007,https://pubmed.ncbi.nlm.nih.gov/40022856
Electrosurgical Leaflet Modification to Prevent Coronary Obstruction During Transcatheter Aortic Valve Replacement in Failing Native and Bioprosthetic Valves.,2025,https://www.doi.org/10.1016/j.jcin.2025.07.032,https://pubmed.ncbi.nlm.nih.gov/41093453
"Low-dose occupational ionising radiation exposure and gastrointestinal cancer mortality among US radiologic technologists, 1983-2021.",2025,https://www.doi.org/10.1136/oemed-2025-110223,https://pubmed.ncbi.nlm.nih.gov/41276304
Integrated iodine biokinetic models for pregnancy and lactation based on the ICRP reference adult model.,2025,https://www.doi.org/10.1088/1361-6498/ae029e,https://pubmed.ncbi.nlm.nih.gov/40902619
Radiation dose estimation of pediatric upper extremity radiographs.,2025,https://www.doi.org/10.1007/s00247-025-06286-3,https://pubmed.ncbi.nlm.nih.gov/40526117
Absorbed dose coefficients for pediatric differentiated thyroid cancer patients undergoing radioiodine therapy.,2024,https://www.doi.org/10.1088/1361-6498/ad1fdc,https://pubmed.ncbi.nlm.nih.gov/38232407
A digital male pelvis phantom series showing anatomical variations over the course of fractionated radiotherapy treatment.,2024,https://www.doi.org/10.1002/mp.16865,https://pubmed.ncbi.nlm.nih.gov/38071746
Development of Respiratory Tract Organs for ICRP Pediatric Mesh-type Reference Computational Phantoms.,2023,https://www.doi.org/10.1097/HP.0000000000001740,https://pubmed.ncbi.nlm.nih.gov/37823824
Fetal atomic bomb survivor dosimetry using the J45 series of pregnant female phantoms with realistic survivor exposure scenarios: comparisons to dose estimates in the DS02 system.,2023,https://www.doi.org/10.1007/s00411-023-01032-5,https://pubmed.ncbi.nlm.nih.gov/37296237
Absorbed dose coefficients for adult thyroid cancer patients undergoing radioiodine therapy.,2023,https://www.doi.org/10.1088/1361-6498/acd648,https://pubmed.ncbi.nlm.nih.gov/37196645
Brain cancer after radiation exposure from CT examinations of children and young adults: results from the EPI-CT cohort study.,2023,https://www.doi.org/10.1016/S1470-2045(22)00655-6,https://pubmed.ncbi.nlm.nih.gov/36493793
CT organ dose calculator size adaptive for pediatric and adult patients.,2022,https://www.doi.org/10.1088/2057-1976/ac9845,https://pubmed.ncbi.nlm.nih.gov/36206721
Development of alimentary tract organs for ICRP pediatric mesh-type reference computational phantoms.,2022,https://www.doi.org/10.1088/1361-6498/ac8683,https://pubmed.ncbi.nlm.nih.gov/35921807
Reply to P. Petranović Ovčariček et al.,2022,https://www.doi.org/10.1200/JCO.22.00735,https://pubmed.ncbi.nlm.nih.gov/35709425
Childhood cancer risks estimates following CT scans: an update of the French CT cohort study.,2022,https://www.doi.org/10.1007/s00330-022-08602-z,https://pubmed.ncbi.nlm.nih.gov/35230516
Extensive study of radiation dose on human body at aviation altitude through Monte Carlo simulation.,2021,https://www.doi.org/10.1016/j.lssr.2021.07.001,https://pubmed.ncbi.nlm.nih.gov/34689941
Dose Coefficient Calculation for Use in Dosimetry Assessment of a Fission-Based Weapon.,2021,https://www.doi.org/10.1667/RADE-21-00012.1,https://pubmed.ncbi.nlm.nih.gov/34237146
Dose Estimation for the European Epidemiological Study on Pediatric Computed Tomography (EPI-CT).,2021,https://www.doi.org/10.1667/RADE-20-00231.1,https://pubmed.ncbi.nlm.nih.gov/33914893
Dose quantities for measurement and comparison of doses to individual patients in computed tomography (CT).,2021,https://www.doi.org/10.1088/1361-6498/abecf5,https://pubmed.ncbi.nlm.nih.gov/33690180
Adult patient-specific CT organ dose estimations using automated segmentations and Monte Carlo simulations.,2020,https://www.doi.org/10.1088/2057-1976/ab98e6,https://pubmed.ncbi.nlm.nih.gov/33444276
NCINM: organ dose calculator for patients undergoing nuclear medicine procedures.,2020,https://www.doi.org/10.1088/2057-1976/aba41e,https://pubmed.ncbi.nlm.nih.gov/33444241
Ct Dosimetry for The Australian Cohort Data Linkage Study.,2020,https://www.doi.org/10.1093/rpd/ncaa175,https://pubmed.ncbi.nlm.nih.gov/33200204
Specific absorbed fractions for a revised series of the UF/NCI pediatric reference phantoms: internal photon sources.,2021,https://www.doi.org/10.1088/1361-6560/abc708,https://pubmed.ncbi.nlm.nih.gov/33142280
Specific absorbed fractions for a revised series of the UF/NCI pediatric reference phantoms: internal electron sources.,2021,https://www.doi.org/10.1088/1361-6560/abc709,https://pubmed.ncbi.nlm.nih.gov/33142278
Dosimetric Impact of a New Computational Voxel Phantom Series for the Japanese Atomic Bomb Survivors: Methodological Improvements and Organ Dose Response Functions.,2020,https://www.doi.org/10.1667/RR15546.1,https://pubmed.ncbi.nlm.nih.gov/33045092
The HARMONIC project: study design for the assessment of radiation doses and associated cancer risks following cardiac fluoroscopy in childhood.,2020,https://www.doi.org/10.1088/1361-6498/aba66d,https://pubmed.ncbi.nlm.nih.gov/32668420
Stylized versus voxel phantoms: a juxtaposition of organ depth distributions.,2020,https://www.doi.org/10.1088/1361-6560/ab7686,https://pubmed.ncbi.nlm.nih.gov/32059205
Quantitative Assessment Protocol for Facial Soft Tissue Volumetric Changes with Stereophotogrammetry.,2025,https://www.doi.org/10.3791/69204,https://pubmed.ncbi.nlm.nih.gov/41460808
Multiscale 3D Whole Joint Cellular and Molecular Mapping Reveals Disease-Specific Neurovascular Plasticity Underlying the Structure-Pain Relationship.,2026,https://www.doi.org/10.1002/advs.202511226,https://pubmed.ncbi.nlm.nih.gov/41199410
Multimodality Craniofacial Phenotyping of Congenital Facial Weakness Disorders.,2025,https://www.doi.org/10.1177/10556656251344128,https://pubmed.ncbi.nlm.nih.gov/40611650
"Publisher Correction: Integrin signalling in joint development, homeostasis and osteoarthritis.",2024,https://www.doi.org/10.1038/s41584-024-01171-z,https://pubmed.ncbi.nlm.nih.gov/39304745
Three-Dimensional Cephalometric Landmark Annotation Demonstration on Human Cone Beam Computed Tomography Scans.,2023,https://www.doi.org/10.3791/65224,https://pubmed.ncbi.nlm.nih.gov/37747196
Disruptive Therapy Using a Nonsurgical Orthodontic Airway Plate for the Management of Neonatal Robin Sequence: 1-Year Follow-up.,2023,https://www.doi.org/10.1177/10556656221076980,https://pubmed.ncbi.nlm.nih.gov/35167404
Utility of Optical Coherence Tomography in the Diagnosis and Management of Optic Neuropathy in Patients with Fibrous Dysplasia.,2020,https://www.doi.org/10.1002/jbmr.4129,https://pubmed.ncbi.nlm.nih.gov/32644197
Modernizing Research and Evidence Consensus Definitions: A Food and Drug Administration-National Institutes of Health Collaboration.,2025,https://www.doi.org/10.1001/jamanetworkopen.2025.16674,https://pubmed.ncbi.nlm.nih.gov/40526378
Risk factors for progression of chronic kidney disease after robotic partial nephrectomy in elderly patients: results from a multi-institutional collaborative series.,2022,https://www.doi.org/10.23736/S2724-6051.21.04469-4,https://pubmed.ncbi.nlm.nih.gov/34156202
"Robotic-assisted Partial Nephrectomy for ""Very Small"" (<2 cm) Renal Mass: Results of a Multicenter Contemporary Cohort.",2021,https://www.doi.org/10.1016/j.euf.2020.10.001,https://pubmed.ncbi.nlm.nih.gov/33153954
Centrosomes in the spotlight: from organization to function to role in disease.,2021,https://www.doi.org/10.1016/j.sbi.2021.01.001,https://pubmed.ncbi.nlm.nih.gov/33485756
Constructing PCM with architecturally distinct higher-order assemblies.,2021,https://www.doi.org/10.1016/j.sbi.2020.09.013,https://pubmed.ncbi.nlm.nih.gov/33176265
An enhancer-AAV toolbox to target and manipulate distinct interneuron subtypes.,2025,https://www.doi.org/10.1016/j.neuron.2025.05.002,https://pubmed.ncbi.nlm.nih.gov/40403705
Randomized phase II study of platinum-based chemotherapy plus controlled diet with or without metformin in patients with advanced non-small cell lung cancer.,2021,https://www.doi.org/10.1016/j.lungcan.2020.11.011,https://pubmed.ncbi.nlm.nih.gov/33278671
Pharmacokinetic and pharmacodynamic results from a randomized controlled study with the GHSR blocker PF-5190457 in recently abstinent patients with alcohol use disorder.,2025,https://www.doi.org/10.1093/ijnp/pyaf081,https://pubmed.ncbi.nlm.nih.gov/41474196
Plasma concentrations of the inflammatory adipokine lipocalin-2 are not affected by chronic alcohol exposure in rats or acute alcohol administration in people with alcohol use disorder.,2025,https://www.doi.org/10.1080/00952990.2025.2582563,https://pubmed.ncbi.nlm.nih.gov/41329966
Cocaine craving and use during pharmacotherapy trials for cocaine use disorder: A multi-trajectory analysis.,2025,https://www.doi.org/10.1016/j.drugalcdep.2025.112841,https://pubmed.ncbi.nlm.nih.gov/40845736
GLP-1 receptor agonists in alcohol use disorder and alcohol-associated liver disease.,2025,https://www.doi.org/10.1016/S2468-1253(25)00134-7,https://pubmed.ncbi.nlm.nih.gov/40482663
Management of alcohol use disorder: a gastroenterology and hepatology-focused perspective.,2025,https://www.doi.org/10.1016/S2468-1253(24)00380-7,https://pubmed.ncbi.nlm.nih.gov/39956128
Sex and gender differences in alcohol use disorder: Quo Vadis?,2025,https://www.doi.org/10.1016/j.alcohol.2025.01.003,https://pubmed.ncbi.nlm.nih.gov/39837376
"FGF21 responses to alcohol, an insight from a comparative study in individuals with alcohol use disorder.",2025,https://www.doi.org/10.1016/j.alcohol.2024.12.001,https://pubmed.ncbi.nlm.nih.gov/39701439
The burden of alcohol and substance use disorders in adolescents and young adults.,2025,https://www.doi.org/10.1016/j.drugalcdep.2024.112495,https://pubmed.ncbi.nlm.nih.gov/39603063
Publisher Correction: Hazardous drinking and alcohol use disorders.,2024,https://www.doi.org/10.1038/s41572-024-00561-7,https://pubmed.ncbi.nlm.nih.gov/39304664
New insights into the molecular basis of alcohol abstinence and relapse in alcohol-associated liver disease.,2025,https://www.doi.org/10.1097/HEP.0000000000000645,https://pubmed.ncbi.nlm.nih.gov/37862466
Changes in plasma ghrelin levels following surgical and non-surgical weight-loss in female rats predict alcohol use.,2022,https://www.doi.org/10.1016/j.brainresbull.2022.07.019,https://pubmed.ncbi.nlm.nih.gov/35901985
Alcohol-medication interactions: A systematic review and meta-analysis of placebo-controlled trials.,2022,https://www.doi.org/10.1016/j.neubiorev.2021.11.019,https://pubmed.ncbi.nlm.nih.gov/34826511
The validity of the state-trait anxiety inventory and the brief scale for anxiety in an inpatient sample with alcohol use disorder.,2021,https://www.doi.org/10.1111/add.15516,https://pubmed.ncbi.nlm.nih.gov/33861887
New approved and emerging pharmacological approaches to alcohol use disorder: a review of clinical studies.,2021,https://www.doi.org/10.1080/14656566.2021.1892641,https://pubmed.ncbi.nlm.nih.gov/33615945
Sensory cue reactivity: Sensitization in alcohol use disorder and obesity.,2021,https://www.doi.org/10.1016/j.neubiorev.2021.02.014,https://pubmed.ncbi.nlm.nih.gov/33587959
The influence of anxiety symptoms on clinical outcomes during baclofen treatment of alcohol use disorder: A systematic review and meta-analysis.,2021,https://www.doi.org/10.1016/j.neubiorev.2020.12.030,https://pubmed.ncbi.nlm.nih.gov/33454289
Medication Development for Alcohol Use Disorder: A Focus on Clinical Studies.,2020,https://www.doi.org/10.1007/164_2019_295,https://pubmed.ncbi.nlm.nih.gov/31628604
Design of a potent interleukin-21 mimic for cancer immunotherapy.,2025,https://www.doi.org/10.1126/sciimmunol.adx1582,https://pubmed.ncbi.nlm.nih.gov/41004565
TSLP acts on regulatory T cells to maintain their identity and limit allergic inflammation.,2025,https://www.doi.org/10.1126/sciimmunol.adk0073,https://pubmed.ncbi.nlm.nih.gov/39792638
Publisher Correction: Strategies to therapeutically modulate cytokine action.,2024,https://www.doi.org/10.1038/s41573-024-01055-7,https://pubmed.ncbi.nlm.nih.gov/39304792
The implications of IL-15 trans-presentation on the immune response.,2022,https://www.doi.org/10.1016/bs.ai.2022.09.002,https://pubmed.ncbi.nlm.nih.gov/36410873
Thomas Alexander Waldmann (1930-2021).,2021,https://www.doi.org/10.1038/s41590-021-01076-z,https://pubmed.ncbi.nlm.nih.gov/34795446
Targeted gene transfer into developmentally defined cell populations of the primate brain.,2025,https://www.doi.org/10.1016/j.celrep.2025.116756,https://pubmed.ncbi.nlm.nih.gov/41428486
Lateralized visuotopic organization in the macaque superior colliculus revealed by fMRI.,2025,https://www.doi.org/10.1016/j.pneurobio.2025.102842,https://pubmed.ncbi.nlm.nih.gov/41086941
Mortimer Mishkin (1926-2021): A life of science with humility and grace.,2021,https://www.doi.org/10.1016/j.neuron.2021.10.023,https://pubmed.ncbi.nlm.nih.gov/34735788
Neurophysiology: The Three-Dimensional Building Blocks of Object Vision.,2021,https://www.doi.org/10.1016/j.cub.2020.10.064,https://pubmed.ncbi.nlm.nih.gov/33434491
Structural basis of double-stranded RNA recognition by the J2 monoclonal antibody.,2025,https://www.doi.org/10.1038/s41467-025-67414-z,https://pubmed.ncbi.nlm.nih.gov/41390480
Hydrophobic Gating and 1/,2021,https://www.doi.org/10.1021/acs.jpcb.0c10490,https://pubmed.ncbi.nlm.nih.gov/34015215
Genotype-specific immune responses at the intestinal barrier predispose to colitis in mouse models of chronic granulomatous disease.,2025,https://www.doi.org/10.1182/blood.2024026332,https://pubmed.ncbi.nlm.nih.gov/40239128
"Interpretation of Dihydrorhodamine-1,2,3 Flow Cytometry in Chronic Granulomatous Disease: an Atypical Exemplar.",2022,https://www.doi.org/10.1007/s10875-022-01217-5,https://pubmed.ncbi.nlm.nih.gov/35344128
A Novel RAC2 Variant Presenting as Severe Combined Immunodeficiency.,2021,https://www.doi.org/10.1007/s10875-020-00915-2,https://pubmed.ncbi.nlm.nih.gov/33188496
A reproducible signature of cytoskeletal and ALS-related genes in human motoneurons.,2023,https://www.doi.org/10.1016/j.neuron.2023.10.034,https://pubmed.ncbi.nlm.nih.gov/38061331
Intersectional genetic tools to study skilled reaching in mice.,2022,https://www.doi.org/10.1016/j.expneurol.2021.113879,https://pubmed.ncbi.nlm.nih.gov/34597682
Long-Term Cardiovascular Health Trajectories Associated With Cardiovascular Disease and Mortality in Older Adults.,2025,https://www.doi.org/10.1016/j.jacadv.2025.102502,https://pubmed.ncbi.nlm.nih.gov/41478273
Reflection knockoffs via householder reflection: applications in proteomics and genetic fine mapping.,2025,https://www.doi.org/10.1093/genetics/iyaf178,https://pubmed.ncbi.nlm.nih.gov/40880202
Genome-wide Gene by Sleepiness Interaction Analysis for Sleep Apnea.,2025,https://www.doi.org/10.1093/sleep/zsaf212,https://pubmed.ncbi.nlm.nih.gov/40736211
Global Comparison of Readmission Rates for Patients With Heart Failure.,2023,https://www.doi.org/10.1016/j.jacc.2023.05.040,https://pubmed.ncbi.nlm.nih.gov/37495280
Author Correction: Clonal haematopoiesis and risk of chronic liver disease.,2023,https://www.doi.org/10.1038/s41586-023-06375-z,https://pubmed.ncbi.nlm.nih.gov/37400552
Plasma EFEMP1 Is Associated with Brain Aging and Dementia: The Framingham Heart Study.,2022,https://www.doi.org/10.3233/JAD-215053,https://pubmed.ncbi.nlm.nih.gov/34958018
"Framingham Heart Study: JACC Focus Seminar, 1/8.",2021,https://www.doi.org/10.1016/j.jacc.2021.01.059,https://pubmed.ncbi.nlm.nih.gov/34045026
Publisher Correction: Discovery of rare variants associated with blood pressure regulation through meta-analysis of 1.3 million individuals.,2021,https://www.doi.org/10.1038/s41588-021-00832-z,https://pubmed.ncbi.nlm.nih.gov/33727701
"Author Correction: Inherited causes of clonal haematopoiesis in 97,691 whole genomes.",2021,https://www.doi.org/10.1038/s41586-021-03280-1,https://pubmed.ncbi.nlm.nih.gov/33707633
Effects of functional endoscopic sinus surgery on asthma control in patients with comorbid chronic rhinosinusitis and asthma: A national database study.,2025,https://www.doi.org/10.1002/alr.23462,https://pubmed.ncbi.nlm.nih.gov/39376184
Correspondence on 'EULAR recommendations for the management of systemic lupus erythematosus: 2023 update' by Fanouriakis ,2024,https://www.doi.org/10.1136/ard-2024-226392,https://pubmed.ncbi.nlm.nih.gov/39237132
"Pediatric Rheumatic Disease in Lower to Middle-Income Countries: Impact of Global Disparities, Ancestral Diversity, and the Path Forward.",2022,https://www.doi.org/10.1016/j.rdc.2021.09.001,https://pubmed.ncbi.nlm.nih.gov/34798947
Tackling global challenges in pediatric rheumatology.,2020,https://www.doi.org/10.1097/BOR.0000000000000726,https://pubmed.ncbi.nlm.nih.gov/32657804
PTEN Loss Promotes PI3Kβ Phosphorylation and EPHA2/SRC/p-PI3KβY962 Complex Assembly to Drive Tumorigenesis.,2025,https://www.doi.org/10.1158/2159-8290.CD-25-1126,https://pubmed.ncbi.nlm.nih.gov/41237375
Association between calf girth and peripheral artery disease in the Atherosclerosis Risk in Communities Study.,2020,https://www.doi.org/10.1016/j.jjcc.2020.04.002,https://pubmed.ncbi.nlm.nih.gov/32439339
Dietary Methionine in T Cell Biology and Autoimmune Disease.,2020,https://www.doi.org/10.1016/j.cmet.2020.01.007,https://pubmed.ncbi.nlm.nih.gov/32023442
Phase II Dose-Randomized Study of Sunvozertinib in Platinum-Pretreated Non-Small Cell Lung Cancer With Epidermal Growth Factor Receptor Exon 20 Insertion Mutations (WU-KONG1B).,2025,https://www.doi.org/10.1200/JCO-25-00788,https://pubmed.ncbi.nlm.nih.gov/40923280
Discovery of antidepressant active compounds from Polygala tenuifolia Willd.: An integrated multitarget screening strategy combining network pharmacology with cell membrane chromatography coupled to high performance liquid chromatography.,2026,https://www.doi.org/10.1016/j.jep.2025.120527,https://pubmed.ncbi.nlm.nih.gov/40907728
[Robotic visualization system-assisted microsurgical reconstruction of the reproductive tract in male rats].,2024,N/A,https://pubmed.ncbi.nlm.nih.gov/40778791
Dendritic Spine Quantification Using an Automatic Three-Dimensional Neuron Reconstruction Software.,2024,https://www.doi.org/10.3791/66493,https://pubmed.ncbi.nlm.nih.gov/39400175
Synthesis and characterization of ,2024,https://www.doi.org/10.1016/j.nucmedbio.2024.108929,https://pubmed.ncbi.nlm.nih.gov/38796925
[Imaging quality of the robotic visualization 4K3D system and its application in microscopic vasectomy reversal in rats].,2022,N/A,https://pubmed.ncbi.nlm.nih.gov/37462483
Transcranial brain atlas for school-aged children and adolescents.,2021,https://www.doi.org/10.1016/j.brs.2021.05.004,https://pubmed.ncbi.nlm.nih.gov/34029769
Improving diagnostic performance of differentiating ocular adnexal lymphoma and idiopathic orbital inflammation using intravoxel incoherent motion diffusion-weighted MRI.,2020,https://www.doi.org/10.1016/j.ejrad.2020.109191,https://pubmed.ncbi.nlm.nih.gov/32745898
Value of MRI-based radiomics analysis for differentiation of benign and malignant epithelial neoplasms in the lacrimal gland: a retrospective study.,2021,https://www.doi.org/10.1177/0284185120940258,https://pubmed.ncbi.nlm.nih.gov/32660315
Targeting brain functions from the scalp: Transcranial brain atlas based on large-scale fMRI data synthesis.,2020,https://www.doi.org/10.1016/j.neuroimage.2020.116550,https://pubmed.ncbi.nlm.nih.gov/31981781
A CRISPR-based genome-wide loss-of-function screen defines a role of host metabolism in regulating hepatitis B virus infection.,2025,https://www.doi.org/10.1016/j.ymthe.2025.11.032,https://pubmed.ncbi.nlm.nih.gov/41332134
A genome-wide siRNA screen identifies previously unknown proviral and antiviral host factors in HBV infection.,2025,https://www.doi.org/10.1016/j.jhep.2025.11.017,https://pubmed.ncbi.nlm.nih.gov/41314348
Joint statement in support of hepatitis C human challenge studies.,2023,https://www.doi.org/10.1016/S2468-1253(23)00314-X,https://pubmed.ncbi.nlm.nih.gov/37742699
Genetically engineered human iPS cell-derived kidney organoid recapitulates an early stage of ALK fusion gene-associated renal tumorigenesis.,2025,https://www.doi.org/10.1158/1541-7786.MCR-25-0043,https://pubmed.ncbi.nlm.nih.gov/41427836
Multigenerational VHL family characterized by pathogenic germline ELOC variant: Response to belzutifan.,2025,https://www.doi.org/10.1016/j.urolonc.2025.10.009,https://pubmed.ncbi.nlm.nih.gov/41224595
"Tuberous sclerosis complex-associated renal cell carcinoma, an underappreciated form of familial renal cancer, is characterized by activation of the TFEB/TFE3 pathway.",2025,https://www.doi.org/10.1093/hmg/ddaf173,https://pubmed.ncbi.nlm.nih.gov/41217309
mTOR-mediated upregulation of B7-H3 in MiT/TFE translocation renal cell carcinoma.,2026,https://www.doi.org/10.1002/path.6490,https://pubmed.ncbi.nlm.nih.gov/41178060
Estimated blood loss to urine output ratio during partial nephrectomy as a predictor of postoperative acute kidney injury in a hereditary renal cancer-enriched population.,2025,https://www.doi.org/10.5489/cuaj.9290,https://pubmed.ncbi.nlm.nih.gov/41061688
Metastasectomy outcomes in renal cell carcinoma: insights from hereditary leiomyomatosis and succinate dehydrogenase deficient cohorts.,2025,https://www.doi.org/10.1016/j.urolonc.2025.07.021,https://pubmed.ncbi.nlm.nih.gov/40935761
"Defining the Histopathological, Clinical, and Genetic Characteristics of Familial BAP1-associated Renal Cell Carcinoma.",2025,https://www.doi.org/10.1016/j.eururo.2025.08.007,https://pubmed.ncbi.nlm.nih.gov/40925749
Predictive Clinical Features in Germline Testing for Renal Cell Carcinoma.,2025,https://www.doi.org/10.1016/j.urology.2025.07.035,https://pubmed.ncbi.nlm.nih.gov/40750025
Bevacizumab and Erlotinib in Hereditary and Sporadic Papillary Kidney Cancer.,2025,https://www.doi.org/10.1056/NEJMoa2200900,https://pubmed.ncbi.nlm.nih.gov/40532152
"The Critical Role of FLCN, TFE3, and TFEB in Bioenergetic and Nutrient Sensing, Renal Cancer Tumorigenesis and Metabolic Health.",2025,https://www.doi.org/10.1016/j.eururo.2025.05.003,https://pubmed.ncbi.nlm.nih.gov/40382298
Corrigendum.,2025,https://www.doi.org/10.1016/j.ophtha.2024.12.032,https://pubmed.ncbi.nlm.nih.gov/39986707
Growth kinetics of renal tumours during pregnancy in patients with hereditary renal cancer syndromes.,2025,https://www.doi.org/10.1111/bju.16593,https://pubmed.ncbi.nlm.nih.gov/39877936
A Call for a Neoadjuvant Kidney Cancer Consortium: Lessons Learned from Other Cancer Types.,2025,https://www.doi.org/10.1016/j.eururo.2025.01.007,https://pubmed.ncbi.nlm.nih.gov/39855942
Imaging finding of renal masses associated with pathogenic variation in succinate dehydrogenase subunit B gene.,2024,https://www.doi.org/10.1016/j.clinimag.2024.110280,https://pubmed.ncbi.nlm.nih.gov/39260085
Pharmacologic ascorbate induces transient hypoxia sensitizing pancreatic ductal adenocarcinoma to a hypoxia activated prodrug.,2024,https://www.doi.org/10.1016/j.freeradbiomed.2024.07.008,https://pubmed.ncbi.nlm.nih.gov/38992394
Oral Hypoxia-Inducible Factor 2α Inhibitor Belzutifan in Ocular von Hippel-Lindau Disease: Subgroup Analysis of the Single-Arm Phase 2 LITESPARK-004 Study.,2024,https://www.doi.org/10.1016/j.ophtha.2024.05.024,https://pubmed.ncbi.nlm.nih.gov/38849055
"Timing, incidence and management of delayed bleeding after partial nephrectomy in patients at risk for recurrent, bilateral, multifocal renal tumors.",2024,https://www.doi.org/10.1016/j.urolonc.2024.03.004,https://pubmed.ncbi.nlm.nih.gov/38614921
Genome-Wide Analysis Identifies Nuclear Factor 1C as a Novel Transcription Factor and Potential Therapeutic Target in SCLC.,2024,https://www.doi.org/10.1016/j.jtho.2024.03.023,https://pubmed.ncbi.nlm.nih.gov/38583771
TFE3-Splicing Factor Fusions Represent Functional Drivers and Druggable Targets in Translocation Renal Cell Carcinoma.,2024,https://www.doi.org/10.1158/0008-5472.CAN-23-1789,https://pubmed.ncbi.nlm.nih.gov/38266162
EDITORIAL COMMENT.,2023,https://www.doi.org/10.1016/j.urology.2022.11.054,https://pubmed.ncbi.nlm.nih.gov/37353242
"Low-dose occupational ionising radiation exposure and gastrointestinal cancer mortality among US radiologic technologists, 1983-2021.",2025,https://www.doi.org/10.1136/oemed-2025-110223,https://pubmed.ncbi.nlm.nih.gov/41276304
Residential ambient ultraviolet B and ultraviolet A and incidence of keratinocyte carcinoma in the nationwide US Radiologic Technologists cohort.,2025,https://www.doi.org/10.1093/bjd/ljaf206,https://pubmed.ncbi.nlm.nih.gov/40440356
Examining bias due to method of follow-up for cancer incidence in a large U.S. cohort: Self-report versus registry linkage.,2025,https://www.doi.org/10.1016/j.annepidem.2025.05.006,https://pubmed.ncbi.nlm.nih.gov/40409575
Nonlinear low dose hematotoxicity of benzene; a pooled analyses of two studies among Chinese exposed workers.,2023,https://www.doi.org/10.1016/j.envint.2023.108007,https://pubmed.ncbi.nlm.nih.gov/37290291
Benzene exposure and risk of benzene poisoning in Chinese workers.,2022,https://www.doi.org/10.1136/oemed-2021-108155,https://pubmed.ncbi.nlm.nih.gov/35273074
"Perinatal photoperiod and childhood cancer: pooled results from 182,856 individuals in the international childhood cancer cohort consortium (I4C).",2020,https://www.doi.org/10.1080/07420528.2020.1740724,https://pubmed.ncbi.nlm.nih.gov/32233647
Combined inhibition of polyamine biosynthesis and uptake blocks ,2025,https://www.doi.org/10.1128/mbio.03524-25,https://pubmed.ncbi.nlm.nih.gov/41378910
,2025,https://www.doi.org/10.1128/mmbr.00187-22,https://pubmed.ncbi.nlm.nih.gov/41334918
Balancing IL-17-mediated protection and IFN-γ-driven pathology at mucocutaneous barriers.,2025,https://www.doi.org/10.1016/j.it.2025.09.002,https://pubmed.ncbi.nlm.nih.gov/41015664
Invasive Fungal Infections as a Complication of New Therapies.,2025,https://www.doi.org/10.1146/annurev-med-050124-122000,https://pubmed.ncbi.nlm.nih.gov/40971577
Hidden splice variants in inborn errors of immunity: Uncovering diagnoses and therapeutic targets.,2025,https://www.doi.org/10.1016/j.jaci.2025.07.017,https://pubmed.ncbi.nlm.nih.gov/40738288
An activating ,2025,https://www.doi.org/10.1126/sciimmunol.ado5986,https://pubmed.ncbi.nlm.nih.gov/40446018
Selective JAK1 inhibition remits multiorgan autoimmunity in a patient with refractory autoimmune polyendocrine syndrome type 1.,2025,https://www.doi.org/10.1016/j.jaci.2025.03.026,https://pubmed.ncbi.nlm.nih.gov/40272341
Complement and fungal diseases.,2025,https://www.doi.org/10.1016/j.jaci.2025.02.003,https://pubmed.ncbi.nlm.nih.gov/39956284
Global guideline for the diagnosis and management of candidiasis: an initiative of the ECMM in cooperation with ISHAM and ASM.,2025,https://www.doi.org/10.1016/S1473-3099(24)00749-7,https://pubmed.ncbi.nlm.nih.gov/39956121
,2024,https://www.doi.org/10.1056/NEJMra2402635,https://pubmed.ncbi.nlm.nih.gov/39565991
IL-17: A Critical Cytokine for Defense against Oral Candidiasis.,2024,https://www.doi.org/10.4049/jimmunol.2400510,https://pubmed.ncbi.nlm.nih.gov/39374468
A multidisciplinary approach to mucormycosis.,2024,https://www.doi.org/10.1016/j.jinf.2024.106214,https://pubmed.ncbi.nlm.nih.gov/38955247
Host defense mechanisms against ,2023,https://www.doi.org/10.1080/14787210.2023.2264500,https://pubmed.ncbi.nlm.nih.gov/37753840
Targeting endothelial permeability in the EPR effect.,2023,https://www.doi.org/10.1016/j.jconrel.2023.07.039,https://pubmed.ncbi.nlm.nih.gov/37517543
Candida lipase packs a punch against IL-17.,2022,https://www.doi.org/10.1016/j.chom.2022.10.006,https://pubmed.ncbi.nlm.nih.gov/36356564
BCG Infection in Patients With Inborn Errors of Immunity Receiving the Russian BCG Strain.,2022,https://www.doi.org/10.1016/j.jaip.2022.03.032,https://pubmed.ncbi.nlm.nih.gov/35470098
Fungal sugars boost vaccine protection.,2022,https://www.doi.org/10.1016/j.cell.2022.01.020,https://pubmed.ncbi.nlm.nih.gov/35148839
A Case Report of Fatal Mucormycosis in a 30-Year-Old Patient with Autoimmune Polyendocrine Syndrome Type 1.,2022,https://www.doi.org/10.1007/s10875-022-01226-4,https://pubmed.ncbi.nlm.nih.gov/35141820
Prenatal maternal infection promotes tissue-specific immunity and inflammation in offspring.,2021,https://www.doi.org/10.1126/science.abf3002,https://pubmed.ncbi.nlm.nih.gov/34446580
Therapy with PTH 1-34 or calcitriol and calcium in diverse etiologies of hypoparathyroidism over 27 years at a single tertiary care center.,2021,https://www.doi.org/10.1016/j.bone.2021.115977,https://pubmed.ncbi.nlm.nih.gov/33932619
Impact of periprocedural subcutaneous parathyroid hormone on control of hypocalcaemia in APS-1/APECED patients undergoing invasive procedures.,2021,https://www.doi.org/10.1111/cen.14335,https://pubmed.ncbi.nlm.nih.gov/32955743
Infectious Complications of Immune Checkpoint Inhibitors.,2020,https://www.doi.org/10.1016/j.idc.2020.02.004,https://pubmed.ncbi.nlm.nih.gov/32334989
Progressive Small Bowel Obstruction in a Patient With the Autoimmune Syndrome APECED.,2020,https://www.doi.org/10.1053/j.gastro.2019.12.040,https://pubmed.ncbi.nlm.nih.gov/31945373
Quality Assurance Model for Breast Cancer Prognostication Using the Modified Magee Equations.,2025,https://www.doi.org/10.5858/arpa.2023-0576-OA,https://pubmed.ncbi.nlm.nih.gov/38952295
Estrogen Control of Social Behaviors.,2025,https://www.doi.org/10.1146/annurev-neuro-112723-041639,https://pubmed.ncbi.nlm.nih.gov/39983027
Clearance of Squamous-Cell Carcinoma by Restoring T-Cell Receptor Signaling. Reply.,2025,https://www.doi.org/10.1056/NEJMc2512150,https://pubmed.ncbi.nlm.nih.gov/41061245
Further Personalizing Medicine in Immune Disorders: Genomic Findings and Hematopoietic Cell Transplantation Survival.,2026,https://www.doi.org/10.1097/TP.0000000000005504,https://pubmed.ncbi.nlm.nih.gov/40739694
Idiopathic CD4 Lymphocytopenia at 30 Years. Reply.,2023,https://www.doi.org/10.1056/NEJMc2307362,https://pubmed.ncbi.nlm.nih.gov/37585647
Likelihood ratio combination of multiple biomarkers via smoothing spline estimated densities.,2024,https://www.doi.org/10.1002/sim.10026,https://pubmed.ncbi.nlm.nih.gov/38291702
Low-rank latent matrix-factor prediction modeling for generalized high-dimensional matrix-variate regression.,2023,https://www.doi.org/10.1002/sim.9821,https://pubmed.ncbi.nlm.nih.gov/37314066
"Marginal, conditional, and pseudo likelihood ratio approaches for biomarker combination to predict a binary disease outcome.",2022,https://www.doi.org/10.1002/sim.9371,https://pubmed.ncbi.nlm.nih.gov/35332560
In a mouse model of INCL reduced S-palmitoylation of cytosolic thioesterase APT1 contributes to microglia proliferation and neuroinflammation.,2021,https://www.doi.org/10.1002/jimd.12379,https://pubmed.ncbi.nlm.nih.gov/33739454
Error-corrected estimation of a diagnostic accuracy index of a biomarker against a continuous gold standard.,2021,https://www.doi.org/10.1002/sim.8818,https://pubmed.ncbi.nlm.nih.gov/33247458
A model-based approach for clustering of multivariate semicontinuous data with application to dietary pattern analysis and intervention.,2020,https://www.doi.org/10.1002/sim.8391,https://pubmed.ncbi.nlm.nih.gov/31702055
Noninferiority of One HPV Vaccine Dose to Two Doses.,2025,https://www.doi.org/10.1056/NEJMoa2506765,https://pubmed.ncbi.nlm.nih.gov/41337735
Examining bias due to method of follow-up for cancer incidence in a large U.S. cohort: Self-report versus registry linkage.,2025,https://www.doi.org/10.1016/j.annepidem.2025.05.006,https://pubmed.ncbi.nlm.nih.gov/40409575
"Developing, Validating, and Testing Non-vaccine-Preventable Human Papillomavirus to Control for Differences in Sexual Behavior When Evaluating HPV Vaccination.",2025,https://www.doi.org/10.1158/1055-9965.EPI-24-1775,https://pubmed.ncbi.nlm.nih.gov/40259791
Evaluating prognostic biomarkers for survival outcomes subject to informative censoring.,2024,https://www.doi.org/10.1177/09622802241259170,https://pubmed.ncbi.nlm.nih.gov/38841774
Accounting for informative observation process in transition models of binary longitudinal outcome: Application to medical record data.,2024,https://www.doi.org/10.1177/09622802231225527,https://pubmed.ncbi.nlm.nih.gov/38303569
Absolute and relative risk estimation in the presence of outcome ascertainment gaps and competing risks.,2023,https://www.doi.org/10.1002/sim.9668,https://pubmed.ncbi.nlm.nih.gov/36705055
"Marginal, conditional, and pseudo likelihood ratio approaches for biomarker combination to predict a binary disease outcome.",2022,https://www.doi.org/10.1002/sim.9371,https://pubmed.ncbi.nlm.nih.gov/35332560
Utility of urine lipoarabinomannan (LAM) in diagnosing mycobacteria infection among hospitalized HIV-positive patients.,2022,https://www.doi.org/10.1016/j.ijid.2022.02.046,https://pubmed.ncbi.nlm.nih.gov/35219884
Carboxypeptidase E mRNA: Overexpression predicts recurrence and death in lung adenocarcinoma cancer patients.,2022,https://www.doi.org/10.3233/CBM-210206,https://pubmed.ncbi.nlm.nih.gov/34511486
Clinical usefulness of metagenomic next-generation sequencing for the diagnosis of central nervous system infection in people living with HIV.,2021,https://www.doi.org/10.1016/j.ijid.2021.04.057,https://pubmed.ncbi.nlm.nih.gov/33892189
Prevalence and risk factors of metabolic associated fatty liver disease among people living with HIV in China.,2021,https://www.doi.org/10.1111/jgh.15320,https://pubmed.ncbi.nlm.nih.gov/33140878
Quantitative HBcrAg and HBcAb versus HBsAg and HBV DNA in predicting liver fibrosis levels of chronic hepatitis B patients.,2020,https://www.doi.org/10.1016/j.gastrohep.2020.03.017,https://pubmed.ncbi.nlm.nih.gov/32921478
Accounting for random observation time in risk prediction with longitudinal markers: An imputation approach.,2020,https://www.doi.org/10.1177/0962280219833089,https://pubmed.ncbi.nlm.nih.gov/30854937
Neuronal HDAC3 knockdown promotes propriospinal detour pathway formation and locomotor recovery in a mouse model of spinal cord injury.,2025,https://www.doi.org/10.1126/scitranslmed.adp1873,https://pubmed.ncbi.nlm.nih.gov/40632834
A pontine center in descending pain control.,2025,https://www.doi.org/10.1016/j.neuron.2025.02.028,https://pubmed.ncbi.nlm.nih.gov/40132590
Protective effect of TNFAIP3 on testosterone production in Leydig cells under an aging inflammatory microenvironment.,2024,https://www.doi.org/10.1016/j.archger.2023.105274,https://pubmed.ncbi.nlm.nih.gov/37995648
T-cell receptor signaling modulated by the co-receptors: Potential targets for stroke treatment.,2023,https://www.doi.org/10.1016/j.phrs.2023.106797,https://pubmed.ncbi.nlm.nih.gov/37211238
TCF25 serves as a nutrient sensor to orchestrate metabolic adaptation and cell death by enhancing lysosomal acidification under glucose starvation.,2025,https://www.doi.org/10.1016/j.celrep.2025.116186,https://pubmed.ncbi.nlm.nih.gov/40844875
Persistent Activation of Renal Autophagy Contributes to Nephropathy in Murine Glycogen Storage Disease Type Ia.,2026,https://www.doi.org/10.1002/jimd.70127,https://pubmed.ncbi.nlm.nih.gov/41361951
Treatment approaches for alcohol use disorder with metabolic dysfunction.,2026,https://www.doi.org/10.1016/j.pharmthera.2025.108957,https://pubmed.ncbi.nlm.nih.gov/41238083
Psychiatric Genetics in Clinical Practice: Essential Knowledge for Mental Health Professionals.,2025,https://www.doi.org/10.1176/appi.ajp.20240295,https://pubmed.ncbi.nlm.nih.gov/40134266
Targeting Oxidative Stress in Neurodegenerative Disorders: A Novel Role for PCSK9 Inhibition?,2024,https://www.doi.org/10.1021/acschemneuro.4c00299,https://pubmed.ncbi.nlm.nih.gov/39022840
PCSK9 inhibition attenuates alcohol-associated neuronal oxidative stress and cellular injury.,2024,https://www.doi.org/10.1016/j.bbi.2024.04.022,https://pubmed.ncbi.nlm.nih.gov/38657842
Evaluating the Cardiovascular Impact of Genetically Proxied PCSK9 and HMGCR Inhibition in East Asian and European Populations: A Drug-Target Mendelian Randomization Study.,2024,https://www.doi.org/10.1161/CIRCGEN.122.004224,https://pubmed.ncbi.nlm.nih.gov/38258565
Multi-omics analysis of alcohol effects on the liver in young and aged mice.,2023,https://www.doi.org/10.1111/adb.13342,https://pubmed.ncbi.nlm.nih.gov/38017640
Proprotein convertase subtilisin/kexin type 9 (PCSK9) in the central nervous system.,2023,https://www.doi.org/10.1016/j.neubiorev.2023.105155,https://pubmed.ncbi.nlm.nih.gov/37019248
,2022,https://www.doi.org/10.1021/acschemneuro.2c00663,https://pubmed.ncbi.nlm.nih.gov/36374568
Additive Effects of Stress and Alcohol Exposure on Accelerated Epigenetic Aging in Alcohol Use Disorder.,2023,https://www.doi.org/10.1016/j.biopsych.2022.06.036,https://pubmed.ncbi.nlm.nih.gov/36182531
Mendelian Randomization Study of PCSK9 and HMG-CoA Reductase Inhibition and Cognitive Function.,2022,https://www.doi.org/10.1016/j.jacc.2022.05.041,https://pubmed.ncbi.nlm.nih.gov/35953131
Clinical predictors of non-response to lithium treatment in the Pharmacogenomics of Bipolar Disorder (PGBD) study.,2021,https://www.doi.org/10.1111/bdi.13078,https://pubmed.ncbi.nlm.nih.gov/33797828
Exposure to lung-migrating helminth protects against murine SARS-CoV-2 infection through macrophage-dependent T cell activation.,2023,https://www.doi.org/10.1126/sciimmunol.adf8161,https://pubmed.ncbi.nlm.nih.gov/37566678
Redefining inflammatory macrophage phenotypes across stages and tissues by single-cell transcriptomics.,2022,https://www.doi.org/10.1126/sciimmunol.abo4652,https://pubmed.ncbi.nlm.nih.gov/35427177
Helminth infections and cardiovascular diseases: A role for the microbiota and Mϕs?,2021,https://www.doi.org/10.1002/JLB.5MR0721-786R,https://pubmed.ncbi.nlm.nih.gov/34467547
Road traffic noise exposure and blood DNA methylation at birth and in childhood: An epigenome-wide meta-analysis.,2025,https://www.doi.org/10.1016/j.envint.2025.109976,https://pubmed.ncbi.nlm.nih.gov/41352164
Prevalence and Prognostic Significance of COPD in Adults Younger than 50 Years of Age.,2025,https://www.doi.org/10.1056/EVIDoa2400424,https://pubmed.ncbi.nlm.nih.gov/40693853
Prenatal Smoking Exposures and Epigenome-wide Methylation in Newborn Blood.,2025,https://www.doi.org/10.1289/EHP16303,https://pubmed.ncbi.nlm.nih.gov/40478623
Association of exposure to second-hand smoke during childhood with blood DNA methylation.,2025,https://www.doi.org/10.1016/j.envint.2024.109204,https://pubmed.ncbi.nlm.nih.gov/39693780
Gender Influences on Editorial Decisions at Epidemiology.,2022,https://www.doi.org/10.1097/EDE.0000000000001457,https://pubmed.ncbi.nlm.nih.gov/34954710
Priming or Boosting Plasmodium falciparum Transmission-Blocking Responses With Recombinant Vaccines or Gametocyte Extract.,2025,https://www.doi.org/10.1093/infdis/jiaf318,https://pubmed.ncbi.nlm.nih.gov/40503613
"Safety and efficacy of the blood-stage malaria vaccine RH5.1/Matrix-M in Burkina Faso: interim results of a double-blind, randomised, controlled, phase 2b trial in children.",2025,https://www.doi.org/10.1016/S1473-3099(24)00752-7,https://pubmed.ncbi.nlm.nih.gov/39672183
Superior antibody immunogenicity of a viral-vectored RH5 blood-stage malaria vaccine in Tanzanian infants as compared to adults.,2023,https://www.doi.org/10.1016/j.medj.2023.07.003,https://pubmed.ncbi.nlm.nih.gov/37572659
Structure-switching aptamer sensors for the specific detection of piperaquine and mefloquine.,2021,https://www.doi.org/10.1126/scitranslmed.abe1535,https://pubmed.ncbi.nlm.nih.gov/33731432
The peptide selectivity model: Interpreting NK cell KIR-HLA-I binding interactions and their associations to human diseases.,2024,https://www.doi.org/10.1016/j.it.2024.10.006,https://pubmed.ncbi.nlm.nih.gov/39578117
Identification and structural characterization of a mutant KRAS-G12V specific TCR restricted by HLA-A3.,2024,https://www.doi.org/10.1002/eji.202451079,https://pubmed.ncbi.nlm.nih.gov/39030753
Innate receptors with high specificity for HLA class I-peptide complexes.,2023,https://www.doi.org/10.1126/sciimmunol.adh1781,https://pubmed.ncbi.nlm.nih.gov/37683038
"Stress in first-year medical students: a multidimensional analysis of emotional Intelligence, empathy, and cardiovascular health.",2025,https://www.doi.org/10.1186/s12909-025-08401-2,https://pubmed.ncbi.nlm.nih.gov/41388409
Computational Therapeutics: Modeling Impulsive Decision Making to Isolate Pharmaceutical Targets.,2025,https://www.doi.org/10.1016/j.biopsych.2024.12.008,https://pubmed.ncbi.nlm.nih.gov/39971401
Affirming NIH's commitment to addressing structural racism in the biomedical research enterprise.,2021,https://www.doi.org/10.1016/j.cell.2021.05.014,https://pubmed.ncbi.nlm.nih.gov/34115967
"Critical roles of the miR-17∼92 family in thymocyte development, leukemogenesis, and autoimmunity.",2024,https://www.doi.org/10.1016/j.celrep.2024.114261,https://pubmed.ncbi.nlm.nih.gov/38776224
Publisher Correction: CD3ζ ITAMs enable ligand discrimination and antagonism by inhibiting TCR signaling in response to low-affinity peptides.,2024,https://www.doi.org/10.1038/s41590-023-01725-5,https://pubmed.ncbi.nlm.nih.gov/38057618
A Simplified Approach to Evaluating T Cell Development by Flow Cytometry.,2023,https://www.doi.org/10.1007/978-1-0716-2740-2_7,https://pubmed.ncbi.nlm.nih.gov/36374454
THEMIS enhances the magnitude of normal and neuroinflammatory type 1 immune responses by promoting TCR-independent signals.,2022,https://www.doi.org/10.1126/scisignal.abl5343,https://pubmed.ncbi.nlm.nih.gov/35857631
Epigenetic regulation of T cell development.,2023,https://www.doi.org/10.1080/08830185.2021.2022661,https://pubmed.ncbi.nlm.nih.gov/34967703
New insights into TCR β-selection.,2021,https://www.doi.org/10.1016/j.it.2021.06.005,https://pubmed.ncbi.nlm.nih.gov/34261578
Control From Above: Orbitofrontal Cortical Inputs to Striatal Cholinergic Interneurons Influence Cognitive Flexibility and Alcohol-Seeking Behavior.,2025,https://www.doi.org/10.1016/j.biopsych.2024.12.002,https://pubmed.ncbi.nlm.nih.gov/39971400
Impact of plastic sipper devices on alcohol self-administration in rodents: Limitations for long-term access paradigms.,2025,https://www.doi.org/10.1016/j.alcohol.2025.02.002,https://pubmed.ncbi.nlm.nih.gov/39947496
Noninferiority of One HPV Vaccine Dose to Two Doses.,2025,https://www.doi.org/10.1056/NEJMoa2506765,https://pubmed.ncbi.nlm.nih.gov/41337735
Stat Bite: Urban and Rural Lung Cancer Mortality Trends in the United States.,2025,https://www.doi.org/10.1093/jnci/djaf258,https://pubmed.ncbi.nlm.nih.gov/41208020
The Annual Cost of Cancer Screening in the United States.,2024,https://www.doi.org/10.7326/M24-0375,https://pubmed.ncbi.nlm.nih.gov/39102723
"HPV42, a ""Low-Risk"" Type, and Digital Papillary Adenocarcinoma.",2023,https://www.doi.org/10.1158/2159-8290.CD-22-1150,https://pubmed.ncbi.nlm.nih.gov/36620882
Prospects for preventing cancer with anti-microbial prophylactic vaccines.,2023,https://www.doi.org/10.1016/j.chom.2022.10.016,https://pubmed.ncbi.nlm.nih.gov/36423642
How well do multimodal LLMs interpret CT scans? An auto-evaluation framework for analyses.,2025,https://www.doi.org/10.1016/j.jbi.2025.104864,https://pubmed.ncbi.nlm.nih.gov/40578543
Beyond Multiple-Choice Accuracy: Real-World Challenges of Implementing Large Language Models in Healthcare.,2025,https://www.doi.org/10.1146/annurev-biodatasci-103123-094851,https://pubmed.ncbi.nlm.nih.gov/40198845
Opportunities and Pitfalls with Large Language Models for Biomedical Annotation.,2025,https://www.doi.org/10.1142/9789819807024_0052,https://pubmed.ncbi.nlm.nih.gov/39670408
Augmenting biomedical named entity recognition with general-domain resources.,2024,https://www.doi.org/10.1016/j.jbi.2024.104731,https://pubmed.ncbi.nlm.nih.gov/39368529
"Correspondence on ""Comparison of literature mining tools for variant classification: Through the lens of 50 RYR1 variants"" by Wermers et al.",2024,https://www.doi.org/10.1016/j.gim.2024.101208,https://pubmed.ncbi.nlm.nih.gov/38973600
LARGE LANGUAGE MODELS (LLMS) AND CHATGPT FOR BIOMEDICINE.,2024,N/A,https://pubmed.ncbi.nlm.nih.gov/38160312
BioREx: Improving biomedical relation extraction by leveraging heterogeneous datasets.,2023,https://www.doi.org/10.1016/j.jbi.2023.104487,https://pubmed.ncbi.nlm.nih.gov/37673376
Artificial Intelligence in Action: Addressing the COVID-19 Pandemic with Natural Language Processing.,2021,https://www.doi.org/10.1146/annurev-biodatasci-021821-061045,https://pubmed.ncbi.nlm.nih.gov/34465169
CellMiner cross-database (CellMinerCDB) version 2.2 for explorations of patient-derived cancer cell line pharmacogenomics.,2025,https://www.doi.org/10.1093/nar/gkaf1230,https://pubmed.ncbi.nlm.nih.gov/41312628
Milestones: Dr. Robert C. Gallo and the Discovery of HIV-1.,2023,https://www.doi.org/10.2174/1570162X2101230327090914,https://pubmed.ncbi.nlm.nih.gov/37493081
The quest for an HIV-1 vaccine: will mRNA deliver us from evil?,2023,https://www.doi.org/10.1080/14760584.2023.2184803,https://pubmed.ncbi.nlm.nih.gov/36825464
Integrin α4β7 in HIV-1 infection: A critical review.,2020,https://www.doi.org/10.1002/JLB.4MR0120-208R,https://pubmed.ncbi.nlm.nih.gov/32272507
Genetic disruption of mitochondrial dynamics and stasis leads to liver injury and tumorigenesis.,2025,https://www.doi.org/10.1172/JCI194441,https://pubmed.ncbi.nlm.nih.gov/41401035
"Altering the gut microbiome and tumor microenvironment in advanced liver cancer: A phase II study of nivolumab, tadalafil and oral vancomycin in patients with refractory primary hepatocellular carcinoma or liver dominant metastatic cancer from colorectal or pancreatic cancers.",2025,https://www.doi.org/10.1016/j.canlet.2025.217975,https://pubmed.ncbi.nlm.nih.gov/40789510
Beneficial infections of the enterovirus genus in patients with liver cancer.,2025,https://www.doi.org/10.1136/gutjnl-2024-334681,https://pubmed.ncbi.nlm.nih.gov/40345802
Roles of Cellular Neighborhoods in Hepatocellular Carcinoma Pathogenesis.,2025,https://www.doi.org/10.1146/annurev-pathmechdis-111523-023520,https://pubmed.ncbi.nlm.nih.gov/39854188
Heterogeneity in Liver Cancer Immune Microenvironment: Emerging Single-Cell and Spatial Perspectives.,2024,https://www.doi.org/10.1055/s-0044-1787152,https://pubmed.ncbi.nlm.nih.gov/38788780
Single-cell biology uncovers apoptotic cell death and its spatial organization as a potential modifier of tumor diversity in HCC.,2022,https://www.doi.org/10.1002/hep.32345,https://pubmed.ncbi.nlm.nih.gov/35034369
Toward a Liver Cell Atlas: Understanding Liver Biology in Health and Disease at Single-Cell Resolution.,2021,https://www.doi.org/10.1055/s-0041-1729970,https://pubmed.ncbi.nlm.nih.gov/34130336
Hypoxia is a key regulator in liver cancer progression.,2021,https://www.doi.org/10.1016/j.jhep.2021.05.032,https://pubmed.ncbi.nlm.nih.gov/34097995
Understanding tumour cell heterogeneity and its implication for immunotherapy in liver cancer using single-cell analysis.,2021,https://www.doi.org/10.1016/j.jhep.2020.11.036,https://pubmed.ncbi.nlm.nih.gov/33271159
Stratifying lung adenocarcinoma risk with multi-ancestry polygenic risk scores in East Asian never-smokers.,2025,https://www.doi.org/10.1093/jnci/djaf272,https://pubmed.ncbi.nlm.nih.gov/41032288
Author Correction: Genetic drivers and cellular selection of female mosaic X chromosome loss.,2024,https://www.doi.org/10.1038/s41586-024-08215-0,https://pubmed.ncbi.nlm.nih.gov/39627447
Publisher Correction: Trans-ancestry genome-wide association meta-analysis of prostate cancer identifies new susceptibility loci and informs genetic risk prediction.,2021,https://www.doi.org/10.1038/s41588-021-00786-2,https://pubmed.ncbi.nlm.nih.gov/33473200
Rethinking positional information and digit identity: The role of late interdigit signaling.,2022,https://www.doi.org/10.1002/dvdy.440,https://pubmed.ncbi.nlm.nih.gov/34811837
A phase 2 study of GI-6207 in patients with recurrent medullary thyroid cancer.,2025,https://www.doi.org/10.1093/oncolo/oyaf429,https://pubmed.ncbi.nlm.nih.gov/41467761
Pembrolizumab in Recurrent or Metastatic Medullary Thyroid Cancer.,2025,https://www.doi.org/10.1093/oncolo/oyaf348,https://pubmed.ncbi.nlm.nih.gov/41454616
National Cancer Institute's Working Group on Biochemically Recurrent Prostate Cancer: Clinical Trial Design Considerations.,2025,https://www.doi.org/10.1200/JCO-25-01693,https://pubmed.ncbi.nlm.nih.gov/41129763
Signaling new therapeutic opportunities: cytokines in prostate cancer.,2022,https://www.doi.org/10.1080/14712598.2022.2108701,https://pubmed.ncbi.nlm.nih.gov/35930001
Behind the IL-8 ball in prostate cancer.,2021,https://www.doi.org/10.1038/s43018-021-00235-3,https://pubmed.ncbi.nlm.nih.gov/35122026
Protein kinase inhibitors for the treatment of prostate cancer.,2021,https://www.doi.org/10.1080/14656566.2021.1925250,https://pubmed.ncbi.nlm.nih.gov/33989112
Life under the CABOSUN: Cabozantinib improves quality-adjusted survival in comparison with sunitinib.,2020,https://www.doi.org/10.1002/cncr.33168,https://pubmed.ncbi.nlm.nih.gov/33022092
The World of Clinical Trial Development Post COVID-19: Lessons Learned from a Global Pandemic.,2020,https://www.doi.org/10.1158/1078-0432.CCR-20-1914,https://pubmed.ncbi.nlm.nih.gov/32503806
Novel immunotherapy combinations for genitourinary cancers.,2020,https://www.doi.org/10.1080/14712598.2020.1713086,https://pubmed.ncbi.nlm.nih.gov/31914333
How Do We Respond to Men with BRCA Mutations when They Ask About Prostate Cancer?,2020,https://www.doi.org/10.1016/j.eururo.2019.10.001,https://pubmed.ncbi.nlm.nih.gov/31676126
"Drinking water nitrate, disinfection byproducts, and prostate cancer incidence in the Agricultural Health Study.",2025,https://www.doi.org/10.1093/jnci/djaf350,https://pubmed.ncbi.nlm.nih.gov/41423865
Exposures to drinking water contaminants in community water systems and risk of ovarian cancer in the California Teachers Study cohort.,2025,https://www.doi.org/10.1289/EHP16582,https://pubmed.ncbi.nlm.nih.gov/40471647
Long-Term Exposure to Uranium and Arsenic in Community Drinking Water and CKD Risk Among California Women.,2025,https://www.doi.org/10.1053/j.ajkd.2025.04.008,https://pubmed.ncbi.nlm.nih.gov/40381930
"Elevated 2,4-dichlorophenoxyacetic acid (2,4-D) herbicide concentrations in the household dust of farmers with recent occupational use.",2023,https://www.doi.org/10.1080/15459624.2023.2198588,https://pubmed.ncbi.nlm.nih.gov/37017362
Intranasal anti-caspase-1 therapy preserves myelin and glucose metabolism in a model of progressive multiple sclerosis.,2021,https://www.doi.org/10.1002/glia.23896,https://pubmed.ncbi.nlm.nih.gov/32882086
Unexpectedly low prevalence of hepatitis delta virus infection in Southern Viet Nam.,2025,https://www.doi.org/10.1038/s41598-025-33268-0,https://pubmed.ncbi.nlm.nih.gov/41476105
Immune Reconstitution Following Allogeneic Stem Cell Transplantation in HIV infected Individuals: Years of Living Danger-ously.,2022,https://www.doi.org/10.1093/cid/ciab565,https://pubmed.ncbi.nlm.nih.gov/34157095
Alu Overexpression Leads to an Increased Double-Stranded RNA Signature in Dermatomyositis.,2025,https://www.doi.org/10.1002/art.43328,https://pubmed.ncbi.nlm.nih.gov/40693398
In vivo CAR T cell generation to treat cancer and autoimmune disease.,2025,https://www.doi.org/10.1126/science.ads8473,https://pubmed.ncbi.nlm.nih.gov/40536974
The role of multicriteria decision analysis in the development of candidate classification criteria for antisynthetase syndrome: analysis from the CLASS project.,2025,https://www.doi.org/10.1016/j.ard.2025.01.050,https://pubmed.ncbi.nlm.nih.gov/40107904
"273rd ENMC International workshop: Clinico-Sero-morphological classification of the Antisynthetase syndrome. Amsterdam, The Netherlands, 27-29 October 2023.",2024,https://www.doi.org/10.1016/j.nmd.2024.104453,https://pubmed.ncbi.nlm.nih.gov/39490006
Paraneoplastic myopathies.,2024,https://www.doi.org/10.1016/B978-0-12-823912-4.00022-0,https://pubmed.ncbi.nlm.nih.gov/38494286
Agreement between local and central anti-synthetase antibodies detection: results from the Classification Criteria of Anti-Synthetase Syndrome project biobank.,2024,https://www.doi.org/10.55563/clinexprheumatol/s14zq8,https://pubmed.ncbi.nlm.nih.gov/38488094
Necrotizing myopathy with elevated anti-HMGCR antibodies following exposure to the supplement Bacopa.,2023,https://www.doi.org/10.1002/mus.27758,https://pubmed.ncbi.nlm.nih.gov/36416249
Slowly Progressive Limb-Girdle Weakness and HyperCKemia - Limb Girdle Muscular Dystrophy or Anti-3-Hydroxy-3-Methylglutaryl-CoA-Reductase-Myopathy?,2022,https://www.doi.org/10.3233/JND-220810,https://pubmed.ncbi.nlm.nih.gov/35754285
256,2022,https://www.doi.org/10.1016/j.nmd.2022.05.011,https://pubmed.ncbi.nlm.nih.gov/35644723
Statin-Associated Myalgias and Muscle Injury-Recognizing and Managing Both While Still Lowering the Low-Density Lipoprotein.,2022,https://www.doi.org/10.1016/j.rdc.2022.02.004,https://pubmed.ncbi.nlm.nih.gov/35400370
Inclusion Body Myositis: Autoimmune or Myodegenerative Disease?,2022,https://www.doi.org/10.1212/WNL.0000000000200188,https://pubmed.ncbi.nlm.nih.gov/35131907
Statin-Associated Myalgias and Muscle Injury-Recognizing and Managing Both While Still Lowering the Low-Density Lipoprotein.,2021,https://www.doi.org/10.1016/j.mcna.2020.10.004,https://pubmed.ncbi.nlm.nih.gov/33589101
"239th ENMC International Workshop: Classification of dermatomyositis, Amsterdam, the Netherlands, 14-16 December 2018.",2020,https://www.doi.org/10.1016/j.nmd.2019.10.005,https://pubmed.ncbi.nlm.nih.gov/31791867
Longitudinal human transcriptomic and spatial gene profiling at the incisional edge during long surgical procedures.,2025,https://www.doi.org/10.1038/s42003-025-09366-0,https://pubmed.ncbi.nlm.nih.gov/41430435
Peppers and poppies: a perspective on nociceptors and pain control.,2025,https://www.doi.org/10.1097/j.pain.0000000000003867,https://pubmed.ncbi.nlm.nih.gov/41325585
Executive Summary of the Vulvodynia Therapeutic Research Summit.,2025,https://www.doi.org/10.1097/AOG.0000000000006118,https://pubmed.ncbi.nlm.nih.gov/41197126
Treatment of Intractable Cancer Pain with Resiniferatoxin - An Interim Study.,2025,https://www.doi.org/10.1056/EVIDoa2400423,https://pubmed.ncbi.nlm.nih.gov/40423401
A global look at RNA splicing in human dorsal root ganglion: ex uno plures.,2024,https://www.doi.org/10.1097/j.pain.0000000000003256,https://pubmed.ncbi.nlm.nih.gov/39451111
Expression pattern analysis and characterization of the hereditary sensory and autonomic neuropathy 2 A (HSAN2A) gene with no lysine kinase (WNK1) in human dorsal root ganglion.,2023,https://www.doi.org/10.1016/j.expneurol.2023.114552,https://pubmed.ncbi.nlm.nih.gov/37793538
HCV neutralization goes elite.,2022,https://www.doi.org/10.1016/j.immuni.2022.01.010,https://pubmed.ncbi.nlm.nih.gov/35139349
The Path-NeuroDegeneration consortium.,2025,https://www.doi.org/10.1016/S1474-4422(25)00161-9,https://pubmed.ncbi.nlm.nih.gov/40409308
Acute malaria dysregulates specialized lymph node macrophages to suppress vaccine-elicited protection against the Ebola virus.,2025,https://www.doi.org/10.1128/mbio.02796-25,https://pubmed.ncbi.nlm.nih.gov/41467787
Mucosal Sudan virus infection results in a lethal disease in ferrets with previous Lloviu virus infection not providing cross-protection.,2025,https://www.doi.org/10.1016/bs.aivir.2025.03.007,https://pubmed.ncbi.nlm.nih.gov/40701746
Molecular virulence determinants of human-pathogenic filoviruses.,2025,https://www.doi.org/10.1016/bs.aivir.2025.03.003,https://pubmed.ncbi.nlm.nih.gov/40379380
The Ebola virus glycoprotein and its immune responses across multiple vaccine platforms.,2020,https://www.doi.org/10.1080/14760584.2020.1738225,https://pubmed.ncbi.nlm.nih.gov/32129120
A Sequential Mixed-Methods Study of Factors Associated with Low High-Resolution Anoscopy Completion in Transgender Women with Abnormal Anal Cytology.,2025,https://www.doi.org/10.1089/apc.2024.0244,https://pubmed.ncbi.nlm.nih.gov/39866129
National Institutes of Health COVID-19 Treatment Guidelines Panel: Perspectives and Lessons Learned.,2024,https://www.doi.org/10.7326/ANNALS-24-00464,https://pubmed.ncbi.nlm.nih.gov/39348691
Surviving Sepsis Campaign.,2023,https://www.doi.org/10.1097/CCM.0000000000005804,https://pubmed.ncbi.nlm.nih.gov/36928012
Executive Summary: Surviving Sepsis Campaign: International Guidelines for the Management of Sepsis and Septic Shock 2021.,2021,https://www.doi.org/10.1097/CCM.0000000000005357,https://pubmed.ncbi.nlm.nih.gov/34643578
Surviving Sepsis Campaign: International Guidelines for Management of Sepsis and Septic Shock 2021.,2021,https://www.doi.org/10.1097/CCM.0000000000005337,https://pubmed.ncbi.nlm.nih.gov/34605781
Mediation of Polygenic Asthma Risk Through Gene Expression.,2025,https://www.doi.org/10.1111/all.70101,https://pubmed.ncbi.nlm.nih.gov/41351491
Prediction and characterization of genetically regulated expression of asthma tissues from African-ancestry populations.,2025,https://www.doi.org/10.1016/j.jaci.2025.07.035,https://pubmed.ncbi.nlm.nih.gov/40930298
General Kernel Machine Methods for Multi-Omics Integration and Genome-Wide Association Testing With Related Individuals.,2025,https://www.doi.org/10.1002/gepi.22610,https://pubmed.ncbi.nlm.nih.gov/39812506
Novel applications of large language models in clinical research.,2025,https://www.doi.org/10.1016/j.jaci.2024.12.1088,https://pubmed.ncbi.nlm.nih.gov/39761797
Session Introduction: Overcoming health disparities in precision medicine: Intersectional approaches in precision medicine.,2025,https://www.doi.org/10.1142/9789819807024_0018,https://pubmed.ncbi.nlm.nih.gov/39670374
"Author Correction: Inherited causes of clonal haematopoiesis in 97,691 whole genomes.",2021,https://www.doi.org/10.1038/s41586-021-03280-1,https://pubmed.ncbi.nlm.nih.gov/33707633
"Monitoring sleep duration, timing, and continuity among US youth and adults in NHANES using actigraphy.",2025,https://www.doi.org/10.1016/j.sleh.2025.10.008,https://pubmed.ncbi.nlm.nih.gov/41266158
"Pre-diagnosis diabetes, life-course body mass index and physical activity, and pancreatic cancer survival in older adults.",2025,https://www.doi.org/10.1093/jncics/pkaf110,https://pubmed.ncbi.nlm.nih.gov/41233986
Daily Steps as a Public Health Metric for Physical Activity Monitoring and Promotion.,2026,https://www.doi.org/10.1249/JES.0000000000000375,https://pubmed.ncbi.nlm.nih.gov/41128511
Can Step-Based Metrics Predict Current and Future Health-Related Fitness and Patient-Reported Outcomes among Women Diagnosed with Breast Cancer?,2026,https://www.doi.org/10.1249/MSS.0000000000003843,https://pubmed.ncbi.nlm.nih.gov/40903012
"Reply to ""Reevaluating the impact of physical inactivity on cancer risk: Methodological limitations and considerations"".",2025,https://www.doi.org/10.1002/cncr.35875,https://pubmed.ncbi.nlm.nih.gov/40272788
Response to letter from Geoffrey W. Stuart.,2024,https://www.doi.org/10.1016/j.jsams.2024.04.001,https://pubmed.ncbi.nlm.nih.gov/38614843
"Dose-response of accelerometer-measured physical activity, step count, and cancer risk in the UK Biobank: a prospective cohort analysis.",2023,https://www.doi.org/10.1016/S0140-6736(23)02147-5,https://pubmed.ncbi.nlm.nih.gov/37997129
Fitness Trackers to Guide Advice on Activity Prescription.,2023,https://www.doi.org/10.1001/jama.2023.19332,https://pubmed.ncbi.nlm.nih.gov/37812433
"Relationship between neighborhood walkability and the prevalence, type, timing, and temporal characteristics of walking.",2023,https://www.doi.org/10.1016/j.healthplace.2023.102983,https://pubmed.ncbi.nlm.nih.gov/36753820
The hare and the tortoise: physical activity intensity and scientific translation.,2022,https://www.doi.org/10.1093/eurheartj/ehac626,https://pubmed.ncbi.nlm.nih.gov/36302459
21st century excitatory amino acid research: A Q & A with Jeff Watkins and Dick Evans.,2021,https://www.doi.org/10.1016/j.neuropharm.2021.108743,https://pubmed.ncbi.nlm.nih.gov/34363811
Partial agonists go molecular.,2021,https://www.doi.org/10.1016/j.tips.2021.04.008,https://pubmed.ncbi.nlm.nih.gov/33965248
Structural biology of kainate receptors.,2021,https://www.doi.org/10.1016/j.neuropharm.2021.108511,https://pubmed.ncbi.nlm.nih.gov/33798545
Glutamate receptors from diverse animal species exhibit unexpected structural and functional diversity.,2021,https://www.doi.org/10.1113/JP279026,https://pubmed.ncbi.nlm.nih.gov/31981421
The inflammatory microenvironment of the lung at the time of infection governs innate control of SARS-CoV-2 replication.,2024,https://www.doi.org/10.1126/sciimmunol.adp7951,https://pubmed.ncbi.nlm.nih.gov/39642242
"Eosinophils as modulators of host defense during parasitic, fungal, bacterial, and viral infections.",2024,https://www.doi.org/10.1093/jleuko/qiae173,https://pubmed.ncbi.nlm.nih.gov/39136237
Exposure to lung-migrating helminth protects against murine SARS-CoV-2 infection through macrophage-dependent T cell activation.,2023,https://www.doi.org/10.1126/sciimmunol.adf8161,https://pubmed.ncbi.nlm.nih.gov/37566678
Burkitt lymphoma.,2022,https://www.doi.org/10.1038/s41572-022-00404-3,https://pubmed.ncbi.nlm.nih.gov/36522349
Association Between Testosterone Replacement Therapy and Prostatic Disorders in Elderly Hypogonadal Men.,2025,https://www.doi.org/10.1210/clinem/dgaf504,https://pubmed.ncbi.nlm.nih.gov/40922669
Response to letter to editor.,2024,https://www.doi.org/10.1097/GME.0000000000002421,https://pubmed.ncbi.nlm.nih.gov/39078665
The U.S. National Library of Medicine and Standards for Electronic Health Records: One Thing Led to Another.,2022,https://www.doi.org/10.3233/SHTI210984,https://pubmed.ncbi.nlm.nih.gov/35102831
"Designing, Conducting, and Reporting Clinical Decision Support Studies: Recommendations and Call to Action.",2020,https://www.doi.org/10.7326/M19-0875,https://pubmed.ncbi.nlm.nih.gov/32479177
Publisher Correction: CD3ζ ITAMs enable ligand discrimination and antagonism by inhibiting TCR signaling in response to low-affinity peptides.,2024,https://www.doi.org/10.1038/s41590-023-01725-5,https://pubmed.ncbi.nlm.nih.gov/38057618
Meningeal macrophages protect against viral neuroinfection.,2022,https://www.doi.org/10.1016/j.immuni.2022.10.005,https://pubmed.ncbi.nlm.nih.gov/36323311
Humoral immune defense of the central nervous system.,2022,https://www.doi.org/10.1016/j.coi.2022.102179,https://pubmed.ncbi.nlm.nih.gov/35468467
Author Correction: BACH2 enforces the transcriptional and epigenetic programs of stem-like CD8,2021,https://www.doi.org/10.1038/s41590-021-00906-4,https://pubmed.ncbi.nlm.nih.gov/33658708
The Testicular Cancer Consortium (TECAC): Filling Knowledge Gaps in the Genetic Etiology of Testicular Germ Cell Tumors.,2026,https://www.doi.org/10.1111/andr.70168,https://pubmed.ncbi.nlm.nih.gov/41486674
"Sex steroid hormones, gonadotropins and risk of testicular germ cell tumors: results from the STEED study.",2026,https://www.doi.org/10.1093/jnci/djaf376,https://pubmed.ncbi.nlm.nih.gov/41485106
Rising intrahepatic cholangiocarcinoma rates in the United States are driving liver cancer rates in females [Characters: 108/120].,2025,https://www.doi.org/10.1016/j.cgh.2025.12.013,https://pubmed.ncbi.nlm.nih.gov/41443525
The impact of genetic and environmental risk factors on adverse liver outcomes.,2025,https://www.doi.org/10.1002/ijc.70259,https://pubmed.ncbi.nlm.nih.gov/41345374
Pre-diagnostic immunological markers of bacterial translocation and liver cancer risk: A nested case-control analysis of 12 prospective cohorts.,2025,https://www.doi.org/10.1002/ijc.70201,https://pubmed.ncbi.nlm.nih.gov/41129365
Environmental risk factors for liver cancer.,2025,https://www.doi.org/10.1097/HEP.0000000000001463,https://pubmed.ncbi.nlm.nih.gov/40622863
Circulating per- and polyfluoroalkyl substances and liver cancer risk: a nested case-control analysis of individual participant data from 12 prospective cohorts.,2025,https://www.doi.org/10.1289/EHP16980,https://pubmed.ncbi.nlm.nih.gov/40397817
Reply: Fiber and whole grain intakes in relation to liver cancer risk-An analysis in 2 prospective cohorts and systematic review and meta-analysis of prospective studies.,2025,https://www.doi.org/10.1097/HEP.0000000000001306,https://pubmed.ncbi.nlm.nih.gov/40073273
[Not Available].,2024,https://www.doi.org/10.21149/15463,https://pubmed.ncbi.nlm.nih.gov/39977052
Liver Cancer: Progress and Priorities.,2024,https://www.doi.org/10.1158/1055-9965.EPI-24-0686,https://pubmed.ncbi.nlm.nih.gov/39354815
Use of cholesterol-lowering medications in relation to risk of primary liver cancer in the Clinical Practice Research Datalink.,2024,https://www.doi.org/10.1002/cncr.35436,https://pubmed.ncbi.nlm.nih.gov/39072717
Incidence rates of bladder and kidney cancers among US military servicemen: comparison with the rates in the general US population.,2024,https://www.doi.org/10.1097/CEJ.0000000000000886,https://pubmed.ncbi.nlm.nih.gov/38568164
The IARC Perspective on Alcohol Reduction or Cessation and Cancer Risk.,2023,https://www.doi.org/10.1056/NEJMsr2306723,https://pubmed.ncbi.nlm.nih.gov/38157507
Cancer incidence in the US military: An updated analysis.,2024,https://www.doi.org/10.1002/cncr.34978,https://pubmed.ncbi.nlm.nih.gov/37725334
"Age-incidence patterns of seminoma and nonseminoma among males and females in Germany and the United States, 2008-2016.",2023,https://www.doi.org/10.1111/andr.13282,https://pubmed.ncbi.nlm.nih.gov/36059277
Prediction of nonalcoholic fatty liver disease using anthropometry and body fat measures by sex and race/ethnicity in the United States.,2022,https://www.doi.org/10.1002/oby.23514,https://pubmed.ncbi.nlm.nih.gov/35945693
Outdoor light at night and risk of liver cancer in the NIH-AARP diet and health study.,2022,https://www.doi.org/10.1007/s10552-022-01602-w,https://pubmed.ncbi.nlm.nih.gov/35840828
Letter: is it appropriate to use a fatty liver index >60 as an alternative criterion for non-alcoholic fatty liver disease? Authors' reply.,2022,https://www.doi.org/10.1111/apt.17060,https://pubmed.ncbi.nlm.nih.gov/35748850
Editorial: higher levels of certain serum bile acids in non-alcoholic fatty liver disease-new insights from Guatemala.Authors' reply.,2022,https://www.doi.org/10.1111/apt.17061,https://pubmed.ncbi.nlm.nih.gov/35748846
Letter: association of circulating bile acid concentrations and non-alcoholic fatty liver disease-authors' reply.,2022,https://www.doi.org/10.1111/apt.17059,https://pubmed.ncbi.nlm.nih.gov/35748838
Liver cancer mortality in Mexico: trend analysis from 1998 to 2018.,2022,https://www.doi.org/10.21149/12518,https://pubmed.ncbi.nlm.nih.gov/35438914
Aflatoxin levels and prevalence of TP53 aflatoxin-mutations in hepatocellular carcinomas in Mexico.,2022,https://www.doi.org/10.21149/13189,https://pubmed.ncbi.nlm.nih.gov/35438902
Global patterns in testicular cancer incidence and mortality in 2020.,2022,https://www.doi.org/10.1002/ijc.33999,https://pubmed.ncbi.nlm.nih.gov/35277970
Proximity to endocrine-disrupting pesticides and risk of testicular germ cell tumors (TGCT) among adolescents: A population-based case-control study in California.,2022,https://www.doi.org/10.1016/j.ijheh.2021.113881,https://pubmed.ncbi.nlm.nih.gov/34839102
"Comparative study of survival among small cell lung cancer patients in the U.S. military health system and those in the surveillance, epidemiology, and end results (SEER) program.",2021,https://www.doi.org/10.1016/j.annepidem.2021.09.010,https://pubmed.ncbi.nlm.nih.gov/34547444
CRISPR screening strategies for microRNA target identification.,2020,https://www.doi.org/10.1111/febs.15218,https://pubmed.ncbi.nlm.nih.gov/31975506
Data-driven symptom dimensions reveal familial patterns in bipolar disorder.,2025,https://www.doi.org/10.1016/j.jad.2025.121060,https://pubmed.ncbi.nlm.nih.gov/41461239
Genome-wide Association Study in a Dish Provides New Insights Into an Old Medication.,2023,https://www.doi.org/10.1016/j.biopsych.2022.10.005,https://pubmed.ncbi.nlm.nih.gov/36456076
Putting Genetics to Work in the Psychiatric Clinic.,2022,https://www.doi.org/10.1176/appi.ajp.2021.22010024,https://pubmed.ncbi.nlm.nih.gov/35236113
Using polygenic scores and clinical data for bipolar disorder patient stratification and lithium response prediction: machine learning approach.,2022,https://www.doi.org/10.1192/bjp.2022.28,https://pubmed.ncbi.nlm.nih.gov/35225756
Review and Consensus on Pharmacogenomic Testing in Psychiatry.,2021,https://www.doi.org/10.1055/a-1288-1061,https://pubmed.ncbi.nlm.nih.gov/33147643
Validity of the Mood Disorder Questionnaire (MDQ) as a screening tool for bipolar spectrum disorders in anabaptist populations.,2020,https://www.doi.org/10.1016/j.jpsychires.2020.01.011,https://pubmed.ncbi.nlm.nih.gov/32065952
Genome-wide association study of panic disorder reveals genetic overlap with neuroticism and depression.,2021,https://www.doi.org/10.1038/s41380-019-0590-2,https://pubmed.ncbi.nlm.nih.gov/31712720
Germline RTEL1 Variants in Telomere Biology Disorders.,2025,https://www.doi.org/10.1002/ajmg.a.63882,https://pubmed.ncbi.nlm.nih.gov/39279436
Gastrointestinal Hemorrhage: A Manifestation of the Telomere Biology Disorders.,2021,https://www.doi.org/10.1016/j.jpeds.2020.09.038,https://pubmed.ncbi.nlm.nih.gov/32971146
Reactive Oxygen Species-Sensitive Biodegradable Mesoporous Silica Nanoparticles Harboring TheraVac Elicit Tumor-Specific Immunity for Colon Tumor Treatment.,2023,https://www.doi.org/10.1021/acsnano.3c03195,https://pubmed.ncbi.nlm.nih.gov/37831945
Activity-based profiling in RNA.,2021,https://www.doi.org/10.1038/s41589-021-00879-3,https://pubmed.ncbi.nlm.nih.gov/34675421
Arrow pushing in RNA modification sequencing.,2021,https://www.doi.org/10.1039/d1cs00214g,https://pubmed.ncbi.nlm.nih.gov/34259263
Chemical control of multidomain acetyltransferase activity.,2021,https://www.doi.org/10.1016/j.chembiol.2021.03.015,https://pubmed.ncbi.nlm.nih.gov/33861955
Visualizing RNA Cytidine Acetyltransferase Activity by Northern Blotting.,2020,https://www.doi.org/10.1002/cpch.89,https://pubmed.ncbi.nlm.nih.gov/33275333
Cancer-Associated DAXX Mutations Reveal a Critical Role for ATRX Localization in ALT Suppression.,2025,https://www.doi.org/10.1080/10985549.2025.2597468,https://pubmed.ncbi.nlm.nih.gov/41424059
Characterizing Paratesticular Neoplasms in Proteus Syndrome.,2025,https://www.doi.org/10.1097/PAS.0000000000002498,https://pubmed.ncbi.nlm.nih.gov/41368924
A Flexible Procedure for Performing Telomere FISH and Immunofluorescence in Cells Expressing Fluorescent Proteins.,2025,https://www.doi.org/10.3791/68977,https://pubmed.ncbi.nlm.nih.gov/40982395
New Horizons in the Treatment of Osteosarcoma.,2021,https://www.doi.org/10.1056/NEJMra2103423,https://pubmed.ncbi.nlm.nih.gov/34818481
"Corrigendum to: An early 'classical' swine H1N1 influenza virus shows similar pathogenicity to the 1918 pandemic virus in ferrets and mice [Virology, volume 393/2 (2009) 539, 338 - 345.",2025,https://www.doi.org/10.1016/j.virol.2025.110611,https://pubmed.ncbi.nlm.nih.gov/40581504
Associations between daily outdoor temperature and subjective real-time ratings of emotional states and sleep in mood disorder subtypes.,2026,https://www.doi.org/10.1016/j.jad.2025.120918,https://pubmed.ncbi.nlm.nih.gov/41407116
Emotional distress in adolescents in 2018 and 2022: a comparison of cross-sectional national probabilistic samples from six countries.,2026,https://www.doi.org/10.1016/S2352-4642(25)00276-7,https://pubmed.ncbi.nlm.nih.gov/41242329
Comorbidity and Familial Aggregation of Mood Disorders and Cigarette Smoking in a Controlled Family Study.,2025,https://www.doi.org/10.1093/ntr/ntaf164,https://pubmed.ncbi.nlm.nih.gov/40794882
Suicidal thoughts and behaviors in adolescents with mood disorders: Insights from a nationally representative sample.,2025,https://www.doi.org/10.1016/j.jad.2025.119882,https://pubmed.ncbi.nlm.nih.gov/40669703
"Actigraphy-derived circadian rhythms, sleep-wake patterns, and physical activity across clinical stages and pathophysiological subgroups in young people presenting for mental health care.",2025,https://www.doi.org/10.1016/j.jpsychires.2025.03.003,https://pubmed.ncbi.nlm.nih.gov/40311436
Data gaps in prevalence rates of mental health conditions around the world: a retrospective analysis of nationally representative data.,2025,https://www.doi.org/10.1016/S2214-109X(24)00563-1,https://pubmed.ncbi.nlm.nih.gov/40288397
"Impact of cardiovascular risk factors on associations between state and trait indices of major depression disorder and objectively assessed physical activity, sleep and circadian rhythmicity within a population based cohort.",2025,https://www.doi.org/10.1016/j.jad.2025.02.065,https://pubmed.ncbi.nlm.nih.gov/39993533
Prospective Associations Between Tobacco Product Use and Mental Health and Substance Use Problems Among U.S. Adolescents and Adults.,2025,https://www.doi.org/10.1176/appi.ajp.20230988,https://pubmed.ncbi.nlm.nih.gov/39891447
Correlates of cannabis use and cannabis use disorder among adolescents with major depressive disorder and bipolar disorder in the National Comorbidity Survey-Adolescent Supplement (NCS-A).,2025,https://www.doi.org/10.1016/j.jad.2024.09.114,https://pubmed.ncbi.nlm.nih.gov/39299588
Subtypes of major depressive disorders and objectively measured physical activity and sedentary behaviors in the community.,2024,https://www.doi.org/10.1016/j.comppsych.2023.152442,https://pubmed.ncbi.nlm.nih.gov/38070447
Inequalities in the Incidence of Psychotic Disorders Among Racial and Ethnic Groups.,2023,https://www.doi.org/10.1176/appi.ajp.20220917,https://pubmed.ncbi.nlm.nih.gov/37789743
Objectively assessed sleep and physical activity in depression subtypes and its mediating role in their association with cardiovascular risk factors.,2023,https://www.doi.org/10.1016/j.jpsychires.2023.05.042,https://pubmed.ncbi.nlm.nih.gov/37253320
Editorial: Shifting the Landscape of Child Psychiatric Epidemiology.,2023,https://www.doi.org/10.1016/j.jaac.2023.05.006,https://pubmed.ncbi.nlm.nih.gov/37201711
Dim light melatonin patterns in unaffected offspring of parents with bipolar disorder: A case-control high-risk study.,2022,https://www.doi.org/10.1016/j.jad.2022.07.029,https://pubmed.ncbi.nlm.nih.gov/35878843
Circadian rhythm sleep-wake disturbances and depression in young people: implications for prevention and early intervention.,2021,https://www.doi.org/10.1016/S2215-0366(21)00034-1,https://pubmed.ncbi.nlm.nih.gov/34419186
Circadian depression: A mood disorder phenotype.,2021,https://www.doi.org/10.1016/j.neubiorev.2021.02.045,https://pubmed.ncbi.nlm.nih.gov/33689801
Familial aggregation of anxiety disorder subtypes and anxious temperament in the NIMH Family Study of Affective Spectrum Disorders.,2021,https://www.doi.org/10.1016/j.jad.2020.11.070,https://pubmed.ncbi.nlm.nih.gov/33267979
Psychopathological precursors of the onset of mood disorders in offspring of parents with and without mood disorders: results of a 13-year prospective cohort high-risk study.,2021,https://www.doi.org/10.1111/jcpp.13307,https://pubmed.ncbi.nlm.nih.gov/32841378
"Measuring circadian function in bipolar disorders: Empirical and conceptual review of physiological, actigraphic, and self-report approaches.",2020,https://www.doi.org/10.1111/bdi.12963,https://pubmed.ncbi.nlm.nih.gov/32564457
Mobile and wearable technology for monitoring depressive symptoms in children and adolescents: A scoping review.,2020,https://www.doi.org/10.1016/j.jad.2019.11.156,https://pubmed.ncbi.nlm.nih.gov/32090755
"Major depression subtypes are differentially associated with migraine subtype, prevalence and severity.",2020,https://www.doi.org/10.1177/0333102419884935,https://pubmed.ncbi.nlm.nih.gov/31645113
"Unraveling Smooth Muscle-Rich Renal Cell Carcinoma: Clinical, Oncological, Genetic, and Pathological Insights.",2025,https://www.doi.org/10.1016/j.urology.2025.11.234,https://pubmed.ncbi.nlm.nih.gov/41260417
Multigenerational VHL family characterized by pathogenic germline ELOC variant: Response to belzutifan.,2025,https://www.doi.org/10.1016/j.urolonc.2025.10.009,https://pubmed.ncbi.nlm.nih.gov/41224595
"Tuberous sclerosis complex-associated renal cell carcinoma, an underappreciated form of familial renal cancer, is characterized by activation of the TFEB/TFE3 pathway.",2025,https://www.doi.org/10.1093/hmg/ddaf173,https://pubmed.ncbi.nlm.nih.gov/41217309
Evaluating Artificial Intelligence-Assisted Prostate Biparametric MRI Interpretation: An International Multireader Study.,2025,https://www.doi.org/10.2214/AJR.24.32399,https://pubmed.ncbi.nlm.nih.gov/40668633
Bevacizumab and Erlotinib in Hereditary and Sporadic Papillary Kidney Cancer.,2025,https://www.doi.org/10.1056/NEJMoa2200900,https://pubmed.ncbi.nlm.nih.gov/40532152
Assessing the Impact of Transition and Peripheral Zone PSA Densities Over Whole-Gland PSA Density for Prostate Cancer Detection on Multiparametric MRI.,2025,https://www.doi.org/10.1002/pros.24863,https://pubmed.ncbi.nlm.nih.gov/39996409
PI-RADS Version 2.0 Versus Version 2.1: Comparison of Prostate Cancer Gleason Grade Upgrade and Downgrade Rates From MRI-Targeted Biopsy to Radical Prostatectomy.,2024,https://www.doi.org/10.2214/AJR.23.29964,https://pubmed.ncbi.nlm.nih.gov/37729551
A Novel Magnetic Resonance Imaging/Ultrasound Fusion Prostate Biopsy Technique Using Transperineal Ultrasound: An Initial Experience.,2023,https://www.doi.org/10.1016/j.urology.2023.06.036,https://pubmed.ncbi.nlm.nih.gov/37572884
Risk of adverse pathology at prostatectomy in the era of MRI and targeted biopsies; rethinking active surveillance for intermediate risk prostate cancer patients.,2021,https://www.doi.org/10.1016/j.urolonc.2021.02.018,https://pubmed.ncbi.nlm.nih.gov/33736975
Reply by Authors.,2021,https://www.doi.org/10.1097/JU.0000000000001547.03,https://pubmed.ncbi.nlm.nih.gov/33705228
"'Case of the Month' from the National Cancer Institute, Bethesda, MD, USA: investigating genetic aberrations in a patient with high-risk prostate cancer.",2021,https://www.doi.org/10.1111/bju.15273,https://pubmed.ncbi.nlm.nih.gov/33547722
Clinical and Biochemical Phenotype Across the Genotypic Spectrum of 21-Hydroxylase Deficiency in 457 Individuals.,2025,https://www.doi.org/10.1210/clinem/dgaf546,https://pubmed.ncbi.nlm.nih.gov/41051294
Longitudinal Characterization and Sonographic Staging of Testicular Adrenal Rest Tumors.,2025,https://www.doi.org/10.1210/clinem/dgaf498,https://pubmed.ncbi.nlm.nih.gov/40921717
Long-term outcomes in patients with congenital adrenal hyperplasia treated with hydrocortisone modified-release hard capsules.,2025,https://www.doi.org/10.1093/ejendo/lvaf130,https://pubmed.ncbi.nlm.nih.gov/40576296
Modified-release hydrocortisone is associated with lower plasma renin activity in patients with salt-wasting congenital adrenal hyperplasia.,2023,https://www.doi.org/10.1093/ejendo/lvac006,https://pubmed.ncbi.nlm.nih.gov/36654495
Congenital Adrenal Hyperplasia Due to 21-Hydroxylase Deficiency.,2020,https://www.doi.org/10.1056/NEJMra1909786,https://pubmed.ncbi.nlm.nih.gov/32966723
Commentary on Winzeler et al 'Low arginine vasopressin levels in patients with diabetes insipidus are not associated with anaemia'.,2021,https://www.doi.org/10.1111/cen.14377,https://pubmed.ncbi.nlm.nih.gov/33314284
The role of multicriteria decision analysis in the development of candidate classification criteria for antisynthetase syndrome: analysis from the CLASS project.,2025,https://www.doi.org/10.1016/j.ard.2025.01.050,https://pubmed.ncbi.nlm.nih.gov/40107904
Erratum corrige: Stressful life events are associated with the diagnosis of systemic autoimmune rheumatic diseases among adults.,2025,https://www.doi.org/10.55563/clinexprheumatol/6c34gi,https://pubmed.ncbi.nlm.nih.gov/40072873
Reply.,2023,https://www.doi.org/10.1002/art.42488,https://pubmed.ncbi.nlm.nih.gov/36862394
"The origins, evolution and future of the International Myositis Assessment and Clinical Studies Group (IMACS).",2022,https://www.doi.org/10.55563/clinexprheumatol/yg743i,https://pubmed.ncbi.nlm.nih.gov/35225220
"Acute cardiovascular effects of inhaled ambient particulate matter: Chemical composition-related oxidative stress, endothelin-1, blood pressure, and ST-segment changes in Wistar rats.",2022,https://www.doi.org/10.1016/j.chemosphere.2022.133933,https://pubmed.ncbi.nlm.nih.gov/35157883
Response to: 'Correspondence on 'EULAR/ACR classification criteria for adult and juvenile idiopathic inflammatory myopathies and their major subgroups'' by Irfan ,2023,https://www.doi.org/10.1136/annrheumdis-2020-219436,https://pubmed.ncbi.nlm.nih.gov/33441297
TMEM175 does not function as a proton-selective ion channel to prevent lysosomal over-acidification.,2026,https://www.doi.org/10.1083/jcb.202501145,https://pubmed.ncbi.nlm.nih.gov/41134537
Profiling Human Papillomavirus lineage-specific capsid antigenicity using geographically diverse natural infection antibodies.,2025,https://www.doi.org/10.1093/infdis/jiaf502,https://pubmed.ncbi.nlm.nih.gov/41027580
RNA-coupled CRISPR screens reveal ZNF207 as a regulator of LMNA aberrant splicing in progeria.,2025,https://www.doi.org/10.1016/j.molcel.2025.12.003,https://pubmed.ncbi.nlm.nih.gov/41475346
What makes genes burst.,2025,https://www.doi.org/10.1016/j.tcb.2025.08.004,https://pubmed.ncbi.nlm.nih.gov/40903366
New voices in epigenetics.,2023,https://www.doi.org/10.1007/s00412-023-00805-7,https://pubmed.ncbi.nlm.nih.gov/37419962
Creating opportunities in cancer research.,2021,https://www.doi.org/10.1038/s43018-021-00187-8,https://pubmed.ncbi.nlm.nih.gov/35121961
Foreseeing the principles of genome architecture.,2022,https://www.doi.org/10.1038/s41576-021-00423-y,https://pubmed.ncbi.nlm.nih.gov/34611353
Author Correction: Systematic screening identifies therapeutic antisense oligonucleotides for Hutchinson-Gilford progeria syndrome.,2021,https://www.doi.org/10.1038/s41591-021-01415-5,https://pubmed.ncbi.nlm.nih.gov/34075250
Farnesyltransferase inhibition in HGPS.,2021,https://www.doi.org/10.1016/j.cell.2020.12.029,https://pubmed.ncbi.nlm.nih.gov/33482093
Molecular neuroscience community shares perspectives.,2022,https://www.doi.org/10.1016/j.neuron.2022.10.029,https://pubmed.ncbi.nlm.nih.gov/36356578
"Serum per- and polyfluoroalkyl substances in relation to circulating thyroxine levels and thyroid cancer risk: results from the Prostate, Lung, Colorectal and Ovarian Cancer Screening Trial cohort.",2025,https://www.doi.org/10.1016/j.envint.2025.109991,https://pubmed.ncbi.nlm.nih.gov/41391234
Different diabetes types and pancreatic ductal adenocarcinoma: a Mendelian randomization and pathway/gene-set analysis.,2025,https://www.doi.org/10.1093/jnci/djaf308,https://pubmed.ncbi.nlm.nih.gov/41206949
Insulinemic and inflammatory dietary patterns and colorectal cancer risk: a dietary data harmonization study of one million participants in the Consortium of Metabolomics Studies (COMETS).,2026,https://www.doi.org/10.1016/j.ajcnut.2025.10.016,https://pubmed.ncbi.nlm.nih.gov/41167399
Pre-diagnostic immunological markers of bacterial translocation and liver cancer risk: A nested case-control analysis of 12 prospective cohorts.,2025,https://www.doi.org/10.1002/ijc.70201,https://pubmed.ncbi.nlm.nih.gov/41129365
Lipid biomarkers of habitual alcohol intake and associations with pancreatic cancer risk.,2025,https://www.doi.org/10.1093/jnci/djaf288,https://pubmed.ncbi.nlm.nih.gov/41092308
Circulating per- and polyfluoroalkyl substances and liver cancer risk: a nested case-control analysis of individual participant data from 12 prospective cohorts.,2025,https://www.doi.org/10.1289/EHP16980,https://pubmed.ncbi.nlm.nih.gov/40397817
"Reply to ""Reevaluating the impact of physical inactivity on cancer risk: Methodological limitations and considerations"".",2025,https://www.doi.org/10.1002/cncr.35875,https://pubmed.ncbi.nlm.nih.gov/40272788
Effects of Preanalytical Sample Collection and Handling on Comprehensive Metabolite Measurements in Human Urine Biospecimens.,2024,https://www.doi.org/10.1093/aje/kwae347,https://pubmed.ncbi.nlm.nih.gov/39284767
Response to letter from Geoffrey W. Stuart.,2024,https://www.doi.org/10.1016/j.jsams.2024.04.001,https://pubmed.ncbi.nlm.nih.gov/38614843
Ventral Tegmental Area dopamine neurons regulated by Parabrachial Nucleus mediate long-term aversive memory.,2025,https://www.doi.org/10.1016/j.biopsych.2025.11.014,https://pubmed.ncbi.nlm.nih.gov/41314276
Trends in Childhood and Adolescent Cancer Incidence Rates in the United States between 2001 and 2022.,2025,https://www.doi.org/10.1158/2159-8290.CD-25-1493,https://pubmed.ncbi.nlm.nih.gov/41370847
Studying Cancer Risks Associated with Diagnostic Procedures - Interpret Wisely.,2025,https://www.doi.org/10.1056/NEJMe2511613,https://pubmed.ncbi.nlm.nih.gov/40961421
Correction: Distinct germline genetic susceptibility profiles identified for common non-Hodgkin lymphoma subtypes.,2023,https://www.doi.org/10.1038/s41375-023-01978-x,https://pubmed.ncbi.nlm.nih.gov/37666943
Reply to P. Petranović Ovčariček et al.,2022,https://www.doi.org/10.1200/JCO.22.00735,https://pubmed.ncbi.nlm.nih.gov/35709425
"Subsequent Primary Neoplasms: Risks, Risk Factors, Surveillance, and Future Research.",2020,https://www.doi.org/10.1016/j.pcl.2020.07.006,https://pubmed.ncbi.nlm.nih.gov/33131538
Racial and ethnic differences in risk of second primary cancers among prostate cancer survivors.,2020,https://www.doi.org/10.1007/s10552-020-01336-7,https://pubmed.ncbi.nlm.nih.gov/32839916
Dose-volume effects of breast cancer radiation therapy on the risk of second oesophageal cancer.,2020,https://www.doi.org/10.1016/j.radonc.2020.07.022,https://pubmed.ncbi.nlm.nih.gov/32679305
Evaluation of the safety and immunogenicity of two fractional intradermal regimens of MVA-BN compared to standard dose vaccination.,2026,https://www.doi.org/10.1016/j.vaccine.2025.127959,https://pubmed.ncbi.nlm.nih.gov/41319397
Human monoclonal antibodies targeting A35 protect from death caused by mpox.,2025,https://www.doi.org/10.1016/j.cell.2025.08.004,https://pubmed.ncbi.nlm.nih.gov/40865529
Comparison of protection against mpox following mRNA or modified vaccinia Ankara vaccination in nonhuman primates.,2024,https://www.doi.org/10.1016/j.cell.2024.08.043,https://pubmed.ncbi.nlm.nih.gov/39236707
"Comparison of the immunogenicity and protective efficacy of ACAM2000, MVA, and vectored subunit vaccines for Mpox in rhesus macaques.",2024,https://www.doi.org/10.1126/scitranslmed.adl4317,https://pubmed.ncbi.nlm.nih.gov/38536937
An mpox virus mRNA-lipid nanoparticle vaccine confers protection against lethal orthopoxviral challenge.,2023,https://www.doi.org/10.1126/scitranslmed.adg3540,https://pubmed.ncbi.nlm.nih.gov/37792954
Investigating Viruses During the Transformation of Molecular Biology: Part II.,2020,https://www.doi.org/10.1146/annurev-virology-021020-100558,https://pubmed.ncbi.nlm.nih.gov/32392458
"High-throughput Proteomics in Lymphangioleiomyomatosis: PMEL as a Diagnostic Biomarker, Construction of a Diagnosis Score and Evidence of Neutrophil Involvement.",2025,https://www.doi.org/10.1016/j.chest.2025.12.026,https://pubmed.ncbi.nlm.nih.gov/41482115
Coil Sketching for Fast and Efficient 4D Lung MRI Reconstruction.,2025,https://www.doi.org/10.1002/mrm.70169,https://pubmed.ncbi.nlm.nih.gov/41204059
Evolution of Diffusing Capacity of the Lungs for Carbon Monoxide in Lymphangioleiomyomatosis: Historical Perspectives and the Role of Advanced Imaging.,2025,https://www.doi.org/10.1016/j.chest.2024.11.014,https://pubmed.ncbi.nlm.nih.gov/39580110
Evolution of the Pulse Ox.,2023,https://www.doi.org/10.1016/j.chest.2022.12.042,https://pubmed.ncbi.nlm.nih.gov/37423695
"Cough, Cough: How Much of the Symptom Resides in Your Genes?",2023,https://www.doi.org/10.1016/j.chest.2022.12.009,https://pubmed.ncbi.nlm.nih.gov/37031980
An Enzyme-Linked Immunosorbent Assay to Quantify Poly (ADP-Ribose) Level In Vivo.,2023,https://www.doi.org/10.1007/978-1-0716-2891-1_6,https://pubmed.ncbi.nlm.nih.gov/36515831
Methacholine reactivity in lymphangioleiomyomatosis is inversely related to FEV,2021,https://www.doi.org/10.1183/13993003.04270-2020,https://pubmed.ncbi.nlm.nih.gov/33653809
Effect of non-uniform cyst distribution in lymphangioleiomyomatosis on pulmonary function: a cross-sectional study.,2021,https://www.doi.org/10.1183/13993003.03769-2020,https://pubmed.ncbi.nlm.nih.gov/33419888
Host response to the subtilase cytotoxin produced by locus of enterocyte effacement-negative Shiga-toxigenic Escherichia coli.,2020,https://www.doi.org/10.1111/1348-0421.12841,https://pubmed.ncbi.nlm.nih.gov/32902863
Celecoxib in lymphangioleiomyomatosis: results of a phase I clinical trial.,2020,https://www.doi.org/10.1183/13993003.02370-2019,https://pubmed.ncbi.nlm.nih.gov/32060062
Exposome-wide associations and polyexposure risks of workplace chemical exposures on adult asthma: The Personalized Environment and Genes Study (PEGS).,2025,https://www.doi.org/10.1016/j.envres.2025.123137,https://pubmed.ncbi.nlm.nih.gov/41101673
Implementing secondary findings analysis in a genetic and environmental research study.,2025,https://www.doi.org/10.1016/j.gim.2025.101515,https://pubmed.ncbi.nlm.nih.gov/40613270
Advancing Exposomics: From Concept to Practice in Environmental Health Sciences.,2025,https://www.doi.org/10.1289/EHP15561,https://pubmed.ncbi.nlm.nih.gov/40503926
Prenatal Smoking Exposures and Epigenome-wide Methylation in Newborn Blood.,2025,https://www.doi.org/10.1289/EHP16303,https://pubmed.ncbi.nlm.nih.gov/40478623
"Air pollution, coronary artery disease, and cardiovascular events: Insights from the PROMISE trial.",2025,https://www.doi.org/10.1016/j.jcct.2025.03.001,https://pubmed.ncbi.nlm.nih.gov/40107947
Questionnaire-based exposome-wide association studies (ExWAS) reveal expected and novel risk factors associated with cardiovascular outcomes in the Personalized Environment and Genes Study.,2022,https://www.doi.org/10.1016/j.envres.2022.113463,https://pubmed.ncbi.nlm.nih.gov/35605674
Don't forget to floss! An innovative approach for vaccine delivery.,2025,https://www.doi.org/10.1016/j.cell.2025.09.008,https://pubmed.ncbi.nlm.nih.gov/41106358
From complexity to consensus: A roadmap for neutrophil classification.,2025,https://www.doi.org/10.1016/j.immuni.2025.07.011,https://pubmed.ncbi.nlm.nih.gov/40763729
Role of innate oral immunity and the salivary fluid in inflammatory bowel disease.,2025,https://www.doi.org/10.1016/j.jcmgh.2025.101713,https://pubmed.ncbi.nlm.nih.gov/41443297
Store-independent activation of STIM1-ORAI1 by SPCA2 determines the basal CFTR activity in secretory epithelial cells.,2025,https://www.doi.org/10.1016/j.cub.2025.09.006,https://pubmed.ncbi.nlm.nih.gov/41015040
"When huffing and puffing Ca2+ goes global, breast cancer cells are unmoved.",2025,https://www.doi.org/10.1083/jcb.202507062,https://pubmed.ncbi.nlm.nih.gov/40828111
The exocrine pancreas and NAADP: The mystery deepens….,2025,https://www.doi.org/10.1113/JP289437,https://pubmed.ncbi.nlm.nih.gov/40694469
Preface. Endolysosomal calcium signalling.,2023,https://www.doi.org/10.1016/j.ceca.2023.102696,https://pubmed.ncbi.nlm.nih.gov/36680894
Large-particle aerosol exposure to the Bangladesh or Malaysia strain of Nipah virus results in markedly divergent disease presentation in African Green Monkeys.,2025,https://www.doi.org/10.1371/journal.ppat.1013835,https://pubmed.ncbi.nlm.nih.gov/41460894
Ebola virus in Kasai revives 50-year-old questions on viral latency.,2025,https://www.doi.org/10.1016/S0140-6736(25)01973-7,https://pubmed.ncbi.nlm.nih.gov/41082880
"Genetic sequencing analysis of monkeypox virus clade I in Republic of the Congo: a cross-sectional, descriptive study.",2024,https://www.doi.org/10.1016/S0140-6736(24)02188-3,https://pubmed.ncbi.nlm.nih.gov/39426387
MERS-CoV exposure and risk factors for MERS-CoV ELISA seropositivity among members of livestock-owning households in southern Jordan: a population based cross-sectional study.,2024,https://www.doi.org/10.1016/S2666-5247(24)00082-X,https://pubmed.ncbi.nlm.nih.gov/39053480
Histologic pulmonary lesions of SARS-CoV-2 in 4 nonhuman primate species: An institutional comparative review.,2022,https://www.doi.org/10.1177/03009858211067468,https://pubmed.ncbi.nlm.nih.gov/34963391
SARS-CoV-2 Variants of Interest and Concern naming scheme conducive for global discourse.,2021,https://www.doi.org/10.1038/s41564-021-00932-w,https://pubmed.ncbi.nlm.nih.gov/34108654
Publisher Correction: ChAdOx1 nCoV-19 vaccine prevents SARS-CoV-2 pneumonia in rhesus macaques.,2021,https://www.doi.org/10.1038/s41586-020-03099-2,https://pubmed.ncbi.nlm.nih.gov/33469217
Persistence of SARS-CoV-2 in Water and Wastewater.,2020,https://www.doi.org/10.1021/acs.estlett.0c00730,https://pubmed.ncbi.nlm.nih.gov/37566354
Stability and Viability of SARS-CoV-2. Reply.,2020,https://www.doi.org/10.1056/NEJMc2007942,https://pubmed.ncbi.nlm.nih.gov/32283580
A Novel Coronavirus Emerging in China - Key Questions for Impact Assessment.,2020,https://www.doi.org/10.1056/NEJMp2000929,https://pubmed.ncbi.nlm.nih.gov/31978293
Directing traffic in the germinal center roundabout.,2020,https://www.doi.org/10.1038/s41590-020-0690-9,https://pubmed.ncbi.nlm.nih.gov/32424358
Recognition of observer effect is required for rigor and reproducibility of preclinical animal studies.,2022,https://www.doi.org/10.1016/j.ccell.2022.01.015,https://pubmed.ncbi.nlm.nih.gov/35180384
The Concise Guide to PHARMACOLOGY 2025/26: G protein-coupled receptors.,2025,https://www.doi.org/10.1111/bph.70230,https://pubmed.ncbi.nlm.nih.gov/41461581
"Neutropenia, Recurrent Infections, and Warts in a 6-year-old Boy.",2024,https://www.doi.org/10.1542/pir.2021-005348,https://pubmed.ncbi.nlm.nih.gov/38425164
"Clinical and Hematologic Effects of Endotoxin in Warts, Hypogammaglobulinemia, Infections, and Myelokathexis Syndrome Model Mice.",2022,https://www.doi.org/10.4049/immunohorizons.2200042,https://pubmed.ncbi.nlm.nih.gov/35882421
Ulrich Siebenlist (1951-2020).,2021,https://www.doi.org/10.1016/j.immuni.2021.02.009,https://pubmed.ncbi.nlm.nih.gov/33691124
Protean Regulation of Leukocyte Function by Nuclear Lamins.,2021,https://www.doi.org/10.1016/j.it.2021.02.005,https://pubmed.ncbi.nlm.nih.gov/33653660
Mortimer Mishkin (1926-2021): A life of science with humility and grace.,2021,https://www.doi.org/10.1016/j.neuron.2021.10.023,https://pubmed.ncbi.nlm.nih.gov/34735788
Author Correction: Brca1 haploinsufficiency promotes early tumor onset and epigenetic alterations in a mouse model of hereditary breast cancer.,2024,https://www.doi.org/10.1038/s41588-024-02034-9,https://pubmed.ncbi.nlm.nih.gov/39567749
Biomarkers Are Consistent With Patient-Reported Allergic Sensitization in Topical Steroid Withdrawal.,2025,https://www.doi.org/10.1111/all.70068,https://pubmed.ncbi.nlm.nih.gov/40995891
Salt and Atopic Dermatitis.,2025,https://www.doi.org/10.1001/jamadermatol.2024.4914,https://pubmed.ncbi.nlm.nih.gov/39565631
Patients' and Caregivers' Preferences for Mental Health Care and Support in Atopic Dermatitis.,2024,https://www.doi.org/10.1089/derm.2023.0111,https://pubmed.ncbi.nlm.nih.gov/37579072
Frontline Science: Breast milk confers passive cellular immunity via CD8-dependent mechanisms.,2021,https://www.doi.org/10.1002/JLB.3HI0820-406RR,https://pubmed.ncbi.nlm.nih.gov/32881103
Dissecting the Roles of Innate Cells in the Skin and Intractable Skin Diseases.,2022,https://www.doi.org/10.2302/kjm.71-003-ABST,https://pubmed.ncbi.nlm.nih.gov/35753764
Phosphorylated Ubiquitin as a Clinical Biomarker for Mitochondrial Damage in Neurodegenerative Diseases.,2025,https://www.doi.org/10.14336/AD.2025.1220,https://pubmed.ncbi.nlm.nih.gov/41400571
Retraction Note: Parkin and PINK1 mitigate STING-induced inflammation.,2025,https://www.doi.org/10.1038/s41586-025-09346-8,https://pubmed.ncbi.nlm.nih.gov/40739362
CHCHD2 and CHCHD10-related neurodegeneration: molecular pathogenesis and the path to precision therapy.,2023,https://www.doi.org/10.1042/BST20221365,https://pubmed.ncbi.nlm.nih.gov/37021679
Midbrain on Fire: mtDNA Ignites Neuroinflammation in PRKN-P.,2022,https://www.doi.org/10.1002/mds.29073,https://pubmed.ncbi.nlm.nih.gov/35856723
Sorting out Parkinson's disease: one cell at a time.,2022,https://www.doi.org/10.1093/brain/awac071,https://pubmed.ncbi.nlm.nih.gov/35301526
Mitochondrial Dysfunction and Mitophagy in Parkinson's Disease: From Mechanism to Therapy.,2021,https://www.doi.org/10.1016/j.tibs.2020.11.007,https://pubmed.ncbi.nlm.nih.gov/33323315
"Detection of mitophagy in mammalian cells, mice, and yeast.",2020,https://www.doi.org/10.1016/bs.mcb.2019.10.006,https://pubmed.ncbi.nlm.nih.gov/32183977
Sometimes It Is Better to Be Liberal.,2025,https://www.doi.org/10.1097/CCM.0000000000006624,https://pubmed.ncbi.nlm.nih.gov/40009031
Immunotherapies for sepsis and the impact of study design.,2025,https://www.doi.org/10.1136/bmj.r48,https://pubmed.ncbi.nlm.nih.gov/39814415
"Response to Open Peer Commentaries on ""Misrepresenting 'Usual Care' in Research: An Ethical and Scientific Error"".",2020,https://www.doi.org/10.1080/15265161.2019.1700680,https://pubmed.ncbi.nlm.nih.gov/31910138
Neurologic Sequelae After Ebola Virus Disease in Children in Liberia: An Observational Study.,2026,https://www.doi.org/10.1212/WNL.0000000000214450,https://pubmed.ncbi.nlm.nih.gov/41364891
Derivation of a Human Brain Organoid with Microglia Development.,2025,https://www.doi.org/10.3791/67491,https://pubmed.ncbi.nlm.nih.gov/39895643
Brainstem Encephalitis as a Cause of Sudden Infant Death Syndrome.,2024,https://www.doi.org/10.1001/jamaneurol.2023.5384,https://pubmed.ncbi.nlm.nih.gov/38285466
Postacute Sequelae of SARS-CoV-2 Infection.,2023,https://www.doi.org/10.1001/jama.2023.15709,https://pubmed.ncbi.nlm.nih.gov/37847279
Neurologic Complications of Smallpox and Monkeypox: A Review.,2022,https://www.doi.org/10.1001/jamaneurol.2022.3491,https://pubmed.ncbi.nlm.nih.gov/36125794
Nervous system consequences of COVID-19.,2022,https://www.doi.org/10.1126/science.abm2052,https://pubmed.ncbi.nlm.nih.gov/35050660
Mechanisms of viral persistence in the brain and therapeutic approaches.,2022,https://www.doi.org/10.1111/febs.15871,https://pubmed.ncbi.nlm.nih.gov/33844441
Neurological complications of COVID-19: from bridesmaid to bride.,2020,https://www.doi.org/10.1590/0004-282X20200121,https://pubmed.ncbi.nlm.nih.gov/32901698
Long-Haul COVID.,2020,https://www.doi.org/10.1212/WNL.0000000000010640,https://pubmed.ncbi.nlm.nih.gov/32788251
Neurologic complications of coronavirus infections.,2020,https://www.doi.org/10.1212/WNL.0000000000009455,https://pubmed.ncbi.nlm.nih.gov/32229625
The Pathogenesis of Nodding Syndrome.,2020,https://www.doi.org/10.1146/annurev-pathmechdis-012419-032748,https://pubmed.ncbi.nlm.nih.gov/31977293
Phosphorylation of nuclear receptors: Novelty and therapeutic implications.,2023,https://www.doi.org/10.1016/j.pharmthera.2023.108477,https://pubmed.ncbi.nlm.nih.gov/37330113
Detection and Functional Analysis of Estrogen Receptor α Phosphorylated at Serine 216 in Mouse Neutrophils.,2022,https://www.doi.org/10.1007/978-1-0716-1920-9_5,https://pubmed.ncbi.nlm.nih.gov/35119660
Immunoprecipitation Analyses of Estrogen Receptor α Phosphorylated at Serine 216 in the Mouse Liver.,2022,https://www.doi.org/10.1007/978-1-0716-1920-9_3,https://pubmed.ncbi.nlm.nih.gov/35119658
Androgen receptor phosphorylated at Ser815: The expression and function in the prostate and tumor-derived cells.,2021,https://www.doi.org/10.1016/j.bcp.2021.114794,https://pubmed.ncbi.nlm.nih.gov/34715066
Glucocorticoid receptor dimerization in the cytoplasm might be essential for nuclear localization.,2021,https://www.doi.org/10.1016/j.bbrc.2021.03.071,https://pubmed.ncbi.nlm.nih.gov/33773137
PXR phosphorylated at Ser350 transduces a glucose signal to repress the estrogen sulfotransferase gene in human liver cells and fasting signal in mouse livers.,2020,https://www.doi.org/10.1016/j.bcp.2020.114197,https://pubmed.ncbi.nlm.nih.gov/32798464
"Causes and Terminology in Neonatal Encephalopathy: What is in a Name? Neonatal Encephalopathy, Hypoxic-ischemic Encephalopathy or Perinatal Asphyxia.",2024,https://www.doi.org/10.1016/j.clp.2024.04.015,https://pubmed.ncbi.nlm.nih.gov/39095093
Interobserver Reliability for Identifying Specific Patterns of Placental Injury as Defined by the Amsterdam Classification.,2022,https://www.doi.org/10.5858/arpa.2020-0753-OA,https://pubmed.ncbi.nlm.nih.gov/34252177
The epidemiology of FIRS in term and late preterm births.,2020,https://www.doi.org/10.1016/j.siny.2020.101141,https://pubmed.ncbi.nlm.nih.gov/32739414
'Outgrowing' a cerebral palsy diagnosis.,2020,https://www.doi.org/10.1111/dmcn.14308,https://pubmed.ncbi.nlm.nih.gov/31273756
Dual-Emissive Mn-Doped Lead Halide Perovskite Nanocrystals as Background-Suppressed Latent Fingerprint Detection Probes.,2023,https://www.doi.org/10.1021/acsami.3c10883,https://pubmed.ncbi.nlm.nih.gov/37877789
Glutamate Brings Out the Flavor of SSB Cooperativity and Phase Separation.,2022,https://www.doi.org/10.1016/j.jmb.2022.167580,https://pubmed.ncbi.nlm.nih.gov/35395234
Effect of exposure to ionizing radiation on competitive proliferation and differentiation of hESC.,2023,https://www.doi.org/10.1080/09553002.2023.2146231,https://pubmed.ncbi.nlm.nih.gov/36352506
Structure-Function Activity Relationships of Cariprazine Analogues with Distinct G Protein versus β-Arrestin Activities at the Dopamine D3 Receptor.,2025,https://www.doi.org/10.1021/acschemneuro.5c00721,https://pubmed.ncbi.nlm.nih.gov/41315885
GW250114: Testing Hawking's Area Law and the Kerr Nature of Black Holes.,2025,https://www.doi.org/10.1103/kw5g-d732,https://pubmed.ncbi.nlm.nih.gov/41004747
Constraints on Cosmic Strings Using Data from the Third Advanced LIGO-Virgo Observing Run.,2021,https://www.doi.org/10.1103/PhysRevLett.126.241102,https://pubmed.ncbi.nlm.nih.gov/34213926
Diagnosis of Cushing's Disease.,2025,https://www.doi.org/10.1016/j.ecl.2025.06.001,https://pubmed.ncbi.nlm.nih.gov/41130648
Differential Effects of Ovarian Steroids in Women With and Without Premenstrual Dysphoric Disorder: A Replication and Extension of Findings.,2025,https://www.doi.org/10.1176/appi.ajp.20240596,https://pubmed.ncbi.nlm.nih.gov/41030005
Prospective study of metyrapone in endogenous Cushing's syndrome (PROMPT).,2025,https://www.doi.org/10.1093/ejendo/lvaf181,https://pubmed.ncbi.nlm.nih.gov/40966724
Soothing a Ruffled Mind: Chronotherapy of Cushing Syndrome.,2025,https://www.doi.org/10.1210/clinem/dgaf353,https://pubmed.ncbi.nlm.nih.gov/40679927
Selective progesterone receptor modulators and reproductive health.,2022,https://www.doi.org/10.1097/MED.0000000000000753,https://pubmed.ncbi.nlm.nih.gov/35776850
Remission of hypertension after surgical cure of Cushing's syndrome.,2020,https://www.doi.org/10.1111/cen.14129,https://pubmed.ncbi.nlm.nih.gov/31721265
Retrograde optogenetics reveals sensorimotor convergence within a corticotectal pathway of non-human primates.,2025,https://www.doi.org/10.1016/j.cub.2025.11.021,https://pubmed.ncbi.nlm.nih.gov/41352350
Sleep does not aid the generalisation of binocular disparity-based learning to the other visual hemifield.,2021,https://www.doi.org/10.1111/jsr.13335,https://pubmed.ncbi.nlm.nih.gov/33709537
Neuroscience needs behavior: inferring psychophysical strategy trial by trial.,2021,https://www.doi.org/10.1016/j.neuron.2021.01.025,https://pubmed.ncbi.nlm.nih.gov/33600750
Proteome-Wide Analysis of Palmitoylated Proteins in Macrophages Reveals Novel Insights Into Early Immune Signaling.,2025,https://www.doi.org/10.1002/pmic.70100,https://pubmed.ncbi.nlm.nih.gov/41457686
Proteomics Advances in Immunology and Infection Research.,2025,https://www.doi.org/10.1002/pmic.70091,https://pubmed.ncbi.nlm.nih.gov/41376209
Enhanced S-Palmitoylated Protein Detection by Mild Nonionic Detergent in Proteomic Workflow.,2025,https://www.doi.org/10.1021/jasms.5c00186,https://pubmed.ncbi.nlm.nih.gov/41328681
Omics and systems view of innate immune pathways.,2023,https://www.doi.org/10.1002/pmic.202200407,https://pubmed.ncbi.nlm.nih.gov/37269203
"Simultaneous, Quantitative Characterization of Protein ADP-Ribosylation and Protein Phosphorylation in Macrophages.",2020,https://www.doi.org/10.1007/978-1-0716-0802-9_11,https://pubmed.ncbi.nlm.nih.gov/32808224
Approaching complexity: systems biology and ms-based techniques to address immune signaling.,2020,https://www.doi.org/10.1080/14789450.2020.1780920,https://pubmed.ncbi.nlm.nih.gov/32552048
Commentary on Winzeler et al 'Low arginine vasopressin levels in patients with diabetes insipidus are not associated with anaemia'.,2021,https://www.doi.org/10.1111/cen.14377,https://pubmed.ncbi.nlm.nih.gov/33314284
Mechanism of cytarabine-induced neurotoxicity.,2025,https://www.doi.org/10.1038/s41586-025-09210-9,https://pubmed.ncbi.nlm.nih.gov/40562930
Nascent DNA sequencing and its diverse applications in genome integrity research.,2024,https://www.doi.org/10.1016/bs.mcb.2022.12.011,https://pubmed.ncbi.nlm.nih.gov/38359988
The WRN helicase: resolving a new target in microsatellite unstable cancers.,2021,https://www.doi.org/10.1016/j.gde.2021.06.014,https://pubmed.ncbi.nlm.nih.gov/34284257
"END-seq: An Unbiased, High-Resolution, and Genome-Wide Approach to Map DNA Double-Strand Breaks and Resection in Human Cells.",2021,https://www.doi.org/10.1007/978-1-0716-0644-5_2,https://pubmed.ncbi.nlm.nih.gov/32840769
Burning bridges in cancer genomes.,2020,https://www.doi.org/10.1126/science.abb4899,https://pubmed.ncbi.nlm.nih.gov/32299935
Comment on the Burden of Infection-Attributable Cancers in the US-Reply.,2024,https://www.doi.org/10.1001/jamaoncol.2024.0228,https://pubmed.ncbi.nlm.nih.gov/38546654
Death certificates compared to SEER-Medicare data for surveillance of liver cancer mortality due to hepatitis B or hepatitis C infection.,2021,https://www.doi.org/10.1111/jvh.13498,https://pubmed.ncbi.nlm.nih.gov/33720473
Correction: Multi-ancestry fine mapping of interferon lambda and the outcome of acute hepatitis C virus infection.,2020,https://www.doi.org/10.1038/s41435-020-00119-z,https://pubmed.ncbi.nlm.nih.gov/33230236
Centrosomes: An acentriolar MTOC at the ciliary base.,2021,https://www.doi.org/10.1016/j.cub.2021.03.101,https://pubmed.ncbi.nlm.nih.gov/34102124
Utilizing the HiBiT System to Identify CARM1 Degraders for Targeted Cancer Therapy.,2025,https://www.doi.org/10.1021/acs.jmedchem.5c01863,https://pubmed.ncbi.nlm.nih.gov/41453375
Chemical Evolution of Aplithianine Class of Serine/Threonine Kinase Inhibitors.,2025,https://www.doi.org/10.1021/acs.jmedchem.5c00649,https://pubmed.ncbi.nlm.nih.gov/40476486
Furanoheliangolides from ,2025,https://www.doi.org/10.1021/acs.jnatprod.5c00329,https://pubmed.ncbi.nlm.nih.gov/40402310
Two New Halimanes with a γ-Lactone from Croton argyratus.,2025,https://www.doi.org/10.1248/cpb.c24-00734,https://pubmed.ncbi.nlm.nih.gov/40058823
"Acroamine A, a 2-Amino Adenine Alkaloid from the Marine Soft Coral ",2024,https://www.doi.org/10.1021/acs.jnatprod.4c00477,https://pubmed.ncbi.nlm.nih.gov/39142023
"Isolation, Characterization, and Antiproliferative Activity of Terpenoids from the Tropical Plant ",2024,https://www.doi.org/10.1021/acs.jnatprod.4c00313,https://pubmed.ncbi.nlm.nih.gov/38970504
"Neopetrotaurines A-C, Isoquinoline Alkaloids with an Unprecedented Taurine Bridge from the Sponge ",2024,https://www.doi.org/10.1021/acs.jnatprod.3c01041,https://pubmed.ncbi.nlm.nih.gov/38294825
Formation of Trideuteromethylated Artifacts of Pyrrole-Containing Natural Products.,2024,https://www.doi.org/10.1021/acs.jnatprod.3c01113,https://pubmed.ncbi.nlm.nih.gov/38291771
Caged Xanthones and Biphenyls Isolated from the Tropical Plant ,2024,https://www.doi.org/10.1021/acs.jnatprod.3c00934,https://pubmed.ncbi.nlm.nih.gov/38251859
"Dentithecamides A-H, Diacylated Zoanthoxanthin Derivatives with PAX3-FOXO1 Inhibitory Activity from the Hydroid ",2022,https://www.doi.org/10.1021/acs.jnatprod.2c00246,https://pubmed.ncbi.nlm.nih.gov/35465663
Insight into mithramycin disruption of ETS transcription leads to improved understanding of more selective analogs.,2021,https://www.doi.org/10.1016/j.str.2021.03.010,https://pubmed.ncbi.nlm.nih.gov/33961789
An activating ,2025,https://www.doi.org/10.1126/sciimmunol.ado5986,https://pubmed.ncbi.nlm.nih.gov/40446018
JAKing up immunity.,2024,https://www.doi.org/10.1126/science.adq1717,https://pubmed.ncbi.nlm.nih.gov/38900897
FURIN regulates cytotoxic T-lymphocyte effector function and memory cell transition in mice.,2023,https://www.doi.org/10.1002/eji.202250246,https://pubmed.ncbi.nlm.nih.gov/37015057
Immunology Lessons from the SARS-CoV-2 Pandemic.,2021,https://www.doi.org/10.1146/annurev-iy-39-030121-100001,https://pubmed.ncbi.nlm.nih.gov/33939926
JAK inhibitors: Ten years after.,2021,https://www.doi.org/10.1002/eji.202048922,https://pubmed.ncbi.nlm.nih.gov/33930196
Author Correction: BACH2 enforces the transcriptional and epigenetic programs of stem-like CD8,2021,https://www.doi.org/10.1038/s41590-021-00906-4,https://pubmed.ncbi.nlm.nih.gov/33658708
Translating JAKs to Jakinibs.,2020,https://www.doi.org/10.4049/jimmunol.1901477,https://pubmed.ncbi.nlm.nih.gov/32253269
Author Correction: All the sites we cannot see: Sources and mitigation of false negatives in RNA modification studies.,2025,https://www.doi.org/10.1038/s41580-024-00810-3,https://pubmed.ncbi.nlm.nih.gov/39533117
CXCL9 as a novel prognostic marker to identify high-risk adults with hemophagocytic lymphohistiocytosis.,2025,https://www.doi.org/10.1182/blood.2025030976,https://pubmed.ncbi.nlm.nih.gov/41369611
Genomic evidence for the Holocene codispersal of dogs and humans across Eastern Eurasia.,2025,https://www.doi.org/10.1126/science.adu2836,https://pubmed.ncbi.nlm.nih.gov/41231995
Remembering distinguished professor Robert K. Wayne.,2023,https://www.doi.org/10.1111/mec.16926,https://pubmed.ncbi.nlm.nih.gov/36991555
Association of a novel BRCA2 mutation with prostate cancer risk further supports germline genetic testing.,2023,https://www.doi.org/10.1016/j.ejca.2022.11.034,https://pubmed.ncbi.nlm.nih.gov/36599183
"Massively parallel sequencing in hereditary prostate cancer families reveals a rare risk variant in the DNA repair gene, RAD51C.",2021,https://www.doi.org/10.1016/j.ejca.2021.09.038,https://pubmed.ncbi.nlm.nih.gov/34736042
"Pleistocene origins, western ghost lineages, and the emerging phylogeographic history of the red wolf and coyote.",2021,https://www.doi.org/10.1111/mec.16048,https://pubmed.ncbi.nlm.nih.gov/34181791
Publisher Correction: Trans-ancestry genome-wide association meta-analysis of prostate cancer identifies new susceptibility loci and informs genetic risk prediction.,2021,https://www.doi.org/10.1038/s41588-021-00786-2,https://pubmed.ncbi.nlm.nih.gov/33473200
Quorum-sensing control of sepsis in the coagulase-negative staphylococcal species Staphylococcus haemolyticus.,2025,https://www.doi.org/10.1016/j.celrep.2025.116349,https://pubmed.ncbi.nlm.nih.gov/41004341
Export by a quorum sensing-controlled drug exporter underlies rifampicin's strong activity against staphylococcal biofilms.,2025,https://www.doi.org/10.1126/scitranslmed.adq8328,https://pubmed.ncbi.nlm.nih.gov/40961222
Veillonella intestinal colonization promotes C. difficile infection in Crohn's disease.,2025,https://www.doi.org/10.1016/j.chom.2025.07.019,https://pubmed.ncbi.nlm.nih.gov/40848719
Understanding mechanisms of virulence in MRSA: implications for antivirulence treatment strategies.,2023,https://www.doi.org/10.1080/14787210.2023.2242585,https://pubmed.ncbi.nlm.nih.gov/37501364
Bacillus subtilis application on decolonisation of Staphylococcus aureus - Authors' reply.,2023,https://www.doi.org/10.1016/S2666-5247(23)00066-6,https://pubmed.ncbi.nlm.nih.gov/36893779
Staphylococci in the human microbiome: the role of host and interbacterial interactions.,2020,https://www.doi.org/10.1016/j.mib.2020.03.003,https://pubmed.ncbi.nlm.nih.gov/32298967
Integrative single-cell RNA-seq and ATAC-seq identifies transcriptional and epigenetic blueprint guiding osteoclastogenic trajectory.,2025,https://www.doi.org/10.1093/jbmr/zjaf084,https://pubmed.ncbi.nlm.nih.gov/40577680
"Effects of feeding the medium-chain triacylglycerol on GLP-1 secretion in aged Brd4-heterozygous mice, which are a mouse model of aging.",2025,https://www.doi.org/10.1016/j.nut.2024.112656,https://pubmed.ncbi.nlm.nih.gov/39708424
Physical and functional interaction among Irf8 enhancers during dendritic cell differentiation.,2024,https://www.doi.org/10.1016/j.celrep.2024.114107,https://pubmed.ncbi.nlm.nih.gov/38613785
A single-cell genomic strategy for alternative transcript start sites identification.,2024,https://www.doi.org/10.1002/biot.202300516,https://pubmed.ncbi.nlm.nih.gov/38472100
Type I IFN Derived from Ly6C,2024,https://www.doi.org/10.1016/j.jid.2023.08.022,https://pubmed.ncbi.nlm.nih.gov/37739337
"Author Correction: Trained immunity, tolerance, priming and differentiation: distinct immunological processes.",2021,https://www.doi.org/10.1038/s41590-021-00960-y,https://pubmed.ncbi.nlm.nih.gov/34017127
"HIRA, a DiGeorge Syndrome Candidate Gene, Confers Proper Chromatin Accessibility on HSCs and Supports All Stages of Hematopoiesis.",2020,https://www.doi.org/10.1016/j.celrep.2020.01.062,https://pubmed.ncbi.nlm.nih.gov/32075733
Spatially Resolved Mapping of Monoacylglycerol Lipase Activity in the Brain.,2025,https://www.doi.org/10.1021/acschemneuro.5c00638,https://pubmed.ncbi.nlm.nih.gov/41313799
Treatment approaches for alcohol use disorder with metabolic dysfunction.,2026,https://www.doi.org/10.1016/j.pharmthera.2025.108957,https://pubmed.ncbi.nlm.nih.gov/41238083
Selective Depletion of Gut Gram-Negative Bacteria Attenuates Alcohol Binge-Induced Cardiovascular Dysfunction by Lowering Cardiac Anandamide Levels.,2026,https://www.doi.org/10.1016/j.ajpath.2025.10.010,https://pubmed.ncbi.nlm.nih.gov/41205808
NTPDase8 Protects Against Liver Ischemia-Reperfusion Injury in Mice.,2025,https://www.doi.org/10.1096/fj.202500010RR,https://pubmed.ncbi.nlm.nih.gov/40600918
The Link between Alcohol Consumption and Kidney Injury.,2026,https://www.doi.org/10.1016/j.ajpath.2025.05.011,https://pubmed.ncbi.nlm.nih.gov/40513821
An Update on IL-22 Therapies in Alcohol-Associated Liver Disease and Beyond.,2026,https://www.doi.org/10.1016/j.ajpath.2025.03.010,https://pubmed.ncbi.nlm.nih.gov/40254130
"Enhancing Drug Discovery and Development through the Integration of Medicinal Chemistry, Chemical Biology, and Academia-Industry Partnerships: Insights from Roche's Endocannabinoid System Projects.",2024,https://www.doi.org/10.2533/chimia.2024.499,https://pubmed.ncbi.nlm.nih.gov/39221845
Targeting Oxidative Stress in Neurodegenerative Disorders: A Novel Role for PCSK9 Inhibition?,2024,https://www.doi.org/10.1021/acschemneuro.4c00299,https://pubmed.ncbi.nlm.nih.gov/39022840
Patent review of cannabinoid receptor type 2 (CB,2024,https://www.doi.org/10.1080/13543776.2024.2368745,https://pubmed.ncbi.nlm.nih.gov/38886185
PCSK9 inhibition attenuates alcohol-associated neuronal oxidative stress and cellular injury.,2024,https://www.doi.org/10.1016/j.bbi.2024.04.022,https://pubmed.ncbi.nlm.nih.gov/38657842
Evaluating the Cardiovascular Impact of Genetically Proxied PCSK9 and HMGCR Inhibition in East Asian and European Populations: A Drug-Target Mendelian Randomization Study.,2024,https://www.doi.org/10.1161/CIRCGEN.122.004224,https://pubmed.ncbi.nlm.nih.gov/38258565
Maternal binge alcohol consumption leads to distinctive acute perturbations in embryonic cardiac gene expression profiles.,2022,https://www.doi.org/10.1111/acer.14880,https://pubmed.ncbi.nlm.nih.gov/35692084
Adenosine and inflammation: it's time to (re)solve the problem.,2022,https://www.doi.org/10.1016/j.tips.2021.10.010,https://pubmed.ncbi.nlm.nih.gov/34776241
PARPs in lipid metabolism and related diseases.,2021,https://www.doi.org/10.1016/j.plipres.2021.101117,https://pubmed.ncbi.nlm.nih.gov/34450194
The role of P2Y receptors in regulating immunity and metabolism.,2021,https://www.doi.org/10.1016/j.bcp.2021.114419,https://pubmed.ncbi.nlm.nih.gov/33460626
Role of Macrophages in the Endocrine System.,2021,https://www.doi.org/10.1016/j.tem.2020.12.001,https://pubmed.ncbi.nlm.nih.gov/33455863
Development of High-Specificity Fluorescent Probes to Enable Cannabinoid Type 2 Receptor Studies in Living Cells.,2020,https://www.doi.org/10.1021/jacs.0c05587,https://pubmed.ncbi.nlm.nih.gov/32902974
"Identification and Preclinical Development of a 2,5,6-Trisubstituted Fluorinated Pyridine Derivative as a Radioligand for the Positron Emission Tomography Imaging of Cannabinoid Type 2 Receptors.",2020,https://www.doi.org/10.1021/acs.jmedchem.0c00778,https://pubmed.ncbi.nlm.nih.gov/32787079
Cannabinoid-2 receptor activation ameliorates hepatorenal syndrome.,2020,https://www.doi.org/10.1016/j.freeradbiomed.2019.11.027,https://pubmed.ncbi.nlm.nih.gov/31770583
Beyond THC and Endocannabinoids.,2020,https://www.doi.org/10.1146/annurev-pharmtox-010818-021441,https://pubmed.ncbi.nlm.nih.gov/31580774
Clinical spectrum of Wiskott-Aldrich syndrome carriers: Self-reported survey of 193 carriers.,2025,https://www.doi.org/10.1016/j.clim.2025.110658,https://pubmed.ncbi.nlm.nih.gov/41419161
"Clinical Characteristics, Management, and Hematopoietic Cell Transplantation of Patients with TLR8 Gain-of-Function.",2025,https://www.doi.org/10.1182/bloodadvances.2025016338,https://pubmed.ncbi.nlm.nih.gov/41370196
Hematopoietic Cell Transplantation for Wiskott-Aldrich syndrome: A PIDTC Report.,2025,https://www.doi.org/10.1182/bloodadvances.2025017662,https://pubmed.ncbi.nlm.nih.gov/41346295
Outcomes Following Matched Sibling Donor Transplantation for Severe Combined Immunodeficiency: A Report from the PIDTC.,2025,https://www.doi.org/10.1182/bloodadvances.2025016812,https://pubmed.ncbi.nlm.nih.gov/41289158
Umbilical Cord Blood Transplantation Provides an Alternative for Patients With Chronic Granulomatous Disease Lacking HLA-Matched Donors: A PIDTC Report.,2025,https://www.doi.org/10.1016/j.jtct.2025.05.020,https://pubmed.ncbi.nlm.nih.gov/41046057
How I treat Wiskott-Aldrich syndrome.,2025,https://www.doi.org/10.1182/blood.2024026288,https://pubmed.ncbi.nlm.nih.gov/40209058
Infection-Associated Immune Reconstitution Inflammatory Syndrome in Hematopoietic Cell Transplantation.,2025,https://www.doi.org/10.1111/tid.70000,https://pubmed.ncbi.nlm.nih.gov/39964133
Gene Therapy for Artemis-Deficient SCID.,2022,https://www.doi.org/10.1056/NEJMe2213255,https://pubmed.ncbi.nlm.nih.gov/36546634
Current Status and Future Directions of Gene-Based Therapy for Pediatric Blood Diseases.,2022,https://www.doi.org/10.1016/j.hoc.2022.06.001,https://pubmed.ncbi.nlm.nih.gov/35843631
"Correction to: Infections in Infants with SCID: Isolation, Infection Screening and Prophylaxis in PIDTC Centers.",2021,https://www.doi.org/10.1007/s10875-020-00917-0,https://pubmed.ncbi.nlm.nih.gov/33274413
The association between recency of suicide attempt and reattempt in adult emergency department patients.,2025,https://www.doi.org/10.1016/j.genhosppsych.2025.12.017,https://pubmed.ncbi.nlm.nih.gov/41455243
Cyclophosphamide Induced Hypomania in a Pediatric Bone Marrow Transplant Patient.,2025,https://www.doi.org/10.1016/j.jaclp.2025.10.332,https://pubmed.ncbi.nlm.nih.gov/41135766
Editorial: Preteens and Suicide Risk: It Doesn't Hurt to Ask.,2026,https://www.doi.org/10.1016/j.jaac.2025.07.001,https://pubmed.ncbi.nlm.nih.gov/40639498
"Suicide Risk and Social Connectedness in Cisgender and Transgender Lesbian, Gay, Bisexual, and Queer/Questioning Youth in the Emergency Department.",2025,https://www.doi.org/10.1016/j.jadohealth.2024.11.241,https://pubmed.ncbi.nlm.nih.gov/39945685
"Detecting Suicide Risk Among Pediatric Patients: Screening, Clinical Pathways, and Care.",2025,https://www.doi.org/10.1146/annurev-clinpsy-081423-021101,https://pubmed.ncbi.nlm.nih.gov/39899847
Achieving Integrated Healthcare in Suicide Prevention: Universal Suicide Risk Screening in Clinical Practice.,2025,https://www.doi.org/10.1016/j.acap.2024.102615,https://pubmed.ncbi.nlm.nih.gov/39615669
Suicide risk and perceived burden among adult medical inpatients.,2021,https://www.doi.org/10.1016/j.genhosppsych.2021.01.007,https://pubmed.ncbi.nlm.nih.gov/33810884
Evidence of absence with a twist: voltage-operated Ca,2022,https://www.doi.org/10.1016/j.ceca.2022.102632,https://pubmed.ncbi.nlm.nih.gov/35939926
Store-Operated Ca,2021,https://www.doi.org/10.1146/annurev-pharmtox-031620-105135,https://pubmed.ncbi.nlm.nih.gov/32966177
"Pretransplant targeting of TNFRSF25 and CD25 stimulates recipient Tregs in target tissues, ameliorating GVHD post-HSCT.",2025,https://www.doi.org/10.1182/blood.2025028418,https://pubmed.ncbi.nlm.nih.gov/40749165
The dynamic changes in cytokine responses in COVID-19: a snapshot of the current state of knowledge.,2020,https://www.doi.org/10.1038/s41590-020-0779-1,https://pubmed.ncbi.nlm.nih.gov/32855555
Lipid-Mediated Aggregation of Influenza Fusion Peptide.,2025,https://www.doi.org/10.1021/acs.jpcb.5c05334,https://pubmed.ncbi.nlm.nih.gov/41056499
Simulating asymmetric membranes using P2,2024,https://www.doi.org/10.1016/bs.mie.2024.03.013,https://pubmed.ncbi.nlm.nih.gov/39025575
Binary bilayer simulations for partitioning within membranes.,2024,https://www.doi.org/10.1016/bs.mie.2024.03.007,https://pubmed.ncbi.nlm.nih.gov/39025570
Sex-specific effects on elements of the social brain neural network in Wistar rats from perinatal exposure to FireMaster 550 or its components.,2024,https://www.doi.org/10.1016/j.neuro.2024.09.001,https://pubmed.ncbi.nlm.nih.gov/39241866
Statistical analysis of correlated expression data from high throughput experiments.,2025,https://www.doi.org/10.1093/genetics/iyaf060,https://pubmed.ncbi.nlm.nih.gov/40155203
Annealing approach to root finding.,2024,https://www.doi.org/10.1103/PhysRevE.110.025305,https://pubmed.ncbi.nlm.nih.gov/39294960
Longitudinal multi-omics analyses of the gut-liver axis reveals metabolic dysregulation in hepatitis C infection and cirrhosis.,2023,https://www.doi.org/10.1038/s41564-022-01273-y,https://pubmed.ncbi.nlm.nih.gov/36522461
Rosiglitazone treatment enhances intracellular actin dynamics and glucose transport in hypertrophic adipocytes.,2022,https://www.doi.org/10.1016/j.lfs.2022.120537,https://pubmed.ncbi.nlm.nih.gov/35398016
RIPK3: The Deadpool of neuronal cell death proteins?,2025,https://www.doi.org/10.1016/j.immuni.2025.02.018,https://pubmed.ncbi.nlm.nih.gov/40073843
Therapeutic targeting of organelles for inhibition of Zika virus replication in neurons.,2023,https://www.doi.org/10.1016/j.antiviral.2022.105464,https://pubmed.ncbi.nlm.nih.gov/36396026
Rottlerin inhibits La Crosse virus-induced encephalitis in mice and blocks release of replicating virus from the Golgi body in neurons.,2021,https://www.doi.org/10.1038/s41564-021-00968-y,https://pubmed.ncbi.nlm.nih.gov/34675384
The effects of tamoxifen and its metabolites on circulating estrogen metabolites among pre- and postmenopausal women.,2025,https://www.doi.org/10.1016/j.steroids.2025.109736,https://pubmed.ncbi.nlm.nih.gov/41386485
"Population differences in Merkel cell carcinoma by virus status and anatomic site: A multi-cohort analysis including institutional, SEER, and NCDB data.",2025,https://www.doi.org/10.1016/j.jaad.2025.11.023,https://pubmed.ncbi.nlm.nih.gov/41242630
The Association between Neighborhood Socioeconomic Status and Posttransplant Cancer Outcomes among Kidney Transplant Recipients in the United States.,2025,https://www.doi.org/10.34067/KID.0000000979,https://pubmed.ncbi.nlm.nih.gov/41032374
"Age-specific incidence and five-year relative survival of endometrial cancer histotypes by race and ethnicity among US women, 2000 to 2019.",2025,https://www.doi.org/10.1016/j.ygyno.2025.07.011,https://pubmed.ncbi.nlm.nih.gov/40752271
"Clinicopathologic Features, Management, and Outcomes Of Pediatric CRTC1::TRIM11 and MED15::ATF1 Tumors With Spitzoid Morphology: A Case Series.",2025,https://www.doi.org/10.1002/pbc.31814,https://pubmed.ncbi.nlm.nih.gov/40390195
Radiation Doses to the Breast and Predicted Breast Cancer Risk Among Patients Treated for Hodgkin Lymphoma With Modern Radiation Therapy.,2025,https://www.doi.org/10.1016/j.ijrobp.2024.12.016,https://pubmed.ncbi.nlm.nih.gov/39793858
Differences in Trends in Cancer Incidence Rates Among People With HIV During 2001-2019 by Race and Ethnicity and by Risk Group in the United States.,2025,https://www.doi.org/10.1093/cid/ciae555,https://pubmed.ncbi.nlm.nih.gov/39509333
The burden of COVID-19 mortality among solid organ transplant recipients in the United States.,2025,https://www.doi.org/10.1016/j.ajt.2024.10.004,https://pubmed.ncbi.nlm.nih.gov/39389313
Impact of an Epstein-Barr Virus Serology-Based Screening Program on Nasopharyngeal Carcinoma Mortality: A Cluster-Randomized Controlled Trial.,2025,https://www.doi.org/10.1200/JCO.23.01296,https://pubmed.ncbi.nlm.nih.gov/39353160
Predicting absolute risk for a person with missing risk factors.,2024,https://www.doi.org/10.1177/09622802241227945,https://pubmed.ncbi.nlm.nih.gov/38426821
Impact of overweight and obesity on US renal cell carcinoma incidence trends (1995-2018).,2023,https://www.doi.org/10.1002/ijc.34516,https://pubmed.ncbi.nlm.nih.gov/36929885
Structured time-dependent inverse regression (STIR).,2023,https://www.doi.org/10.1002/sim.9670,https://pubmed.ncbi.nlm.nih.gov/36916605
"Discussion of ""A formal causal interpretation of the case-crossover design"" by Zach Shahn, Miguel A. Hernan, and James M. Robins.",2023,https://www.doi.org/10.1111/biom.13747,https://pubmed.ncbi.nlm.nih.gov/36121028
"Life-years lost due to cancer among solid organ transplant recipients in the United States, 1987 to 2014.",2022,https://www.doi.org/10.1002/cncr.33877,https://pubmed.ncbi.nlm.nih.gov/34541673
Bias correction for estimates from linear excess relative risk models in small case-control studies.,2021,https://www.doi.org/10.1002/sim.9158,https://pubmed.ncbi.nlm.nih.gov/34418146
Comparison of new magnetic resonance imaging grading system with conventional endoscopy for the early detection of nasopharyngeal carcinoma.,2021,https://www.doi.org/10.1002/cncr.33552,https://pubmed.ncbi.nlm.nih.gov/34231883
Prediagnostic circulating inflammation-related biomarkers and gastric cancer: A case-cohort study in Japan.,2021,https://www.doi.org/10.1016/j.cyto.2021.155558,https://pubmed.ncbi.nlm.nih.gov/33985855
Prospective assessment of a nasopharyngeal carcinoma risk score in a population undergoing screening.,2021,https://www.doi.org/10.1002/ijc.33424,https://pubmed.ncbi.nlm.nih.gov/33285002
Adenocarcinoma of the Uterine Cervix: Immunohistochemical Biomarker Expression and Diagnostic Performance.,2021,https://www.doi.org/10.1097/PAI.0000000000000881,https://pubmed.ncbi.nlm.nih.gov/33264105
Weight calibration to improve the efficiency of pure risk estimates from case-control samples nested in a cohort.,2020,https://www.doi.org/10.1111/biom.13209,https://pubmed.ncbi.nlm.nih.gov/31863593
Prediagnostic circulating inflammation biomarkers and esophageal squamous cell carcinoma: A case-cohort study in Japan.,2020,https://www.doi.org/10.1002/ijc.32763,https://pubmed.ncbi.nlm.nih.gov/31671219
Evaluation of the antibody response to the EBV proteome in EBV-associated classical Hodgkin lymphoma.,2020,https://www.doi.org/10.1002/ijc.32741,https://pubmed.ncbi.nlm.nih.gov/31618442
Chromosome-specific epigenetic control and transmission of ribosomal DNA arrays in Hominidae genomes.,2025,https://www.doi.org/10.1016/j.xgen.2025.101031,https://pubmed.ncbi.nlm.nih.gov/41043432
Author Correction: A robust benchmark for detection of germline large deletions and insertions.,2020,https://www.doi.org/10.1038/s41587-020-0640-y,https://pubmed.ncbi.nlm.nih.gov/32699374
"Synthesis and investigation of substituted 1,5-diaryl-1H-1,2,4-triazoles for the discovery of ",2025,https://www.doi.org/10.1016/j.ejmech.2025.118523,https://pubmed.ncbi.nlm.nih.gov/41448048
PET Reporter Probes for Brain Imaging of Transduced Gene and Cell Expression: Status and Challenges.,2025,https://www.doi.org/10.1021/acs.jmedchem.4c02326,https://pubmed.ncbi.nlm.nih.gov/39879224
Development and Evaluation in Rat and Monkey of a Candidate Homochiral Radioligand for PET Studies of Brain Receptor Interacting Protein Kinase 1: [,2025,https://www.doi.org/10.1021/acschemneuro.4c00715,https://pubmed.ncbi.nlm.nih.gov/39745023
Ligand-Based Virtual Screening as a Path to New Chemotypes for Candidate PET Radioligands for Imaging Tauopathies.,2024,https://www.doi.org/10.1021/acs.jmedchem.4c00934,https://pubmed.ncbi.nlm.nih.gov/39108178
Detecting Cry in Daylong Audio Recordings Using Machine Learning: The Development and Evaluation of Binary Classifiers.,2025,https://www.doi.org/10.1177/10731911251395993,https://pubmed.ncbi.nlm.nih.gov/41468386
White matter microstructure alterations in social anxiety disorder - a mega-analysis across 12 cohorts in the ENIGMA-Anxiety Working Group.,2025,https://www.doi.org/10.1016/j.bpsc.2025.11.007,https://pubmed.ncbi.nlm.nih.gov/41338325
Primary Prevention of PTSD Symptoms in Combat-Deploying Soldiers Using Attention Bias Modification: A Randomized Controlled Trial.,2025,https://www.doi.org/10.1176/appi.ajp.20250160,https://pubmed.ncbi.nlm.nih.gov/41254848
Hippocampal-network transcranial magnetic stimulation to target reactivated intrusive memories: A proof-of-concept study in PTSD treatment.,2025,https://www.doi.org/10.1016/j.brs.2025.10.019,https://pubmed.ncbi.nlm.nih.gov/41151704
Linking Subjective Experience of Anxiety to Brain Function using Natural Language Processing.,2025,https://www.doi.org/10.1093/scan/nsaf099,https://pubmed.ncbi.nlm.nih.gov/41002215
Adolescence under fire: a multi-method study of psychological vulnerability and resilience among adolescents impacted by war.,2025,https://www.doi.org/10.1111/jcpp.70052,https://pubmed.ncbi.nlm.nih.gov/40999924
"Shared and Distinct Alterations in Brain Structure of Youth With Internalizing or Externalizing Disorders: Findings From the ENIGMA Antisocial Behavior, ADHD, Major Depressive Disorder, and Anxiety Working Groups.",2025,https://www.doi.org/10.1016/j.biopsych.2025.08.003,https://pubmed.ncbi.nlm.nih.gov/40812743
Evaluating psychometric validity of ecological momentary assessment for youth irritability.,2025,https://www.doi.org/10.1016/j.jad.2025.119788,https://pubmed.ncbi.nlm.nih.gov/40675262
Dispositional threat sensitivity as a liability for fear-related pathologies: Evidence from a child-aged twin sample.,2025,https://www.doi.org/10.1017/S0954579425000380,https://pubmed.ncbi.nlm.nih.gov/40598794
Study Preregistration: Data-Driven Profiles of Youth Executive Function and Their Longitudinal Associations With Externalizing Problems.,2026,https://www.doi.org/10.1016/j.jaac.2025.05.014,https://pubmed.ncbi.nlm.nih.gov/40480486
Neural Rewiring of Resilience: The Effects of Combat Deployment on Functional Network Architecture.,2025,https://www.doi.org/10.1016/j.bpsc.2024.12.017,https://pubmed.ncbi.nlm.nih.gov/39824285
Using mobile eye-tracking to evaluate gaze behavior during a speech in pediatric anxiety disorders.,2025,https://www.doi.org/10.1016/j.jad.2024.10.024,https://pubmed.ncbi.nlm.nih.gov/39389116
Associations Between Neighborhood Resources and Youths' Response to Reward Omission in a Task Modeling Negatively Biased Environments.,2025,https://www.doi.org/10.1016/j.jaac.2024.05.011,https://pubmed.ncbi.nlm.nih.gov/38763411
The free-viewing matrix task: A reliable measure of attention allocation in psychopathology.,2023,https://www.doi.org/10.1016/j.janxdis.2023.102789,https://pubmed.ncbi.nlm.nih.gov/37949029
Zuranolone Treatment for Depression: Steady Progress in Mechanism-Focused Therapeutics?,2023,https://www.doi.org/10.1176/appi.ajp.20230537,https://pubmed.ncbi.nlm.nih.gov/37654113
Anxiety disorders in children and adolescents: A summary and overview of the literature.,2023,https://www.doi.org/10.1016/j.brat.2023.104376,https://pubmed.ncbi.nlm.nih.gov/37499294
"Incidence of adverse events and comparative tolerability of selective serotonin reuptake inhibitors, and serotonin and norepinephrine reuptake inhibitors for the treatment of anxiety, obsessive-compulsive, and stress disorders: a systematic review and network meta-analysis.",2023,https://www.doi.org/10.1017/S0033291723001630,https://pubmed.ncbi.nlm.nih.gov/37278215
Enhanced late positive potential to conditioned threat cue during delayed extinction in anxious youth.,2024,https://www.doi.org/10.1111/jcpp.13814,https://pubmed.ncbi.nlm.nih.gov/37157184
Attention Bias Modification Treatment Versus a Selective Serotonin Reuptake Inhibitor Or Waiting List Control for Social Anxiety Disorder: A Randomized Clinical Trial.,2023,https://www.doi.org/10.1176/appi.ajp.20220533,https://pubmed.ncbi.nlm.nih.gov/36945823
Pupil dilation during negative prediction errors is related to brain choline concentration and depressive symptoms in adolescents.,2023,https://www.doi.org/10.1016/j.bbr.2022.114060,https://pubmed.ncbi.nlm.nih.gov/35987307
Neural responding during uncertain threat anticipation in pediatric anxiety.,2023,https://www.doi.org/10.1016/j.ijpsycho.2022.07.006,https://pubmed.ncbi.nlm.nih.gov/35985508
"Pediatric Anxiety Disorders: Insights From Basic Neuroscience, Development, and Clinical Research.",2021,https://www.doi.org/10.1016/j.biopsych.2021.01.004,https://pubmed.ncbi.nlm.nih.gov/33706867
Personalized attention control therapy for PTSD: effectiveness and moderators of outcome in a randomized controlled trial.,2022,https://www.doi.org/10.1017/S0033291720004304,https://pubmed.ncbi.nlm.nih.gov/33231534
Inhibitory control and set shifting describe different pathways from behavioral inhibition to socially anxious behavior.,2021,https://www.doi.org/10.1111/desc.13040,https://pubmed.ncbi.nlm.nih.gov/33021017
Attention control therapy for acute stress disorder: A randomized controlled trial.,2020,https://www.doi.org/10.1002/da.23040,https://pubmed.ncbi.nlm.nih.gov/32442355
The Prostate is a Common Site of Disease in Patients with MEN2B and Medullary Thyroid Carcinoma.,2025,https://www.doi.org/10.1530/ERC-24-0243,https://pubmed.ncbi.nlm.nih.gov/41378514
"Digital rectal exam vs. electronic ""digitized"" prostate exam.",2025,https://www.doi.org/10.1186/s12894-025-01936-y,https://pubmed.ncbi.nlm.nih.gov/41272613
Focal Therapies for Localized Prostate Cancer.,2026,https://www.doi.org/10.1016/j.ucl.2025.09.010,https://pubmed.ncbi.nlm.nih.gov/41265994
Long-Term Follow-Up of Neoadjuvant Enzalutamide Plus Androgen Deprivation Therapy in Localized Prostate Cancer: A Secondary Analysis of a Neoadjuvant Feasibility Trial.,2025,https://www.doi.org/10.1002/pros.70093,https://pubmed.ncbi.nlm.nih.gov/41241930
Novel MRI-US fusion with advanced annotation in focal cryoablation for prostate cancer: medium-term outcomes and learning curve insights.,2026,https://www.doi.org/10.1111/bju.70014,https://pubmed.ncbi.nlm.nih.gov/41065554
Predicting ADC map quality from T2-weighted MRI: A deep learning approach for early quality assessment to assist point-of-care.,2025,https://www.doi.org/10.1016/j.ejrad.2025.112317,https://pubmed.ncbi.nlm.nih.gov/40690835
Evaluating Artificial Intelligence-Assisted Prostate Biparametric MRI Interpretation: An International Multireader Study.,2025,https://www.doi.org/10.2214/AJR.24.32399,https://pubmed.ncbi.nlm.nih.gov/40668633
Assessing the Impact of Transition and Peripheral Zone PSA Densities Over Whole-Gland PSA Density for Prostate Cancer Detection on Multiparametric MRI.,2025,https://www.doi.org/10.1002/pros.24863,https://pubmed.ncbi.nlm.nih.gov/39996409
PRECISE Version 2: Updated Recommendations for Reporting Prostate Magnetic Resonance Imaging in Patients on Active Surveillance for Prostate Cancer.,2024,https://www.doi.org/10.1016/j.eururo.2024.03.014,https://pubmed.ncbi.nlm.nih.gov/38556436
PI-RADS Version 2.0 Versus Version 2.1: Comparison of Prostate Cancer Gleason Grade Upgrade and Downgrade Rates From MRI-Targeted Biopsy to Radical Prostatectomy.,2024,https://www.doi.org/10.2214/AJR.23.29964,https://pubmed.ncbi.nlm.nih.gov/37729551
A Novel Magnetic Resonance Imaging/Ultrasound Fusion Prostate Biopsy Technique Using Transperineal Ultrasound: An Initial Experience.,2023,https://www.doi.org/10.1016/j.urology.2023.06.036,https://pubmed.ncbi.nlm.nih.gov/37572884
Re: Prostate Cancer Screening with PSA and MRI Followed by Targeted Biopsy Only.,2023,https://www.doi.org/10.1016/j.eururo.2023.02.022,https://pubmed.ncbi.nlm.nih.gov/36907691
The role of novel imaging in prostate cancer focal therapy: treatment and follow-up.,2022,https://www.doi.org/10.1097/MOU.0000000000000986,https://pubmed.ncbi.nlm.nih.gov/35275101
Reply by Authors.,2022,https://www.doi.org/10.1097/JU.0000000000002182.03,https://pubmed.ncbi.nlm.nih.gov/34633213
Emerging role for local therapy in oligometastatic prostate cancer.,2021,N/A,https://pubmed.ncbi.nlm.nih.gov/34236345
Risk of adverse pathology at prostatectomy in the era of MRI and targeted biopsies; rethinking active surveillance for intermediate risk prostate cancer patients.,2021,https://www.doi.org/10.1016/j.urolonc.2021.02.018,https://pubmed.ncbi.nlm.nih.gov/33736975
Reply by Authors.,2021,https://www.doi.org/10.1097/JU.0000000000001547.03,https://pubmed.ncbi.nlm.nih.gov/33705228
"'Case of the Month' from the National Cancer Institute, Bethesda, MD, USA: investigating genetic aberrations in a patient with high-risk prostate cancer.",2021,https://www.doi.org/10.1111/bju.15273,https://pubmed.ncbi.nlm.nih.gov/33547722
Association Between Multiparametric Magnetic Resonance Imaging of the Prostate and Oncological Outcomes after Primary Treatment for Prostate Cancer: A Systematic Review and Meta-analysis.,2021,https://www.doi.org/10.1016/j.euo.2020.11.008,https://pubmed.ncbi.nlm.nih.gov/33384275
Focal therapy for prostate cancer: recent advances and future directions.,2020,N/A,https://pubmed.ncbi.nlm.nih.gov/32558805
Use of multiparametric magnetic resonance imaging (mpMRI) in localized prostate cancer.,2020,https://www.doi.org/10.1080/17434440.2020.1755257,https://pubmed.ncbi.nlm.nih.gov/32275845
Optimum Imaging Strategies for Advanced Prostate Cancer: ASCO Guideline.,2020,https://www.doi.org/10.1200/JCO.19.02757,https://pubmed.ncbi.nlm.nih.gov/31940221
A case series of cerebrovascular abnormalities in Townes sickle cell mice visualized with magnetic resonance imaging and angiography.,2025,https://www.doi.org/10.1016/j.bcmd.2025.102955,https://pubmed.ncbi.nlm.nih.gov/40840084
Bone marrow transplant protects mice from sickle cell-mediated large artery remodeling.,2025,https://www.doi.org/10.1126/scitranslmed.adp7690,https://pubmed.ncbi.nlm.nih.gov/40009693
Longitudinal Characterization of Males With X-Linked Creatine Transporter Deficiency: Final Results of a Multiyear Observational Study.,2025,https://www.doi.org/10.1016/j.pediatrneurol.2025.10.023,https://pubmed.ncbi.nlm.nih.gov/41260060
Fold-switching proteins.,2021,https://www.doi.org/10.1002/bip.23478,https://pubmed.ncbi.nlm.nih.gov/34694634
Th9-arterial endothelial cell crosstalk promotes psoriatic atherosclerosis.,2025,https://www.doi.org/10.1016/j.ard.2025.11.008,https://pubmed.ncbi.nlm.nih.gov/41390303
Adherence to the combined Mediterranean-dietary approaches to stop hypertension diet is shaped by neighborhood socio-economics and food environments.,2025,https://www.doi.org/10.1016/j.healthplace.2025.103575,https://pubmed.ncbi.nlm.nih.gov/41325726
Maternal Obesity and Adverse Pregnancy Outcomes as Mediators of Cardiovascular Disease Risk in Midlife.,2025,https://www.doi.org/10.1016/j.jacc.2025.03.495,https://pubmed.ncbi.nlm.nih.gov/40240092
Integrating social determinants of health into global approaches to early-onset type 2 diabetes.,2025,https://www.doi.org/10.1016/j.jdiacomp.2025.108982,https://pubmed.ncbi.nlm.nih.gov/40058171
SELECTing Treatments for Cardiovascular Disease - Obesity in the Spotlight.,2023,https://www.doi.org/10.1056/NEJMe2312646,https://pubmed.ncbi.nlm.nih.gov/37952130
Comparison of the dietary omega-3 fatty acids impact on murine psoriasis-like skin inflammation and associated lipid dysfunction.,2023,https://www.doi.org/10.1016/j.jnutbio.2023.109348,https://pubmed.ncbi.nlm.nih.gov/37044136
Relationships between neighborhood disadvantage and cardiovascular findings at autopsy in subjects with sudden death.,2023,https://www.doi.org/10.1016/j.ahj.2022.10.086,https://pubmed.ncbi.nlm.nih.gov/36372247
"Changes in serum hepatitis B surface and e antigen, interferon-inducible protein 10, and aminotransferase levels during combination therapy of immune-tolerant chronic hepatitis B.",2022,https://www.doi.org/10.1002/hep.32400,https://pubmed.ncbi.nlm.nih.gov/35188674
When the Smoke Clears m,2020,https://www.doi.org/10.1158/0008-5472.CAN-20-0961,https://pubmed.ncbi.nlm.nih.gov/32616506
"Reply to Alexander Yang, Vincent L. Cannataro, Jeffrey P. Townsend's Letter to the Editor, re: Ming-Jun Shi, Xiang-Yu Meng, Philippe Lamy, et al. APOBEC-mediated Mutagenesis as, a Likely Cause of FGFR3 S249C Mutation Over-representation in Bladder Cancer. Eur Urol 2019, 76:9-13.",2020,https://www.doi.org/10.1016/j.eururo.2019.08.012,https://pubmed.ncbi.nlm.nih.gov/31493961
The Bioinformatics of Aptamers: HT-SELEX Analysis with AptaSUITE.,2023,https://www.doi.org/10.1007/978-1-0716-2695-5_6,https://pubmed.ncbi.nlm.nih.gov/36156775
The language of a virus.,2021,https://www.doi.org/10.1126/science.abf6894,https://pubmed.ncbi.nlm.nih.gov/33446542
Correction: Total HIP arthroplasty following pelvic irradiation: a systematic review focusing on the last two decades.,2025,https://www.doi.org/10.1007/s00590-025-04560-6,https://pubmed.ncbi.nlm.nih.gov/41085702
GW250114: Testing Hawking's Area Law and the Kerr Nature of Black Holes.,2025,https://www.doi.org/10.1103/kw5g-d732,https://pubmed.ncbi.nlm.nih.gov/41004747
Assessing Health-Related Values: Imperative for Person-Centered Care.,2025,https://www.doi.org/10.1097/AJN.0000000000000164,https://pubmed.ncbi.nlm.nih.gov/40993879
"Hypercontractile phenotype in hypertrophic cardiomyopathy indicates unfavorable hemodynamics, coronary flow and prognosis.",2025,https://www.doi.org/10.1093/ehjci/jeaf238,https://pubmed.ncbi.nlm.nih.gov/40878541
Corrigendum to 'Immune correlates analysis of the Imbokodo (HVTN 705/HPX2008) efficacy trial of a mosaic HIV-1 vaccine regimen evaluated in Southern African people assigned female sex at birth: a two-phase case-control study'. EBioMedicine 2024;108: 105320.,2025,https://www.doi.org/10.1016/j.ebiom.2025.105874,https://pubmed.ncbi.nlm.nih.gov/40850015
Household air pollution and blood pressure among adult women participants of the Household Air Pollution Intervention Network Trial: An exposure-response analysis.,2025,https://www.doi.org/10.1016/j.envres.2025.122570,https://pubmed.ncbi.nlm.nih.gov/40812702
Adult Congenital Heart Disease patients understanding of their condition in Central and South-Eastern Europe: Current status and opportunity for addressing shortfalls and for better care.,2025,https://www.doi.org/10.1093/eurjpc/zwaf207,https://pubmed.ncbi.nlm.nih.gov/40238958
"Reply to comments on: ""International Anal Neoplasia Society's consensus guidelines for anal cancer screening"".",2025,https://www.doi.org/10.1002/ijc.35394,https://pubmed.ncbi.nlm.nih.gov/40072261
"Laparoscopic repair of uterine rupture after delivery: A comprehensive evaluation of the uterine rupture management, with a proposal surgical method.",2025,https://www.doi.org/10.1002/ijgo.70066,https://pubmed.ncbi.nlm.nih.gov/40071466
Self-assembling nanoparticles for delivery of miR-603 and miR-221 in glioblastoma as a new strategy to overcome resistance to temozolomide.,2025,https://www.doi.org/10.1016/j.jconrel.2024.11.039,https://pubmed.ncbi.nlm.nih.gov/39577464
Radiotherapy and theranostics: a Lancet Oncology Commission.,2024,https://www.doi.org/10.1016/S1470-2045(24)00407-8,https://pubmed.ncbi.nlm.nih.gov/39362232
"Effect of timing of casirivimab and imdevimab administration relative to mRNA-1273 COVID-19 vaccination on vaccine-induced SARS-CoV-2 neutralising antibody responses: a prospective, open-label, phase 2, randomised controlled trial.",2025,https://www.doi.org/10.1016/S1473-3099(24)00421-3,https://pubmed.ncbi.nlm.nih.gov/39236733
"Mastering nonobstetric surgery in pregnancy: Insights, guidelines evaluation, and point-by-point discussion.",2025,https://www.doi.org/10.1002/ijgo.15877,https://pubmed.ncbi.nlm.nih.gov/39224999
Recruitment-to-inflation ratio to assess response to PEEP during laparoscopic surgery: A physiologic study.,2024,https://www.doi.org/10.1016/j.jclinane.2024.111569,https://pubmed.ncbi.nlm.nih.gov/39106592
Association of the muscle mass phenotype as assessed by a grading system with the quality of life of patients with incurable cancer in palliative care.,2024,https://www.doi.org/10.1016/j.clnesp.2024.05.022,https://pubmed.ncbi.nlm.nih.gov/38901944
The Lancet Breast Cancer Commission.,2024,https://www.doi.org/10.1016/S0140-6736(24)00747-5,https://pubmed.ncbi.nlm.nih.gov/38636533
AurkA/TPX2 co-overexpression in nontransformed cells promotes genome instability through induction of chromosome mis-segregation and attenuation of the p53 signalling pathway.,2024,https://www.doi.org/10.1016/j.bbadis.2024.167116,https://pubmed.ncbi.nlm.nih.gov/38447882
Practical approach for atrial cardiomyopathy characterization in patients with atrial fibrillation.,2024,https://www.doi.org/10.1016/j.rec.2024.02.009,https://pubmed.ncbi.nlm.nih.gov/38428580
International Anal Neoplasia Society's consensus guidelines for anal cancer screening.,2024,https://www.doi.org/10.1002/ijc.34850,https://pubmed.ncbi.nlm.nih.gov/38297406
Quitline nurses' experiences in providing telephone-based smoking cessation help to mental health patients: A mixed methods study.,2024,https://www.doi.org/10.1111/jpm.13012,https://pubmed.ncbi.nlm.nih.gov/38288784
"Effects of a liquefied petroleum gas stove intervention on stillbirth, congenital anomalies and neonatal mortality: A multi-country household air pollution intervention network trial.",2024,https://www.doi.org/10.1016/j.envpol.2024.123414,https://pubmed.ncbi.nlm.nih.gov/38286258
A pragmatic approach improves the clinical management of stage IV gastric cancer: Comparison between the Meta-Gastro results and the GIRCG's retrospective series.,2024,https://www.doi.org/10.1016/j.ejso.2023.107275,https://pubmed.ncbi.nlm.nih.gov/37995604
"Molecular Profile of Subungual Melanoma: A MelaNostrum Consortium Study of 68 Cases Reporting BRAF, NRAS, KIT, and TERT Promoter Status.",2024,https://www.doi.org/10.1159/000534955,https://pubmed.ncbi.nlm.nih.gov/37918362
A state-of-the-science review of analytical methods for urinary dialkylphosphate metabolites in the assessment of exposure to organophosphate pesticides: From 2000 to 2022.,2024,https://www.doi.org/10.1002/bmc.5746,https://pubmed.ncbi.nlm.nih.gov/37723598
Frequency-Dependent Squeezed Vacuum Source for the Advanced Virgo Gravitational-Wave Detector.,2023,https://www.doi.org/10.1103/PhysRevLett.131.041403,https://pubmed.ncbi.nlm.nih.gov/37566847
Quality of death educational programme in a national reference palliative care unit.,2024,https://www.doi.org/10.1136/spcare-2023-004478,https://pubmed.ncbi.nlm.nih.gov/37468223
Surface electromyographic wheel speed skate protocol and its potential in athletes' performance analysis and injury prevention.,2023,https://www.doi.org/10.23736/S0022-4707.23.15045-6,https://pubmed.ncbi.nlm.nih.gov/37382412
Clinical usefulness of the Patient-Generated Subjective Global Assessment and modified Glasgow Prognostic Score in decision making concerning the indication of enteral nutritional therapy in patients with incurable cancer receiving palliative care.,2023,https://www.doi.org/10.1016/j.nut.2023.112057,https://pubmed.ncbi.nlm.nih.gov/37224572
,2023,https://www.doi.org/10.2174/1568009623666230418101511,https://pubmed.ncbi.nlm.nih.gov/37076963
Proposal of a nutrition screening algorithm for patients with incurable cancer receiving palliative care: Data from a prospective cohort.,2024,https://www.doi.org/10.1002/ncp.10953,https://pubmed.ncbi.nlm.nih.gov/36809536
Visualizing Field Data Collection Procedures of Exposure and Biomarker Assessments for the Household Air Pollution Intervention Network Trial in India.,2022,https://www.doi.org/10.3791/64144,https://pubmed.ncbi.nlm.nih.gov/36622010
Effectiveness of robot-assisted arm therapy in stroke rehabilitation: An overview of systematic reviews.,2022,https://www.doi.org/10.3233/NRE-220027,https://pubmed.ncbi.nlm.nih.gov/36530097
Syndrome of Inappropriate Antidiuresis and Diabetes Insipidus as Two Sides of the Same Coin in Hypothalamic Lymphoma: A Case Report.,2023,https://www.doi.org/10.2174/1871530323666221124125253,https://pubmed.ncbi.nlm.nih.gov/36424791
Temporal trends and factors associated with the cancer diagnosed at stage IV in patients included in the integrated hospital-based cancer registry system in Brazil in two decades.,2022,https://www.doi.org/10.1016/j.canep.2022.102242,https://pubmed.ncbi.nlm.nih.gov/36087358
Search for Subsolar-Mass Binaries in the First Half of Advanced LIGO's and Advanced Virgo's Third Observing Run.,2022,https://www.doi.org/10.1103/PhysRevLett.129.061104,https://pubmed.ncbi.nlm.nih.gov/36018635
Active breaks: a strategy to counteract sedentary behaviors for Health Promoting Schools. A discussion on their implementation in Italy.,2023,https://www.doi.org/10.7416/ai.2022.2532,https://pubmed.ncbi.nlm.nih.gov/35788249
Recurrent Ischemic Stroke and Bleeding in Patients With Atrial Fibrillation Who Suffered an Acute Stroke While on Treatment With Nonvitamin K Antagonist Oral Anticoagulants: The RENO-EXTEND Study.,2022,https://www.doi.org/10.1161/STROKEAHA.121.038239,https://pubmed.ncbi.nlm.nih.gov/35543133
Pallidal and Cortical Oscillations in Freely Moving Patients With Dystonia.,2023,https://www.doi.org/10.1111/ner.13503,https://pubmed.ncbi.nlm.nih.gov/34328685
Constraints on Cosmic Strings Using Data from the Third Advanced LIGO-Virgo Observing Run.,2021,https://www.doi.org/10.1103/PhysRevLett.126.241102,https://pubmed.ncbi.nlm.nih.gov/34213926
Clinical Relevance and Prognostic Value of Inflammatory Biomarkers: A prospective Study in Terminal Cancer Patients Receiving Palliative Care.,2021,https://www.doi.org/10.1016/j.jpainsymman.2021.04.009,https://pubmed.ncbi.nlm.nih.gov/33895281
Anatomical targets and expected outcomes of catheter-based ablation of atrial fibrillation in 2020.,2021,https://www.doi.org/10.1111/pace.14140,https://pubmed.ncbi.nlm.nih.gov/33283883
Quantum Backaction on kg-Scale Mirrors: Observation of Radiation Pressure Noise in the Advanced Virgo Detector.,2020,https://www.doi.org/10.1103/PhysRevLett.125.131101,https://pubmed.ncbi.nlm.nih.gov/33034506
Hybrid lipid self-assembling nanoparticles for brain delivery of microRNA.,2020,https://www.doi.org/10.1016/j.ijpharm.2020.119693,https://pubmed.ncbi.nlm.nih.gov/32755686
"Gene and immunohistochemical expression of HIF-1α, GLUT-1, FASN, and adipophilin in carcinoma ex pleomorphic adenoma development.",2020,https://www.doi.org/10.1111/odi.13332,https://pubmed.ncbi.nlm.nih.gov/32180291
Advanced Stage of Disease and Systemic Inflammation as Factors Associated With Referral of Patients With Colorectal Cancer to a Palliative Care Unit.,2020,https://www.doi.org/10.1177/1049909120902789,https://pubmed.ncbi.nlm.nih.gov/32031005
Self-Assembly and Neurotoxicity of β-Amyloid (21-40) Peptide Fragment: The Regulatory Role of GxxxG Motifs.,2020,https://www.doi.org/10.1002/cmdc.201900620,https://pubmed.ncbi.nlm.nih.gov/31762186
An overview on the relationship between endometriosis and infertility: the impact on sexuality and psychological well-being.,2020,https://www.doi.org/10.1080/0167482X.2019.1659775,https://pubmed.ncbi.nlm.nih.gov/31466493
"Serum per- and polyfluoroalkyl substances in relation to circulating thyroxine levels and thyroid cancer risk: results from the Prostate, Lung, Colorectal and Ovarian Cancer Screening Trial cohort.",2025,https://www.doi.org/10.1016/j.envint.2025.109991,https://pubmed.ncbi.nlm.nih.gov/41391234
Pre-diagnostic immunological markers of bacterial translocation and liver cancer risk: A nested case-control analysis of 12 prospective cohorts.,2025,https://www.doi.org/10.1002/ijc.70201,https://pubmed.ncbi.nlm.nih.gov/41129365
Pre-diagnostic serum concentrations of free light chains and risk of non-Hodgkin lymphoma in a population-based prospective study.,2025,https://www.doi.org/10.1080/10428194.2025.2524505,https://pubmed.ncbi.nlm.nih.gov/40671387
Circulating per- and polyfluoroalkyl substances and liver cancer risk: a nested case-control analysis of individual participant data from 12 prospective cohorts.,2025,https://www.doi.org/10.1289/EHP16980,https://pubmed.ncbi.nlm.nih.gov/40397817
How well does a single blood sample represent long-term exposure for epidemiological studies of PFOA among men in the general population?,2024,https://www.doi.org/10.1016/j.envint.2024.109056,https://pubmed.ncbi.nlm.nih.gov/39388846
Occupational exposure to benzene and risk of non-Hodgkin lymphoma in an extended follow-up of two population-based prospective cohorts of Chinese men and women.,2024,https://www.doi.org/10.1002/ijc.35095,https://pubmed.ncbi.nlm.nih.gov/39221990
Correction: Distinct germline genetic susceptibility profiles identified for common non-Hodgkin lymphoma subtypes.,2023,https://www.doi.org/10.1038/s41375-023-01978-x,https://pubmed.ncbi.nlm.nih.gov/37666943
Metabolic stimulation improves bioenergetics and haematologic indices of circulating erythrocytes from sickle cell mice.,2025,https://www.doi.org/10.1113/JP287673,https://pubmed.ncbi.nlm.nih.gov/39775917
Anesthetic Management of Children and Adolescents With Giant Axonal Neuropathy: A Large Case Series.,2021,https://www.doi.org/10.1213/XAA.0000000000001539,https://pubmed.ncbi.nlm.nih.gov/34695041
"Brief Report: Trends in Hospital Readmissions Among Adults With and Without HIV in the United States, 2010-2020.",2025,https://www.doi.org/10.1097/QAI.0000000000003577,https://pubmed.ncbi.nlm.nih.gov/39970313
HIV and Viremia Prevalence in Nonmigrating Members of Migrant Households in Southern Uganda: A Cross-Sectional Population-Based Study.,2025,https://www.doi.org/10.1097/QAI.0000000000003553,https://pubmed.ncbi.nlm.nih.gov/39477824
Neurocognitive Effects of Antiretroviral Initiation Among People Living With HIV in Rural Uganda.,2020,https://www.doi.org/10.1097/QAI.0000000000002385,https://pubmed.ncbi.nlm.nih.gov/32692113
"Enhanced prediction of breast cancer patient response to chemotherapy by integrating deconvolved expression patterns of immune, stromal and tumor cells.",2025,https://www.doi.org/10.1016/j.canlet.2025.218101,https://pubmed.ncbi.nlm.nih.gov/41176212
Oncologists Must Consider Participant Data When Using Large-Scale Cancer Data Sets.,2024,https://www.doi.org/10.1200/CCI.23.00245,https://pubmed.ncbi.nlm.nih.gov/38959448
Dataset for reporting of thymic epithelial tumours: recommendations from the International Collaboration on Cancer Reporting (ICCR).,2023,https://www.doi.org/10.1111/his.15047,https://pubmed.ncbi.nlm.nih.gov/37722860
"The 2021 WHO Classification of Tumors of the Thymus and Mediastinum: What Is New in Thymic Epithelial, Germ Cell, and Mesenchymal Tumors?",2022,https://www.doi.org/10.1016/j.jtho.2021.10.010,https://pubmed.ncbi.nlm.nih.gov/34695605
Immunotherapy for Thymic Cancers: A Convoluted Path Toward a Cherished Goal.,2021,https://www.doi.org/10.1016/j.jtho.2020.12.007,https://pubmed.ncbi.nlm.nih.gov/33641717
To Sporulate or Not to Sporulate: Developmental Checkpoints Monitoring ,2025,https://www.doi.org/10.1146/annurev-micro-041522-103140,https://pubmed.ncbi.nlm.nih.gov/40499191
Cytoskeletal proteins: lessons learned from bacteria.,2022,https://www.doi.org/10.1088/1478-3975/ac4ef0,https://pubmed.ncbi.nlm.nih.gov/35081523
"Safety and efficacy of immune checkpoint inhibitors in persons living with HIV at a single, tertiary care cancer center in the US.",2025,https://www.doi.org/10.1097/QAD.0000000000004380,https://pubmed.ncbi.nlm.nih.gov/41143744
"Corrigendum to 'Real-World Multicenter Study of PD-1 Blockade in HIV-Associated Classical Hodgkin Lymphoma Across the United States' [Clinical Lymphoma, Myeloma, and Leukemia Volume 24, Issue 8, August 2024, Pages 523-530].",2024,https://www.doi.org/10.1016/j.clml.2024.10.011,https://pubmed.ncbi.nlm.nih.gov/39603773
Reflecting the Real World of Cancer Care - The Impact of Broadening Trial Eligibility.,2024,https://www.doi.org/10.1056/EVIDe2400011,https://pubmed.ncbi.nlm.nih.gov/38772003
Hematopoietic stem cell transplantation and the noncytomegalovirus herpesviruses.,2023,https://www.doi.org/10.1111/tid.14201,https://pubmed.ncbi.nlm.nih.gov/38041493
'A novel approach for characterisation of KSHV-associated multicentric Castleman disease from effusions': Response.,2023,https://www.doi.org/10.1111/bjh.18699,https://pubmed.ncbi.nlm.nih.gov/36794595
Scoping review of the effects of antihistamines on physiological responses to alcohol among individuals with natural and induced alcohol flushing reactions.,2025,https://www.doi.org/10.1111/acer.70156,https://pubmed.ncbi.nlm.nih.gov/40976927
Dimensions of trait and task-based impulsivity associated with alcohol use disorder and history of suicidality.,2025,https://www.doi.org/10.1016/j.jpsychires.2025.07.019,https://pubmed.ncbi.nlm.nih.gov/40811890
Withdrawal interference scale: a novel measure of withdrawal-related life disruption in opioid use disorder and alcohol use disorder.,2025,https://www.doi.org/10.1080/00952990.2024.2350057,https://pubmed.ncbi.nlm.nih.gov/38853684
Opioid receptor antagonism and neural response to monetary rewards: Pilot studies in light and heavy alcohol users.,2023,https://www.doi.org/10.1177/02698811231191707,https://pubmed.ncbi.nlm.nih.gov/37530456
Free-access intravenous alcohol self-administration in social drinkers and individuals with alcohol use disorder: Evaluation of relationships with phosphatidylethanol and self-reported alcohol consumption.,2023,https://www.doi.org/10.1111/acer.15132,https://pubmed.ncbi.nlm.nih.gov/37331818
"Drinking and laboratory biomarkers, and nutritional status characterize the clinical presentation of early-stage alcohol-associated liver disease.",2023,https://www.doi.org/10.1016/bs.acc.2023.02.001,https://pubmed.ncbi.nlm.nih.gov/37268335
Alcohol and aging.,2023,https://www.doi.org/10.1016/j.alcohol.2022.08.007,https://pubmed.ncbi.nlm.nih.gov/36202273
The Motivation for Alcohol Reward: Predictors of Progressive-Ratio Intravenous Alcohol Self-Administration in Humans.,2022,https://www.doi.org/10.3791/63576,https://pubmed.ncbi.nlm.nih.gov/35575525
Influence of alcohol and acetaldehyde on cognitive function: findings from an alcohol clamp study in healthy young adults.,2022,https://www.doi.org/10.1111/add.15733,https://pubmed.ncbi.nlm.nih.gov/34735038
History of suicidality and alcohol craving trajectories during inpatient treatment for alcohol use disorder.,2020,https://www.doi.org/10.1016/j.drugalcdep.2020.107918,https://pubmed.ncbi.nlm.nih.gov/32092637
Associations Between Fatty Acid Levels in Human Blood and Trigeminovascular Tissues.,2025,https://www.doi.org/10.1002/lipd.70010,https://pubmed.ncbi.nlm.nih.gov/40976782
"Qualitative and quantitative lipidomic profiling of cardiolipin, oxidized cardiolipin, and monolysocardiolipin from human skeletal muscle by UPLC-Orbitrap-MS",2025,https://www.doi.org/10.1016/j.aca.2025.343825,https://pubmed.ncbi.nlm.nih.gov/40155162
ERK phosphorylation is dependent on cell adhesion in a subset of pediatric sarcoma cell lines.,2022,https://www.doi.org/10.1016/j.bbamcr.2022.119264,https://pubmed.ncbi.nlm.nih.gov/35381293
Control of cell signaling by Arf GTPases and their regulators: Focus on links to cancer and other GTPase families.,2022,https://www.doi.org/10.1016/j.bbamcr.2021.119171,https://pubmed.ncbi.nlm.nih.gov/34774605
Sex chromosome aneuploidy impacts on human gene expression and regulation: a systematic review.,2025,https://www.doi.org/10.1186/s10020-025-01404-1,https://pubmed.ncbi.nlm.nih.gov/41469535
Characterizing the Pleiotropic Architecture of Impulsivity and Its Links to Psychopathology and Neurodevelopment.,2026,https://www.doi.org/10.1176/appi.ajp.20240382,https://pubmed.ncbi.nlm.nih.gov/41152253
Clinical Genetic Testing in Schizophrenia: A Systematic Review and Meta-Analysis.,2025,https://www.doi.org/10.1016/j.biopsych.2025.09.010,https://pubmed.ncbi.nlm.nih.gov/41038604
"Generating Advancements in Longitudinal Analysis in X and Y Variations: Rationale, Methods, and Diagnostic Characteristics for the GALAXY Registry.",2026,https://www.doi.org/10.1002/ajmg.a.64214,https://pubmed.ncbi.nlm.nih.gov/40799057
"Influences of sex chromosome aneuploidy on height, weight, and body mass index in human childhood and adolescence.",2024,https://www.doi.org/10.1002/ajmg.a.63398,https://pubmed.ncbi.nlm.nih.gov/37768018
Subcortical Anatomy in Neurogenetic Disorders: New Findings and Future Questions.,2023,https://www.doi.org/10.1176/appi.ajp.20230555,https://pubmed.ncbi.nlm.nih.gov/37654115
"A cross-sectional and longitudinal study of human brain development: The integration of cortical thickness, surface area, gyrification index, and cortical curvature into a unified analytical framework.",2023,https://www.doi.org/10.1016/j.neuroimage.2023.119885,https://pubmed.ncbi.nlm.nih.gov/36657692
Convergence and Divergence of Rare Genetic Disorders on Brain Phenotypes: A Review.,2022,https://www.doi.org/10.1001/jamapsychiatry.2022.1450,https://pubmed.ncbi.nlm.nih.gov/35767289
Characterization of mice bearing humanized androgen receptor genes (h/mAr) varying in polymorphism length.,2021,https://www.doi.org/10.1016/j.neuroimage.2020.117594,https://pubmed.ncbi.nlm.nih.gov/33248253
T cells in a drop: Rapid T-cell monitoring in chronic hepatitis B.,2025,https://www.doi.org/10.1016/j.jhep.2025.08.008,https://pubmed.ncbi.nlm.nih.gov/40850471
Amyloidosis of bridging veins is a pathologic feature of Alzheimer's disease.,2026,https://www.doi.org/10.1084/jem.20251860,https://pubmed.ncbi.nlm.nih.gov/41329157
2024 MAGNIMS-CMSC-NAIMS consensus recommendations on the use of MRI for the diagnosis of multiple sclerosis.,2025,https://www.doi.org/10.1016/S1474-4422(25)00304-7,https://pubmed.ncbi.nlm.nih.gov/40975102
The written symbol digit modalities test in multiple sclerosis is sensitive to cognitive and motor disability.,2025,https://www.doi.org/10.1016/j.msard.2025.106501,https://pubmed.ncbi.nlm.nih.gov/40424731
Multisequence 3-T Image Synthesis from 64-mT Low-Field-Strength MRI Using Generative Adversarial Networks in Multiple Sclerosis.,2025,https://www.doi.org/10.1148/radiol.233529,https://pubmed.ncbi.nlm.nih.gov/40261176
Tolebrutinib in Nonrelapsing Secondary Progressive Multiple Sclerosis.,2025,https://www.doi.org/10.1056/NEJMoa2415988,https://pubmed.ncbi.nlm.nih.gov/40202696
4D marmoset brain map reveals MRI and molecular signatures for onset of multiple sclerosis-like lesions.,2025,https://www.doi.org/10.1126/science.adp6325,https://pubmed.ncbi.nlm.nih.gov/40014701
Reliability of Central Vein Sign Imaging With 3T FLAIR* in a Multicenter Study.,2025,https://www.doi.org/10.1111/jon.70011,https://pubmed.ncbi.nlm.nih.gov/39838609
The reality of multiple sclerosis assessment in middle-income countries - Authors' reply.,2022,https://www.doi.org/10.1016/S1474-4422(22)00041-2,https://pubmed.ncbi.nlm.nih.gov/35182502
Multiple sclerosis in 2021: progress against progression.,2022,https://www.doi.org/10.1016/S1474-4422(21)00417-8,https://pubmed.ncbi.nlm.nih.gov/34942123
Routine Gadolinium Use for MRI Follow-Up of Multiple Sclerosis: Point-The Role of Leptomeningeal Enhancement.,2022,https://www.doi.org/10.2214/AJR.21.26999,https://pubmed.ncbi.nlm.nih.gov/34786959
2021 MAGNIMS-CMSC-NAIMS consensus recommendations on the use of MRI in patients with multiple sclerosis.,2021,https://www.doi.org/10.1016/S1474-4422(21)00095-8,https://pubmed.ncbi.nlm.nih.gov/34139157
7 Tesla MRI will soon be helpful to guide clinical practice in multiple sclerosis centers - Commentary.,2021,https://www.doi.org/10.1177/1352458520981738,https://pubmed.ncbi.nlm.nih.gov/33404368
Imaging Mechanisms of Disease Progression in Multiple Sclerosis: Beyond Brain Atrophy.,2020,https://www.doi.org/10.1111/jon.12700,https://pubmed.ncbi.nlm.nih.gov/32418324
Problems and Pitfalls of Identifying Remyelination in Multiple Sclerosis.,2020,https://www.doi.org/10.1016/j.stem.2020.03.017,https://pubmed.ncbi.nlm.nih.gov/32386552
Expanded Tox21 biological assay panel for the prediction of drug-induced liver injury and cardiotoxicity.,2025,https://www.doi.org/10.1289/EHP16190,https://pubmed.ncbi.nlm.nih.gov/40478799
A neutralizing APOA5 monoclonal antibody reduces amounts of lipoprotein lipase in capillaries and triggers hypertriglyceridemia.,2026,https://www.doi.org/10.1073/pnas.2528664123,https://pubmed.ncbi.nlm.nih.gov/41481469
"Lipoprotein(a) and the Vascular Redox Interface: Linking Arteriosclerosis, Thrombosis, and Vascular Biology.",2026,https://www.doi.org/10.1161/ATVBAHA.125.323880,https://pubmed.ncbi.nlm.nih.gov/41263079
Frailty Exacerbates Disability in Progressive Multiple Sclerosis.,2025,https://www.doi.org/10.1002/acn3.70243,https://pubmed.ncbi.nlm.nih.gov/41235722
High-Density Lipoprotein-Specific Phospholipid Efflux Assay.,2025,https://www.doi.org/10.3791/68947,https://pubmed.ncbi.nlm.nih.gov/41115105
Modern Low-Density Lipoprotein Cholesterol Formulas Outperform Direct Methods in Patients with Hypertriglyceridemia and Low Levels of Low-Density Lipoprotein Cholesterol.,2025,https://www.doi.org/10.1093/clinchem/hvaf099,https://pubmed.ncbi.nlm.nih.gov/40899684
Lipid Ratio Plot: A Simple Graphical Approach for Investigating the Accuracy of LDL Cholesterol Equations or Direct Assays.,2025,https://www.doi.org/10.1093/jalm/jfaf093,https://pubmed.ncbi.nlm.nih.gov/40696992
A Modified Sampson-NIH Equation with Improved Accuracy for Estimating Low Levels of Low-Density Lipoprotein-Cholesterol.,2025,https://www.doi.org/10.1093/clinchem/hvaf073,https://pubmed.ncbi.nlm.nih.gov/40629956
"Lipoprotein X - Pathophysiology, diagnosis, and management.",2025,https://www.doi.org/10.1016/j.jacl.2025.05.015,https://pubmed.ncbi.nlm.nih.gov/40555623
Commentary on Variants of Unknown Significance in Hyperlipidemia: A Diagnostic Quandary.,2025,https://www.doi.org/10.1093/jalm/jfaf055,https://pubmed.ncbi.nlm.nih.gov/40259527
Dyslipidemias in multiple sclerosis.,2024,https://www.doi.org/10.1016/j.msard.2024.105841,https://pubmed.ncbi.nlm.nih.gov/39260223
ADLM Guidance Document on the Measurement and Reporting of Lipids and Lipoproteins.,2024,https://www.doi.org/10.1093/jalm/jfae057,https://pubmed.ncbi.nlm.nih.gov/39225455
,2024,N/A,https://pubmed.ncbi.nlm.nih.gov/39048165
ApoB Is Ready for Prime Time.,2024,https://www.doi.org/10.1016/j.jacc.2024.04.008,https://pubmed.ncbi.nlm.nih.gov/38839201
The triglyceride-glucose index is superior to homeostasis model assessment of insulin resistance in predicting metabolic syndrome in an adult population in the United States.,2024,https://www.doi.org/10.1016/j.jacl.2024.04.130,https://pubmed.ncbi.nlm.nih.gov/38834412
Commentary on Glycerol Kinase Deficiency with Increased Triglycerides and Weight Gain: Pseudo or Real?,2024,https://www.doi.org/10.1093/clinchem/hvae033,https://pubmed.ncbi.nlm.nih.gov/38692655
The Sampson-NIH Equation Is the Preferred Calculation Method for LDL-C.,2024,https://www.doi.org/10.1093/clinchem/hvad190,https://pubmed.ncbi.nlm.nih.gov/38006320
Reducing Lipid Panel Error Allowances to Improve the Accuracy of Cardiovascular Risk Stratification.,2023,https://www.doi.org/10.1093/clinchem/hvad109,https://pubmed.ncbi.nlm.nih.gov/37624942
Association of Lipoprotein Subfractions With Presence and Severity of Coronary Artery Disease in Patients Referred for Coronary Angiography.,2023,https://www.doi.org/10.1016/j.amjcard.2023.06.107,https://pubmed.ncbi.nlm.nih.gov/37499601
Comparison of the dietary omega-3 fatty acids impact on murine psoriasis-like skin inflammation and associated lipid dysfunction.,2023,https://www.doi.org/10.1016/j.jnutbio.2023.109348,https://pubmed.ncbi.nlm.nih.gov/37044136
The Present and Future of Lipid Testing in Cardiovascular Risk Assessment.,2023,https://www.doi.org/10.1093/clinchem/hvad012,https://pubmed.ncbi.nlm.nih.gov/37000150
Systematic evaluation of the effect of different apolipoprotein A-I mimetic peptides on the performance of synthetic high-density lipoproteins in vitro and in vivo.,2023,https://www.doi.org/10.1016/j.nano.2022.102646,https://pubmed.ncbi.nlm.nih.gov/36549559
Longitudinal multi-omics analyses of the gut-liver axis reveals metabolic dysregulation in hepatitis C infection and cirrhosis.,2023,https://www.doi.org/10.1038/s41564-022-01273-y,https://pubmed.ncbi.nlm.nih.gov/36522461
The triglyceride-waist circumference index is a valid biomarker of metabolic syndrome in African Americans.,2023,https://www.doi.org/10.1016/j.amjms.2022.11.003,https://pubmed.ncbi.nlm.nih.gov/36435217
A Translational Tool to Facilitate Use of Apolipoprotein B for Clinical Decision-Making.,2023,https://www.doi.org/10.1093/clinchem/hvac161,https://pubmed.ncbi.nlm.nih.gov/36366949
The ApoA-I mimetic peptide 5A enhances remyelination by promoting clearance and degradation of myelin debris.,2022,https://www.doi.org/10.1016/j.celrep.2022.111591,https://pubmed.ncbi.nlm.nih.gov/36351388
"CRP and High-Sensitivity CRP: ""What's in a Name?"".",2022,https://www.doi.org/10.1093/jalm/jfac076,https://pubmed.ncbi.nlm.nih.gov/36136105
Estimated Atherosclerotic Cardiovascular Disease Risk Score: An Automated Decision Aid for Statin Therapy.,2022,https://www.doi.org/10.1093/clinchem/hvac120,https://pubmed.ncbi.nlm.nih.gov/35900196
A comparison of the ratios of C-reactive protein and triglycerides to high-density lipoprotein-cholesterol as biomarkers of metabolic syndrome in African Americans and non-Hispanic Whites.,2022,https://www.doi.org/10.1016/j.jdiacomp.2022.108231,https://pubmed.ncbi.nlm.nih.gov/35718599
Concerns regarding NMR lipoprotein analyses performed on the Nightingale heath platform - Focus on LDL subclasses.,2022,https://www.doi.org/10.1016/j.jacl.2022.02.007,https://pubmed.ncbi.nlm.nih.gov/35292206
A novel loop-mediated isothermal amplification-based genotyping method and its application for identifying proprotein convertase subtilisin/kexin type 9 variants in familial hypercholesterolemia.,2022,https://www.doi.org/10.1016/j.bbagen.2021.130063,https://pubmed.ncbi.nlm.nih.gov/34848321
High-density lipoproteins: A promising tool against cancer.,2022,https://www.doi.org/10.1016/j.bbalip.2021.159068,https://pubmed.ncbi.nlm.nih.gov/34653581
Validation by HPLC analyses of new equations for estimating cholesterol in plasma lipoprotein subfractions.,2021,https://www.doi.org/10.1016/j.bbalip.2021.158986,https://pubmed.ncbi.nlm.nih.gov/34102316
Accuracy of New Equation to Calculate Low-Density Lipoprotein Cholesterol-Reply.,2021,https://www.doi.org/10.1001/jamacardio.2020.4445,https://pubmed.ncbi.nlm.nih.gov/32997101
Apolipoprotein C-II: the re-emergence of a forgotten factor.,2020,https://www.doi.org/10.1097/MOL.0000000000000680,https://pubmed.ncbi.nlm.nih.gov/32332429
"Methodological issues regarding: ""A third of nonfasting plasma cholesterol is in remnant lipoproteins: Lipoprotein subclass profiling in 9293 individuals"".",2020,https://www.doi.org/10.1016/j.atherosclerosis.2020.01.020,https://pubmed.ncbi.nlm.nih.gov/32029245
Quantifying atherogenic lipoproteins for lipid-lowering strategies: Consensus-based recommendations from EAS and EFLM.,2020,https://www.doi.org/10.1016/j.atherosclerosis.2019.12.005,https://pubmed.ncbi.nlm.nih.gov/31928713
Quantifying atherogenic lipoproteins for lipid-lowering strategies: consensus-based recommendations from EAS and EFLM.,2020,https://www.doi.org/10.1515/cclm-2019-1253,https://pubmed.ncbi.nlm.nih.gov/31855562
Familial Chylomicronemia Syndrome With a Novel Homozygous LPL Mutation Identified in Three Siblings in Their 50s.,2020,https://www.doi.org/10.7326/L19-0568,https://pubmed.ncbi.nlm.nih.gov/31739313
"Rare dyslipidaemias, from phenotype to genotype to management: a European Atherosclerosis Society task force consensus statement.",2020,https://www.doi.org/10.1016/S2213-8587(19)30264-5,https://pubmed.ncbi.nlm.nih.gov/31582260
Delta opioid receptor activation influences responding to earn cocaine-associated cues in the New Response Acquisition procedure.,2025,https://www.doi.org/10.1016/j.jpet.2025.103753,https://pubmed.ncbi.nlm.nih.gov/41218229
Effects of δ opioid receptor stimulation via SNC80 on conditioned reinforcing properties of a remifentanil-associated stimulus.,2025,https://www.doi.org/10.1016/j.jpet.2025.103733,https://pubmed.ncbi.nlm.nih.gov/41129844
Brain Concentrations of MDPV and its Metabolites in Male Rats: Relationship to Pharmacodynamic Effects.,2022,https://www.doi.org/10.2174/1381612828666220907100036,https://pubmed.ncbi.nlm.nih.gov/36082866
"MDPV ""high-responder"" rats also self-administer more oxycodone than their ""low-responder"" counterparts under a fixed ratio schedule of reinforcement.",2021,https://www.doi.org/10.1007/s00213-021-05764-4,https://pubmed.ncbi.nlm.nih.gov/33484299
"Erratum to ""Magnetic resonance imaging for adult idiopathic inflammatory myopathies: a scoping review of protocols, grading systems and applications""[Seminars in Arthritis and Rheumatism Volume 75, (2025) 152865].",2025,https://www.doi.org/10.1016/j.semarthrit.2025.152899,https://pubmed.ncbi.nlm.nih.gov/41477958
"Magnetic resonance imaging for adult idiopathic inflammatory myopathies: A scoping review of protocols, grading systems and applications.",2025,https://www.doi.org/10.1016/j.semarthrit.2025.152865,https://pubmed.ncbi.nlm.nih.gov/41330175
Analytical performance of commercial myositis-specific autoantibody tests evaluated against immunoprecipitation assays as a reference standard: A systematic review and meta-analysis.,2025,https://www.doi.org/10.1016/j.semarthrit.2025.152858,https://pubmed.ncbi.nlm.nih.gov/41176843
PROMIS displays strong construct validity in pediatric and adult patients with idiopathic inflammatory myopathies.,2025,https://www.doi.org/10.1093/rheumatology/keaf502,https://pubmed.ncbi.nlm.nih.gov/40996336
Erratum corrige: Stressful life events are associated with the diagnosis of systemic autoimmune rheumatic diseases among adults.,2025,https://www.doi.org/10.55563/clinexprheumatol/6c34gi,https://pubmed.ncbi.nlm.nih.gov/40072873
25 Years of Biologics for the Treatment of Pediatric Rheumatic Disease: Advances in Prognosis and Ongoing Challenges.,2025,https://www.doi.org/10.1002/acr.25482,https://pubmed.ncbi.nlm.nih.gov/39651592
"Telemedicine for the Care of Patients with Idiopathic Inflammatory Myopathies: Experience, Insights and Future Directions from the International Myositis Assessment and Clinical Studies Telemedicine Scientific Interest Group.",2024,https://www.doi.org/10.1007/s11926-024-01163-8,https://pubmed.ncbi.nlm.nih.gov/39215900
"The origins, evolution and future of the International Myositis Assessment and Clinical Studies Group (IMACS).",2022,https://www.doi.org/10.55563/clinexprheumatol/yg743i,https://pubmed.ncbi.nlm.nih.gov/35225220
Response to: 'Correspondence on 'EULAR/ACR classification criteria for adult and juvenile idiopathic inflammatory myopathies and their major subgroups'' by Irfan ,2023,https://www.doi.org/10.1136/annrheumdis-2020-219436,https://pubmed.ncbi.nlm.nih.gov/33441297
"Erratum corrige: ""Treatment of calcinosis with adult and juvenile dermatomyositis using topical sodium thiosulfate via fractionated CO2 laser treatment"".M.G. Eleryan et al.",2020,N/A,https://pubmed.ncbi.nlm.nih.gov/32041681
Ahead of her time: The multidimensional impact of Marie Ussing Nylen.,2023,https://www.doi.org/10.1111/odi.14392,https://pubmed.ncbi.nlm.nih.gov/36151928
Bone Marrow Stromal Cell Assays: In Vitro and In Vivo.,2021,https://www.doi.org/10.1007/978-1-0716-1028-2_23,https://pubmed.ncbi.nlm.nih.gov/33197027
Repetitive Elements: Different Subtypes Hint at Distinct Functions.,2020,https://www.doi.org/10.1016/j.tig.2020.03.008,https://pubmed.ncbi.nlm.nih.gov/32396830
Modeling human mutations to understand TRIO GEF function during development.,2023,https://www.doi.org/10.1016/j.tins.2023.03.004,https://pubmed.ncbi.nlm.nih.gov/36959051
The role of NMDA receptor and neuroligin rare variants in synaptic dysfunction underlying neurodevelopmental disorders.,2021,https://www.doi.org/10.1016/j.conb.2021.03.001,https://pubmed.ncbi.nlm.nih.gov/33823469
-IFN-γ increases δ-globin gene expression through activation of the JAK/STAT pathway in erythroid cells.,2025,https://www.doi.org/10.1182/blood.2025029969,https://pubmed.ncbi.nlm.nih.gov/41284617
Indigenous and minority groups in diabetes trials.,2023,https://www.doi.org/10.1016/S2214-109X(23)00083-9,https://pubmed.ncbi.nlm.nih.gov/36925165
"Olfactomedin 4 Is Not a Precise Marker for Human Intestinal Stem Cells, But Is Involved in Intestinal Carcinogenesis.",2022,https://www.doi.org/10.1053/j.gastro.2021.11.041,https://pubmed.ncbi.nlm.nih.gov/34906535
Comparison of CD34,2021,https://www.doi.org/10.1111/bjh.17564,https://pubmed.ncbi.nlm.nih.gov/34060073
Obesity and Hypertension in the Time of COVID-19.,2020,https://www.doi.org/10.1001/jama.2020.16753,https://pubmed.ncbi.nlm.nih.gov/32902581
"Precision Nutrition-the Answer to ""What to Eat to Stay Healthy"".",2020,https://www.doi.org/10.1001/jama.2020.13601,https://pubmed.ncbi.nlm.nih.gov/32766768
Transcription in Living Cells: Molecular Mechanisms of Bursting.,2020,https://www.doi.org/10.1146/annurev-biochem-011520-105250,https://pubmed.ncbi.nlm.nih.gov/32208766
Lost in Translation: Harmonizing Terminology and Defining Mathematical Tools for Panel Optimization.,2025,https://www.doi.org/10.1002/cyto.a.24972,https://pubmed.ncbi.nlm.nih.gov/41423441
Demonstration of ,2025,https://www.doi.org/10.1128/jvi.01875-25,https://pubmed.ncbi.nlm.nih.gov/41400357
HI-CeFSpot: High-throughput Immune Cell FluoroSpot assay.,2025,https://www.doi.org/10.1016/j.ymeth.2025.10.002,https://pubmed.ncbi.nlm.nih.gov/41067553
HIV-1 bNAb Vaccinal Effect - An Underachieving Goal?,2025,https://www.doi.org/10.2174/011570162X362665250727012610,https://pubmed.ncbi.nlm.nih.gov/40917025
Publisher Correction: A non-human primate model for human norovirus infection.,2024,https://www.doi.org/10.1038/s41564-024-01636-7,https://pubmed.ncbi.nlm.nih.gov/38360987
"Interferon alfa-2b in patients with low-grade lymphomatoid granulomatosis and chemotherapy with DA-EPOCH-R in patients with high-grade lymphomatoid granulomatosis: an open-label, single-centre, phase 2 trial.",2023,https://www.doi.org/10.1016/S2352-3026(23)00029-7,https://pubmed.ncbi.nlm.nih.gov/37011643
Rhesus macaque Bcl-6/Bcl-xL B cell immortalization: Discovery of HIV-1 neutralizing antibodies from lymph node.,2023,https://www.doi.org/10.1016/j.jim.2023.113445,https://pubmed.ncbi.nlm.nih.gov/36848985
Protection against SARS-CoV-2 Beta variant in mRNA-1273 vaccine-boosted nonhuman primates.,2021,https://www.doi.org/10.1126/science.abl8912,https://pubmed.ncbi.nlm.nih.gov/34672695
Measurement of leukocyte trafficking kinetics in macaques by serial intravascular staining.,2021,https://www.doi.org/10.1126/scitranslmed.abb4582,https://pubmed.ncbi.nlm.nih.gov/33441427
Distinct neutralizing antibody correlates of protection among related Zika virus vaccines identify a role for antibody quality.,2020,https://www.doi.org/10.1126/scitranslmed.aaw9066,https://pubmed.ncbi.nlm.nih.gov/32522807
Overcoming Barriers to Developing and Implementing Novel Therapies for Hypertension.,2025,https://www.doi.org/10.1161/HYPERTENSIONAHA.125.24992,https://pubmed.ncbi.nlm.nih.gov/40874957
The Reply.,2025,https://www.doi.org/10.1016/j.amjmed.2025.03.014,https://pubmed.ncbi.nlm.nih.gov/40683754
Sleep Quality and Outcomes in Preclinical Heart Failure: A Prospective UK Biobank Cohort Study.,2025,https://www.doi.org/10.1016/j.amjmed.2025.05.037,https://pubmed.ncbi.nlm.nih.gov/40466883
Recommendations for Statistical Reporting in Cardiovascular Medicine: A Special Report From the American Heart Association.,2021,https://www.doi.org/10.1161/CIRCULATIONAHA.121.055393,https://pubmed.ncbi.nlm.nih.gov/34032474
Epidemiology of Heart Failure: A Contemporary Perspective.,2021,https://www.doi.org/10.1161/CIRCRESAHA.121.318172,https://pubmed.ncbi.nlm.nih.gov/33983838
A central role for acetylcholine in entorhinal cortex function and dysfunction with age in humans and mice.,2025,https://www.doi.org/10.1016/j.celrep.2025.115249,https://pubmed.ncbi.nlm.nih.gov/39891909
A system for high-throughput axonal imaging of induced pluripotent stem cell-derived human i,2026,https://www.doi.org/10.1091/mbc.E25-06-0300,https://pubmed.ncbi.nlm.nih.gov/41337653
Multicamera simultaneous total internal reflection and interference reflection microscopy.,2025,https://www.doi.org/10.1111/jmi.13375,https://pubmed.ncbi.nlm.nih.gov/39629928
"The Tubulin Code, from Molecules to Health and Disease.",2023,https://www.doi.org/10.1146/annurev-cellbio-030123-032748,https://pubmed.ncbi.nlm.nih.gov/37843925
Microtubule-severing enzymes.,2022,https://www.doi.org/10.1016/j.cub.2022.08.046,https://pubmed.ncbi.nlm.nih.gov/36220094
Phosphinic acid-based inhibitors of tubulin polyglycylation.,2022,https://www.doi.org/10.1039/d2cc01783k,https://pubmed.ncbi.nlm.nih.gov/35579270
Editorial overview: Microtubules in nervous system development.,2021,https://www.doi.org/10.1002/dneu.22817,https://pubmed.ncbi.nlm.nih.gov/33882187
Author Correction: Structural basis for polyglutamate chain initiation and elongation by TTLL family enzymes.,2020,https://www.doi.org/10.1038/s41594-020-0498-1,https://pubmed.ncbi.nlm.nih.gov/32792670
Author Correction: An allosteric network in spastin couples multiple activities required for microtubule severing.,2020,https://www.doi.org/10.1038/s41594-020-0414-8,https://pubmed.ncbi.nlm.nih.gov/32203494
"Enitociclib (VIP152), venetoclax and prednisone in relapsed or refractory aggressive non-Hodgkin lymphoma.",2025,https://www.doi.org/10.1111/bjh.70234,https://pubmed.ncbi.nlm.nih.gov/41169010
Circulating Tumor DNA as Measurable Residual Disease in Aggressive B-Cell Lymphoma: A Narrative Review.,2025,https://www.doi.org/10.1001/jamaoncol.2024.6144,https://pubmed.ncbi.nlm.nih.gov/39913153
Phase 2 study of alemtuzumab and dose-adjusted EPOCH-R in relapsed or refractory aggressive B-cell lymphomas.,2025,https://www.doi.org/10.1080/10428194.2025.2457553,https://pubmed.ncbi.nlm.nih.gov/39899393
A phase 1 study of interleukin-15 in combination with avelumab in relapsed or refractory T-cell lymphoma.,2024,https://www.doi.org/10.1080/10428194.2024.2326847,https://pubmed.ncbi.nlm.nih.gov/38459780
"Interferon alfa-2b in patients with low-grade lymphomatoid granulomatosis and chemotherapy with DA-EPOCH-R in patients with high-grade lymphomatoid granulomatosis: an open-label, single-centre, phase 2 trial.",2023,https://www.doi.org/10.1016/S2352-3026(23)00029-7,https://pubmed.ncbi.nlm.nih.gov/37011643
Role of Artificial Intelligence in PET/CT Imaging for Management of Lymphoma.,2023,https://www.doi.org/10.1053/j.semnuclmed.2022.11.003,https://pubmed.ncbi.nlm.nih.gov/36870800
Burkitt lymphoma.,2022,https://www.doi.org/10.1038/s41572-022-00404-3,https://pubmed.ncbi.nlm.nih.gov/36522349
Are We Too Reliant on Radiation Therapy for Children with Hodgkin's Lymphoma?,2022,https://www.doi.org/10.1056/NEJMe2211587,https://pubmed.ncbi.nlm.nih.gov/36322850
Burkitt's Lymphoma.,2022,https://www.doi.org/10.1056/NEJMra2025746,https://pubmed.ncbi.nlm.nih.gov/36129999
Phase 1/2 study of acalabrutinib and the PI3K delta inhibitor ACP-319 in relapsed/refractory B-cell Non-Hodgkin lymphoma.,2022,https://www.doi.org/10.1080/10428194.2022.2043301,https://pubmed.ncbi.nlm.nih.gov/35200084
A phase 1/2 study of the combination of acalabrutinib and vistusertib in patients with relapsed/refractory B-cell malignancies.,2021,https://www.doi.org/10.1080/10428194.2021.1938027,https://pubmed.ncbi.nlm.nih.gov/34269152
Circulating tumour DNA in B-cell lymphomas: current state and future prospects.,2021,https://www.doi.org/10.1111/bjh.17251,https://pubmed.ncbi.nlm.nih.gov/33550600
The development of liquid biopsy for research and clinical practice in lymphomas: Report of the 15-ICML workshop on ctDNA.,2020,https://www.doi.org/10.1002/hon.2704,https://pubmed.ncbi.nlm.nih.gov/31872890
Reply: Accurate predictor for liver disease progression in patients with DC/TBD.,2024,https://www.doi.org/10.1097/HEP.0000000000001014,https://pubmed.ncbi.nlm.nih.gov/39024339
Does Sex Matter? Temporal Analyses of Melanoma Trends among Men and Women Suggest Etiologic Heterogeneity.,2025,https://www.doi.org/10.1016/j.jid.2024.05.011,https://pubmed.ncbi.nlm.nih.gov/38897542
"Geographic disparities of breast cancer incidence in Portugal at the district level: A spatial age-period-cohort analysis, 1998-2011.",2021,https://www.doi.org/10.1016/j.canep.2021.102009,https://pubmed.ncbi.nlm.nih.gov/34399245
Publisher Correction: Neoantigen-specific tumor-infiltrating lymphocytes in gastrointestinal cancers: a phase 2 trial.,2025,https://www.doi.org/10.1038/s41591-025-03708-5,https://pubmed.ncbi.nlm.nih.gov/40234732
Lymphocytes as a living drug for cancer.,2024,https://www.doi.org/10.1126/science.adp1130,https://pubmed.ncbi.nlm.nih.gov/38963837
IKAROS regulates human T cell phenotype at a thymic and postthymic level.,2025,https://www.doi.org/10.1172/jci.insight.197359,https://pubmed.ncbi.nlm.nih.gov/41424385
Systematic functional validation of IKAROS variants from patients and laboratory-generated mutations.,2025,https://www.doi.org/10.1182/bloodadvances.2025017243,https://pubmed.ncbi.nlm.nih.gov/41380100
Infection-Associated Immune Reconstitution Inflammatory Syndrome in Hematopoietic Cell Transplantation.,2025,https://www.doi.org/10.1111/tid.70000,https://pubmed.ncbi.nlm.nih.gov/39964133
A novel IKZF1 variant in a family with autosomal dominant CVID: A case for expanding exon coverage in inborn errors of immunity.,2024,https://www.doi.org/10.1016/j.clim.2024.110244,https://pubmed.ncbi.nlm.nih.gov/38734037
Non-selective dampening of the host immune response after hepatitis C clearance and its association with circulating chemokine and endotoxin levels.,2023,https://www.doi.org/10.1111/liv.15737,https://pubmed.ncbi.nlm.nih.gov/37752797
Longitudinal multi-omics analyses of the gut-liver axis reveals metabolic dysregulation in hepatitis C infection and cirrhosis.,2023,https://www.doi.org/10.1038/s41564-022-01273-y,https://pubmed.ncbi.nlm.nih.gov/36522461
Gain-of-function ,2022,https://www.doi.org/10.1126/sciimmunol.abi7160,https://pubmed.ncbi.nlm.nih.gov/35333544
STAT3 gain-of-function mutation in an adult patient.,2021,N/A,https://pubmed.ncbi.nlm.nih.gov/34875609
TNF inhibition in vasculitis management in adenosine deaminase 2 deficiency (DADA2).,2022,https://www.doi.org/10.1016/j.jaci.2021.10.030,https://pubmed.ncbi.nlm.nih.gov/34780847
The expansion of human T-bet,2021,https://www.doi.org/10.1126/sciimmunol.abh0891,https://pubmed.ncbi.nlm.nih.gov/34623902
Complicated Diagnosis and Treatment of HA20 due to Contiguous Gene Deletions involving 6q23.3.,2021,https://www.doi.org/10.1007/s10875-021-01048-w,https://pubmed.ncbi.nlm.nih.gov/34032947
Recurrent lymphadenitis in a female XIAP/BIRC4 mutation carrier with normal lyonization.,2021,https://www.doi.org/10.1016/j.jaip.2020.10.062,https://pubmed.ncbi.nlm.nih.gov/33212241
Primary Immunodeficiency Diseases and Bacillus Calmette-Guérin (BCG)-Vaccine-Derived Complications: A Systematic Review.,2020,https://www.doi.org/10.1016/j.jaip.2020.01.038,https://pubmed.ncbi.nlm.nih.gov/32006723
Skewed Lymphocyte Subpopulations and Associated Phenotypes in Patients with Mastocytosis.,2020,https://www.doi.org/10.1016/j.jaip.2019.07.004,https://pubmed.ncbi.nlm.nih.gov/31319217
Microbiome analysis of 940 lung cancers in never-smokers reveals lack of clinically relevant associations.,2025,https://www.doi.org/10.1038/s41467-025-66780-y,https://pubmed.ncbi.nlm.nih.gov/41387456
Uncovering the role of LINE-1 in the evolution of lung adenocarcinoma.,2025,https://www.doi.org/10.1038/s41586-025-09825-y,https://pubmed.ncbi.nlm.nih.gov/41372401
Higher lung cancer risk among female never-smokers than males in a large married couple study.,2025,https://www.doi.org/10.1016/j.lungcan.2025.108836,https://pubmed.ncbi.nlm.nih.gov/41237664
Different diabetes types and pancreatic ductal adenocarcinoma: a Mendelian randomization and pathway/gene-set analysis.,2025,https://www.doi.org/10.1093/jnci/djaf308,https://pubmed.ncbi.nlm.nih.gov/41206949
"Exposure to household air pollution in relation to stomach and esophageal cancer in Xuanwei, China.",2025,https://www.doi.org/10.1016/j.envint.2025.109889,https://pubmed.ncbi.nlm.nih.gov/41202457
Time-dependent relationship between urinary biomarkers of nucleic acid oxidation and colorectal cancer risk.,2025,https://www.doi.org/10.1093/jnci/djaf312,https://pubmed.ncbi.nlm.nih.gov/41181902
A prognostic signature for lung adenocarcinoma in patients who have never smoked.,2025,https://www.doi.org/10.1158/2159-8290.CD-25-0581,https://pubmed.ncbi.nlm.nih.gov/41165571
Stratifying lung adenocarcinoma risk with multi-ancestry polygenic risk scores in East Asian never-smokers.,2025,https://www.doi.org/10.1093/jnci/djaf272,https://pubmed.ncbi.nlm.nih.gov/41032288
Pre-diagnostic serum concentrations of free light chains and risk of non-Hodgkin lymphoma in a population-based prospective study.,2025,https://www.doi.org/10.1080/10428194.2025.2524505,https://pubmed.ncbi.nlm.nih.gov/40671387
Benzene exposure and risk of colorectal cancer by anatomical subsite in the Norwegian offshore petroleum workers cohort.,2025,https://www.doi.org/10.1016/j.envres.2025.121407,https://pubmed.ncbi.nlm.nih.gov/40118315
Occupational exposures and kidney cancer among 25 000 male offshore petroleum industry workers: relative risks and healthy worker survivor bias.,2025,https://www.doi.org/10.1093/aje/kwaf039,https://pubmed.ncbi.nlm.nih.gov/40036895
Polygenic Risk Score and Lung Adenocarcinoma Risk Among Never-Smokers by EGFR Mutation Status: A Brief Report.,2025,https://www.doi.org/10.1016/j.jtho.2024.11.019,https://pubmed.ncbi.nlm.nih.gov/39581378
Occupational exposure to benzene and risk of non-Hodgkin lymphoma in an extended follow-up of two population-based prospective cohorts of Chinese men and women.,2024,https://www.doi.org/10.1002/ijc.35095,https://pubmed.ncbi.nlm.nih.gov/39221990
Expanded PAH analysis of household air pollution in a rural region of China with high lung cancer incidence.,2024,https://www.doi.org/10.1016/j.envpol.2024.124717,https://pubmed.ncbi.nlm.nih.gov/39147225
Diabetes is associated with increased liver cancer incidence and mortality in adults: A report from Asia Cohort Consortium.,2024,https://www.doi.org/10.1002/ijc.34965,https://pubmed.ncbi.nlm.nih.gov/38661292
"Association between reproductive factors with lung cancer incidence and mortality: A pooled analysis of over 308,000 females in the Asia cohort consortium.",2024,https://www.doi.org/10.1002/ijc.34866,https://pubmed.ncbi.nlm.nih.gov/38375919
Correction: Distinct germline genetic susceptibility profiles identified for common non-Hodgkin lymphoma subtypes.,2023,https://www.doi.org/10.1038/s41375-023-01978-x,https://pubmed.ncbi.nlm.nih.gov/37666943
Nonlinear low dose hematotoxicity of benzene; a pooled analyses of two studies among Chinese exposed workers.,2023,https://www.doi.org/10.1016/j.envint.2023.108007,https://pubmed.ncbi.nlm.nih.gov/37290291
Physical activity and the risk of non-Hodgkin lymphoma subtypes: A pooled analysis.,2023,https://www.doi.org/10.1002/ijc.34266,https://pubmed.ncbi.nlm.nih.gov/36054546
Benzene exposure and risk of benzene poisoning in Chinese workers.,2022,https://www.doi.org/10.1136/oemed-2021-108155,https://pubmed.ncbi.nlm.nih.gov/35273074
"Household air pollution from, and fuel efficiency of, different coal types following local cooking practices in Xuanwei, China.",2021,https://www.doi.org/10.1016/j.envpol.2021.117949,https://pubmed.ncbi.nlm.nih.gov/34438166
Carbon content in airway macrophages and genomic instability in Chinese carbon black packers.,2020,https://www.doi.org/10.1007/s00204-020-02678-6,https://pubmed.ncbi.nlm.nih.gov/32076763
"2,4-D exposure and urinary markers of oxidative DNA damage and lipid peroxidation: a longitudinal study.",2020,https://www.doi.org/10.1136/oemed-2019-106267,https://pubmed.ncbi.nlm.nih.gov/31996474
Genetic risk of extranodal natural killer T-cell lymphoma: a genome-wide association study in multiple populations.,2020,https://www.doi.org/10.1016/S1470-2045(19)30799-5,https://pubmed.ncbi.nlm.nih.gov/31879220
"Predicting Lung Cancer Occurrence in Never-Smoking Females in Asia: TNSF-SQ, a Prediction Model.",2020,https://www.doi.org/10.1158/1055-9965.EPI-19-1221,https://pubmed.ncbi.nlm.nih.gov/31848206
Mediation of Polygenic Asthma Risk Through Gene Expression.,2025,https://www.doi.org/10.1111/all.70101,https://pubmed.ncbi.nlm.nih.gov/41351491
Prediction and characterization of genetically regulated expression of asthma tissues from African-ancestry populations.,2025,https://www.doi.org/10.1016/j.jaci.2025.07.035,https://pubmed.ncbi.nlm.nih.gov/40930298
Human Molecular Genetics and Genomics - Important Advances and Exciting Possibilities.,2021,https://www.doi.org/10.1056/NEJMp2030694,https://pubmed.ncbi.nlm.nih.gov/33393745
"Genetics of Circulating Resistin Level, a Biomarker for Cardiovascular Diseases, Is Informed by Mendelian Randomization and the Unique Characteristics of African Genomes.",2020,https://www.doi.org/10.1161/CIRCGEN.120.002920,https://pubmed.ncbi.nlm.nih.gov/32876488
Poor Sensitivity of the Fatty Liver Index Among Lean Individuals.,2025,https://www.doi.org/10.14309/ajg.0000000000003883,https://pubmed.ncbi.nlm.nih.gov/41384847
Serum proteomics of insulin resistance disorders distinguish MASLD from lipodystrophy and insulin receptor defects.,2025,https://www.doi.org/10.1210/clinem/dgaf516,https://pubmed.ncbi.nlm.nih.gov/41058075
Reply: AASLD Resmetirom Guidance.,2025,https://www.doi.org/10.1097/HEP.0000000000001267,https://pubmed.ncbi.nlm.nih.gov/39951255
Resmetirom therapy for metabolic dysfunction-associated steatotic liver disease: October 2024 updates to AASLD Practice Guidance.,2025,https://www.doi.org/10.1097/HEP.0000000000001112,https://pubmed.ncbi.nlm.nih.gov/39422487
"Divergent pathways of liver fat accumulation, oxidation, and secretion in lipodystrophy versus obesity-associated NAFLD.",2023,https://www.doi.org/10.1111/liv.15707,https://pubmed.ncbi.nlm.nih.gov/37622286
MR elastography-based liver fibrosis correlates with liver events in nonalcoholic fatty liver patients: A multicenter study.,2020,https://www.doi.org/10.1111/liv.14593,https://pubmed.ncbi.nlm.nih.gov/32652744
REPLY.,2020,https://www.doi.org/10.1002/hep.31043,https://pubmed.ncbi.nlm.nih.gov/31758706
Modulation of infiltrating CD206,2025,https://www.doi.org/10.1183/13993003.00084-2025,https://pubmed.ncbi.nlm.nih.gov/40639874
Expanding Our View of Drosophila Centrioles.,2025,https://www.doi.org/10.1242/jcs.264338,https://pubmed.ncbi.nlm.nih.gov/41347334
Allograft transplantation for Drosophila tumor metastasis studies.,2025,https://www.doi.org/10.1242/dmm.052543,https://pubmed.ncbi.nlm.nih.gov/41163533
Spd-2 gene duplication reveals cell-type-specific pericentriolar material regulation.,2023,https://www.doi.org/10.1016/j.cub.2023.06.020,https://pubmed.ncbi.nlm.nih.gov/37379844
"Generation of human induced pluripotential stem cells from individuals with complex heterozygous, isogenic corrected, and homozygous Bloc1s1 mutations.",2022,https://www.doi.org/10.1016/j.scr.2022.102905,https://pubmed.ncbi.nlm.nih.gov/36070637
Call for modification of the intermediate hyperglycemic classification of the 1 h-oral glucose tolerance test: insight from the Africans in America cohort Commentary.,2025,https://www.doi.org/10.1016/j.diabres.2025.112999,https://pubmed.ncbi.nlm.nih.gov/41232720
Continuous glucose monitoring in gestational diabetes mellitus: hope or hype?,2025,https://www.doi.org/10.1016/j.diabres.2025.112389,https://pubmed.ncbi.nlm.nih.gov/40744148
A human monoclonal antibody targeting α-Gal ameliorates experimental cutaneous leishmaniasis.,2025,https://www.doi.org/10.1093/infdis/jiaf350,https://pubmed.ncbi.nlm.nih.gov/40591906
Genetic Exchange in ,2025,https://www.doi.org/10.1146/annurev-micro-050724-091231,https://pubmed.ncbi.nlm.nih.gov/40527332
Biomarkers for the Diagnosis of Heart Failure in People with Diabetes: A Consensus Report from Diabetes Technology Society.,2023,https://www.doi.org/10.1016/j.pcad.2023.05.002,https://pubmed.ncbi.nlm.nih.gov/37178991
Sand Fly (Phlebotomus papatasi) Embryo Microinjection for CRISPR/Cas9 Mutagenesis.,2020,https://www.doi.org/10.3791/61924,https://pubmed.ncbi.nlm.nih.gov/33283789
The Null Hypothesis of IFN-γ and Monocyte Function in Leishmaniasis.,2020,https://www.doi.org/10.1016/j.chom.2020.04.014,https://pubmed.ncbi.nlm.nih.gov/32407702
In Vitro Generation of Leishmania Hybrids.,2020,https://www.doi.org/10.1016/j.celrep.2020.03.071,https://pubmed.ncbi.nlm.nih.gov/32294444
Primary hyperparathyroidism induces erythropoietin resistance through fibroblast growth factor 23.,2025,https://www.doi.org/10.1093/ejendo/lvaf039,https://pubmed.ncbi.nlm.nih.gov/40067841
Multiple Endocrine Neoplasia Type 1 and the Pancreas: Diagnosis and Treatment of Functioning and Non-Functioning Pancreatic and Duodenal Neuroendocrine Neoplasia within the MEN1 Syndrome - An International Consensus Statement.,2021,https://www.doi.org/10.1159/000511791,https://pubmed.ncbi.nlm.nih.gov/32971521
Pro-regenerative biomaterials recruit immunoregulatory dendritic cells after traumatic injury.,2024,https://www.doi.org/10.1038/s41563-023-01689-9,https://pubmed.ncbi.nlm.nih.gov/37872423
High-Dimensionality Flow Cytometry for Immune Function Analysis of Dissected Implant Tissues.,2021,https://www.doi.org/10.3791/61767,https://pubmed.ncbi.nlm.nih.gov/34605804
"T lymphocytes as critical mediators in tissue regeneration, fibrosis, and the foreign body response.",2021,https://www.doi.org/10.1016/j.actbio.2021.04.023,https://pubmed.ncbi.nlm.nih.gov/33905946
Parallel evolution of polymer chemistry and immunology: Integrating mechanistic biology with materials design.,2020,https://www.doi.org/10.1016/j.addr.2020.06.021,https://pubmed.ncbi.nlm.nih.gov/32589903
Identification of common sequence motifs shared exclusively among selectively packed exosomal pathogenic microRNAs during rickettsial infections.,2023,https://www.doi.org/10.1002/jcp.31061,https://pubmed.ncbi.nlm.nih.gov/37334929
Cancer-Related Cognitive Impairment Associated with APOE rs7412 and BDNF rs6265 in Breast Cancer Survivors.,2024,https://www.doi.org/10.1016/j.soncn.2024.151721,https://pubmed.ncbi.nlm.nih.gov/39198096
Mechanistic insights into behavioral clusters associated with cancer-related systemic inflammatory response.,2024,https://www.doi.org/10.1097/SPC.0000000000000706,https://pubmed.ncbi.nlm.nih.gov/38814249
Blood-based biomarkers of cancer-related cognitive impairment in non-central nervous system cancer: A scoping review.,2022,https://www.doi.org/10.1016/j.critrevonc.2022.103822,https://pubmed.ncbi.nlm.nih.gov/36152911
Gut microbiota and fatigue in rectal cancer patients: a cross-sectional pilot study.,2021,https://www.doi.org/10.1007/s00520-021-06013-2,https://pubmed.ncbi.nlm.nih.gov/33495850
Consortium Building for Nurse Scientists Interested in Symptoms Research in the Era of Precision Health.,2020,https://www.doi.org/10.1111/jnu.12534,https://pubmed.ncbi.nlm.nih.gov/31804774
Hypoxia-induced EGR1 remodels neutrophils to suppress antitumor immunity.,2025,https://www.doi.org/10.1126/sciimmunol.adz2273,https://pubmed.ncbi.nlm.nih.gov/41385607
Association of oil spill cleanup-related hydrocarbon exposure with incident hypertension up to 11 years after exposure in the Gulf Long-term Follow-up Study.,2025,https://www.doi.org/10.1186/s12940-025-01253-9,https://pubmed.ncbi.nlm.nih.gov/41469699
Pubertal timing and incident uterine cancer in the Sister Study cohort.,2025,https://www.doi.org/10.1002/ijc.70310,https://pubmed.ncbi.nlm.nih.gov/41439478
"Drinking water nitrate, disinfection byproducts, and prostate cancer incidence in the Agricultural Health Study.",2025,https://www.doi.org/10.1093/jnci/djaf350,https://pubmed.ncbi.nlm.nih.gov/41423865
Air pollution and breast cancer incidence in a United States-wide prospective cohort study: Examining sensitive periods of exposure.,2025,https://www.doi.org/10.1016/j.envint.2025.109966,https://pubmed.ncbi.nlm.nih.gov/41330098
Atrazine use and markers of kidney function and nephrotoxicity among male farmers in the Biomarkers of Exposure and Effect in Agriculture Study.,2025,https://www.doi.org/10.1136/oemed-2025-110386,https://pubmed.ncbi.nlm.nih.gov/41218920
Early life trauma patterns and adult epigenome-wide and NR3C1-specific DNA methylation in the Sister Study.,2025,https://www.doi.org/10.1093/aje/kwaf076,https://pubmed.ncbi.nlm.nih.gov/40233982
Correction: Association between spill-related exposure to fine particulate matter and peripheral motor and sensory nerve function among oil spill response and cleanup workers following the Deepwater Horizon oil spill.,2025,https://www.doi.org/10.1038/s41370-024-00719-1,https://pubmed.ncbi.nlm.nih.gov/39251873
"Reply to ""Vitamin D and breast cancer: Stop torturing the data!"".",2022,https://www.doi.org/10.1002/cncr.34274,https://pubmed.ncbi.nlm.nih.gov/35647759
Genital Powder Use and Ovarian Cancer-Reply.,2020,https://www.doi.org/10.1001/jama.2020.3861,https://pubmed.ncbi.nlm.nih.gov/32453361
Factors Associated With Rare Pediatric Cancer Trial Enrollment: A Report From the Children's Oncology Group Rare Tumors Committee.,2025,https://www.doi.org/10.1002/pbc.32164,https://pubmed.ncbi.nlm.nih.gov/41451685
The Impact of Next-Generation Sequencing on Interobserver Agreement and Diagnostic Accuracy of Deep Penetrating Melanocytic Neoplasms.,2025,https://www.doi.org/10.1111/cup.70049,https://pubmed.ncbi.nlm.nih.gov/41436418
Residential ambient ultraviolet B and ultraviolet A and incidence of keratinocyte carcinoma in the nationwide US Radiologic Technologists cohort.,2025,https://www.doi.org/10.1093/bjd/ljaf206,https://pubmed.ncbi.nlm.nih.gov/40440356
"Clinicopathologic Features, Management, and Outcomes Of Pediatric CRTC1::TRIM11 and MED15::ATF1 Tumors With Spitzoid Morphology: A Case Series.",2025,https://www.doi.org/10.1002/pbc.31814,https://pubmed.ncbi.nlm.nih.gov/40390195
Treatment outcomes following partial shave biopsy of atypical and malignant melanocytic tumors in pediatric patients.,2024,https://www.doi.org/10.1097/CMR.0000000000001002,https://pubmed.ncbi.nlm.nih.gov/39235826
Diagnostic accuracy of teledermatology for nonmelanoma skin cancer: Can patients be referred directly for surgical management?,2021,https://www.doi.org/10.1016/j.jaad.2017.09.029,https://pubmed.ncbi.nlm.nih.gov/28947282
"HDAC inhibitors as pharmacological treatment for Duchenne muscular dystrophy: a discovery journey from bench to patients: (Trends in Molecular Medicine, 30:3 p:278-294, 2024).",2024,https://www.doi.org/10.1016/j.molmed.2024.03.012,https://pubmed.ncbi.nlm.nih.gov/38643051
Mutant p53 promotes clonal hematopoiesis through generating a chronic inflammatory microenvironment.,2025,https://www.doi.org/10.1172/JCI184285,https://pubmed.ncbi.nlm.nih.gov/41468163
Trends in Childhood and Adolescent Cancer Incidence Rates in the United States between 2001 and 2022.,2025,https://www.doi.org/10.1158/2159-8290.CD-25-1493,https://pubmed.ncbi.nlm.nih.gov/41370847
Germline Pathogenic Variants in MUTYH Are Associated With Inferior Survival After Hematopoietic Cell Transplantation in Patients With Hematologic Malignancies or Disorders.,2025,https://www.doi.org/10.1002/ajh.70093,https://pubmed.ncbi.nlm.nih.gov/41042026
Avascular Necrosis and Minimal Trauma Fractures in Telomere Biology Disorders.,2025,https://www.doi.org/10.1111/cge.70038,https://pubmed.ncbi.nlm.nih.gov/40762130
Germline RTEL1 Variants in Telomere Biology Disorders.,2025,https://www.doi.org/10.1002/ajmg.a.63882,https://pubmed.ncbi.nlm.nih.gov/39279436
Pediatric Cancer Screening in Hereditary Gastrointestinal Cancer Risk Syndromes: An Update from the AACR Childhood Cancer Predisposition Working Group.,2024,https://www.doi.org/10.1158/1078-0432.CCR-24-0953,https://pubmed.ncbi.nlm.nih.gov/39190470
Reply: Accurate predictor for liver disease progression in patients with DC/TBD.,2024,https://www.doi.org/10.1097/HEP.0000000000001014,https://pubmed.ncbi.nlm.nih.gov/39024339
Clinical Updates and Surveillance Recommendations for DNA Replication Repair Deficiency Syndromes in Children and Young Adults.,2024,https://www.doi.org/10.1158/1078-0432.CCR-23-3994,https://pubmed.ncbi.nlm.nih.gov/38860976
Gastrointestinal Hemorrhage: A Manifestation of the Telomere Biology Disorders.,2021,https://www.doi.org/10.1016/j.jpeds.2020.09.038,https://pubmed.ncbi.nlm.nih.gov/32971146
Measurement of Cyclic Guanosine Monophosphate (cGMP) in Solid Tissues using Competitive Enzyme-Linked Immunosorbent Assay (ELISA).,2025,https://www.doi.org/10.3791/68432,https://pubmed.ncbi.nlm.nih.gov/40690426
"Effects of low and high dietary nitrate intake on human saliva, plasma and skeletal muscle nitrate and nitrite concentrations and their functional consequences.",2024,https://www.doi.org/10.1016/j.freeradbiomed.2024.10.282,https://pubmed.ncbi.nlm.nih.gov/39401733
,2023,https://www.doi.org/10.1111/apha.13924,https://pubmed.ncbi.nlm.nih.gov/36606507
Preparation of Rat Skeletal Muscle Homogenates for Nitrate and Nitrite Measurements.,2021,https://www.doi.org/10.3791/62427,https://pubmed.ncbi.nlm.nih.gov/34398151
Common Data Elements in Autoimmune Disease Research.,2025,https://www.doi.org/10.1002/acr.70026,https://pubmed.ncbi.nlm.nih.gov/41451967
A Roadmap Towards the Identification and Validation of Conserved T Cell Epitope Regions in Viral Pathogen Families with Pandemic Potential.,2025,https://www.doi.org/10.2174/0113892010349200241204062202,https://pubmed.ncbi.nlm.nih.gov/39819529
Author Correction: SARS-CoV-2 reservoir in post-acute sequelae of COVID-19 (PASC).,2023,https://www.doi.org/10.1038/s41590-023-01646-3,https://pubmed.ncbi.nlm.nih.gov/37723351
Noninferiority of One HPV Vaccine Dose to Two Doses.,2025,https://www.doi.org/10.1056/NEJMoa2506765,https://pubmed.ncbi.nlm.nih.gov/41337735
Profiling Human Papillomavirus lineage-specific capsid antigenicity using geographically diverse natural infection antibodies.,2025,https://www.doi.org/10.1093/infdis/jiaf502,https://pubmed.ncbi.nlm.nih.gov/41027580
An HPV vaccine from India: broadening possibilities for cervical cancer control.,2023,https://www.doi.org/10.1016/S1470-2045(23)00535-1,https://pubmed.ncbi.nlm.nih.gov/37949087
"HPV42, a ""Low-Risk"" Type, and Digital Papillary Adenocarcinoma.",2023,https://www.doi.org/10.1158/2159-8290.CD-22-1150,https://pubmed.ncbi.nlm.nih.gov/36620882
Prospects for preventing cancer with anti-microbial prophylactic vaccines.,2023,https://www.doi.org/10.1016/j.chom.2022.10.016,https://pubmed.ncbi.nlm.nih.gov/36423642
"Understanding the public health value and defining preferred product characteristics for therapeutic human papillomavirus (HPV) vaccines: World Health Organization consultations, October 2021-March 2022.",2022,https://www.doi.org/10.1016/j.vaccine.2022.08.020,https://pubmed.ncbi.nlm.nih.gov/36008233
Recent economic evaluation of 1-dose HPV vaccination uses unsupported assumptions.,2023,https://www.doi.org/10.1016/j.vaccine.2022.07.022,https://pubmed.ncbi.nlm.nih.gov/35941035
Rationale for IL-15 superagonists in cancer immunotherapy.,2020,https://www.doi.org/10.1080/14712598.2020.1738379,https://pubmed.ncbi.nlm.nih.gov/32159390
Differential Effects of Ovarian Steroids in Women With and Without Premenstrual Dysphoric Disorder: A Replication and Extension of Findings.,2025,https://www.doi.org/10.1176/appi.ajp.20240596,https://pubmed.ncbi.nlm.nih.gov/41030005
Differential sensitivity: not more or less.,2025,https://www.doi.org/10.1192/bjp.2025.40,https://pubmed.ncbi.nlm.nih.gov/40528386
"Unlocking the Power of Data Harmonization in Environmental Health Sciences: A Comprehensive Exploration of Significance, Use Cases, and Recommendations for Standardization Efforts.",2025,https://www.doi.org/10.1289/EHP15410,https://pubmed.ncbi.nlm.nih.gov/40479529
Questionnaire-based exposome-wide association studies (ExWAS) reveal expected and novel risk factors associated with cardiovascular outcomes in the Personalized Environment and Genes Study.,2022,https://www.doi.org/10.1016/j.envres.2022.113463,https://pubmed.ncbi.nlm.nih.gov/35605674
Evaluation of a semi-automated data extraction tool for public health literature-based reviews: Dextr.,2022,https://www.doi.org/10.1016/j.envint.2021.107025,https://pubmed.ncbi.nlm.nih.gov/34920276
COVID-19 Knowledge Extractor (COKE): A Curated Repository of Drug-Target Associations Extracted from the CORD-19 Corpus of Scientific Publications on COVID-19.,2021,https://www.doi.org/10.1021/acs.jcim.1c01285,https://pubmed.ncbi.nlm.nih.gov/34783553
QSAR Modeling of SARS-CoV M,2021,https://www.doi.org/10.1002/minf.202000113,https://pubmed.ncbi.nlm.nih.gov/33405340
A semantic similarity based methodology for predicting protein-protein interactions: Evaluation with P53-interacting kinases.,2020,https://www.doi.org/10.1016/j.jbi.2020.103579,https://pubmed.ncbi.nlm.nih.gov/33007449
Overcoming the Hydrolytic Susceptibility of Thiol-Reactive Reversible Warheads through the Development of Substituted Phenyl Cyanoacrylamides.,2025,https://www.doi.org/10.1021/jacs.5c08170,https://pubmed.ncbi.nlm.nih.gov/40560954
Antibody Labeling With FITC Facilitates Controlled Release From Peptide Hydrogels Bearing Fc-Binding Motifs.,2025,https://www.doi.org/10.1002/psc.70032,https://pubmed.ncbi.nlm.nih.gov/40400208
From Hydrogel to Crystal: A Molecular Design Strategy that Chemically Modifies Racemic Gel-Forming Peptides to Furnish Crystalline Fibrils Stabilized by Parallel Rippled β-Sheets.,2025,https://www.doi.org/10.1021/jacs.5c00671,https://pubmed.ncbi.nlm.nih.gov/40252045
Configurational and Conformational Proclivity of an α-Cyanoacrylamide Derivative of Ibrutinib.,2025,https://www.doi.org/10.1021/acs.joc.4c02741,https://pubmed.ncbi.nlm.nih.gov/40097271
De Novo Design of a Versatile Peptide-Based Coating to Impart Targeted Functionality at the Surface of Native Polystyrene.,2023,https://www.doi.org/10.1021/acsami.3c02606,https://pubmed.ncbi.nlm.nih.gov/37276244
Investigation and preparation of a TREN-based bifunctional chelator for ,2025,https://www.doi.org/10.1039/d5dt01312g,https://pubmed.ncbi.nlm.nih.gov/41160619
Editorial overview: Editorial of molecular imaging.,2025,https://www.doi.org/10.1016/j.cbpa.2025.102618,https://pubmed.ncbi.nlm.nih.gov/40580776
Tracking the Fate of Therapeutic Proteins Using Ratiometric Imaging of Responsive Shortwave Infrared Probes.,2025,https://www.doi.org/10.1021/jacs.4c15614,https://pubmed.ncbi.nlm.nih.gov/40025700
Formation of Trideuteromethylated Artifacts of Pyrrole-Containing Natural Products.,2024,https://www.doi.org/10.1021/acs.jnatprod.3c01113,https://pubmed.ncbi.nlm.nih.gov/38291771
Bluer Phototruncation: Retro-Diels-Alder of Heptamethine Cyanine to Trimethine Cyanine through an Allene Hydroperoxide Intermediate.,2023,https://www.doi.org/10.1021/acs.joc.3c02245,https://pubmed.ncbi.nlm.nih.gov/38051763
Superior Photoprotection of Cyanine Dyes with Thio-imidazole Amino Acids.,2023,https://www.doi.org/10.1021/jacs.3c03058,https://pubmed.ncbi.nlm.nih.gov/37658476
Imaging retinaldehyde-protein binding in plants using a merocyanine reporter.,2022,https://www.doi.org/10.1016/bs.mie.2022.01.017,https://pubmed.ncbi.nlm.nih.gov/35878988
Structure-Activity Relationships of Antibody-Drug Conjugates: A Systematic Review of Chemistry on the Trastuzumab Scaffold.,2022,https://www.doi.org/10.1021/acs.bioconjchem.2c00177,https://pubmed.ncbi.nlm.nih.gov/35801843
Editorial: Special Issue on Emerging Developments in Photocaging.,2022,https://www.doi.org/10.1111/php.13600,https://pubmed.ncbi.nlm.nih.gov/35297552
Laparoscopic cholecystectomy in a swine model using a novel near-infrared fluorescent IV dye (BL-760).,2022,https://www.doi.org/10.1002/lsm.23470,https://pubmed.ncbi.nlm.nih.gov/34490931
"Generation and characterization of a tamoxifen-inducible, Cre driver rat for transgene expression in microglia.",2025,https://www.doi.org/10.1038/s41598-025-31077-z,https://pubmed.ncbi.nlm.nih.gov/41366001
Distinct contributions of anterior and posterior orbitofrontal cortex to outcome-guided behavior.,2025,https://www.doi.org/10.1016/j.cub.2025.10.007,https://pubmed.ncbi.nlm.nih.gov/41187754
Orbitofrontal cortex spontaneously recovers latent information about outcomes upon devaluation.,2025,https://www.doi.org/10.1016/j.cub.2025.07.083,https://pubmed.ncbi.nlm.nih.gov/40858116
Disentangling prediction error and value in a formal test of dopamine's role in reinforcement learning.,2025,https://www.doi.org/10.1016/j.cub.2025.06.076,https://pubmed.ncbi.nlm.nih.gov/40738112
The Rescorla-Wagner model: It is not what you think it is.,2025,https://www.doi.org/10.1016/j.nlm.2025.108021,https://pubmed.ncbi.nlm.nih.gov/39805526
Dopamine.,2022,https://www.doi.org/10.1016/j.cub.2022.06.060,https://pubmed.ncbi.nlm.nih.gov/35944478
"Neuroscience: What, where, and how wonderful?",2021,https://www.doi.org/10.1016/j.cub.2021.05.051,https://pubmed.ncbi.nlm.nih.gov/34314714
Neuroscience: From Sensory Discrimination to Choice in Gustatory Cortex.,2020,https://www.doi.org/10.1016/j.cub.2020.03.003,https://pubmed.ncbi.nlm.nih.gov/32428476
Advances in the genetics and pathology of Lewy body dementia.,2025,https://www.doi.org/10.1016/S1474-4422(25)00363-1,https://pubmed.ncbi.nlm.nih.gov/41240918
Association between Human Leukocyte Antigen Alleles and Neuropathological Outcomes in Lewy Body Disease.,2025,https://www.doi.org/10.1002/ana.78075,https://pubmed.ncbi.nlm.nih.gov/41200866
Substantia(l) Impacts of Contact Sport Play and Parkinsonism.,2024,https://www.doi.org/10.1001/jamaneurol.2024.2162,https://pubmed.ncbi.nlm.nih.gov/39008329
Highlighting the clinical potential of HTT repeat expansions in Frontotemporal Dementia and Amyotrophic Lateral Sclerosis.,2021,https://www.doi.org/10.1016/j.neuron.2021.04.020,https://pubmed.ncbi.nlm.nih.gov/34139184
Hot Topic: Epigenetics in Parkinson's Disease: A New Frontier for Disease-Modifying Therapies.,2021,https://www.doi.org/10.1002/mds.28410,https://pubmed.ncbi.nlm.nih.gov/33245171
Conjugal multiple system atrophy: Rethinking numbers of probability.,2020,https://www.doi.org/10.1016/j.parkreldis.2020.08.005,https://pubmed.ncbi.nlm.nih.gov/32859484
Longitudinal human transcriptomic and spatial gene profiling at the incisional edge during long surgical procedures.,2025,https://www.doi.org/10.1038/s42003-025-09366-0,https://pubmed.ncbi.nlm.nih.gov/41430435
"A Response to the Letter to the Editor: Refining Risk and Redefining Stage: Hidden Implications of BAP1-Mutant Mesothelioma Shiuan-Chih Chen, MD, PhD; Yuan-Ti Lee, MD, PhD.",2025,https://www.doi.org/10.1016/j.jtho.2025.07.124,https://pubmed.ncbi.nlm.nih.gov/41350049
"A Response to the Letter to the Editor: ""Genome-Wide Analysis Identifies Nuclear Factor 1C as a Novel Transcription Factor and Potential Therapeutic Target in SCLC"".",2025,https://www.doi.org/10.1016/j.jtho.2024.11.001,https://pubmed.ncbi.nlm.nih.gov/39914931
Genome-Wide Analysis Identifies Nuclear Factor 1C as a Novel Transcription Factor and Potential Therapeutic Target in SCLC.,2024,https://www.doi.org/10.1016/j.jtho.2024.03.023,https://pubmed.ncbi.nlm.nih.gov/38583771
Characterization of Pleural Mesothelioma by Hierarchical Clustering Analyses Using Immune Cells within Tumor Microenvironment.,2024,https://www.doi.org/10.1159/000538520,https://pubmed.ncbi.nlm.nih.gov/38527431
Clinical utility of immunohistochemical subtyping in patients with small cell lung cancer.,2024,https://www.doi.org/10.1016/j.lungcan.2024.107473,https://pubmed.ncbi.nlm.nih.gov/38232600
Commentary: Keeping the target painted for precision cancer therapy.,2021,https://www.doi.org/10.1016/j.jtcvs.2020.04.095,https://pubmed.ncbi.nlm.nih.gov/32580902
Method to Study Metabolism in Lymphoid Cells using Chemistry to Measure Puromycin Incorporation by Flow Cytometry.,2025,https://www.doi.org/10.3791/67377,https://pubmed.ncbi.nlm.nih.gov/40889248
Efficient Tonsillar T Follicular Helper Cell Processing and Functional Analysis through High-dimensional Flow Cytometry.,2025,https://www.doi.org/10.3791/67188,https://pubmed.ncbi.nlm.nih.gov/40720354
Investigating Murine CD4 T Cell Differentiation Using CRISPR-Cas9 Ribonucleoprotein Complex-mediated Gene Ablation.,2025,https://www.doi.org/10.3791/67380,https://pubmed.ncbi.nlm.nih.gov/40622878
Integrating population and single-cell variations in vaccine responses identifies a naturally adjuvanted human immune setpoint.,2024,https://www.doi.org/10.1016/j.immuni.2024.04.009,https://pubmed.ncbi.nlm.nih.gov/38697118
Author Correction: BACH2 enforces the transcriptional and epigenetic programs of stem-like CD8,2021,https://www.doi.org/10.1038/s41590-021-00906-4,https://pubmed.ncbi.nlm.nih.gov/33658708
Visualization of Replisome Encounters with an Antigen Tagged Blocking Lesion.,2021,https://www.doi.org/10.3791/61689,https://pubmed.ncbi.nlm.nih.gov/34398140
Effect of Load on Non-Muscle Myosin 2 Paralog Filaments in a Biomimetic Contractile Actin Array.,2025,https://www.doi.org/10.1002/smll.202507772,https://pubmed.ncbi.nlm.nih.gov/41305943
Discovery of Selective Inhibitors for ,2021,https://www.doi.org/10.1021/acschembio.1c00067,https://pubmed.ncbi.nlm.nih.gov/34558887
Myosin-Specific Adaptations of In vitro Fluorescence Microscopy-Based Motility Assays.,2021,https://www.doi.org/10.3791/62180,https://pubmed.ncbi.nlm.nih.gov/33616114
How Myosin 5 Walks Deduced from Single-Molecule Biophysical Approaches.,2020,https://www.doi.org/10.1007/978-3-030-38062-5_8,https://pubmed.ncbi.nlm.nih.gov/32451859
Physiological aging in three dimensions.,2025,https://www.doi.org/10.1016/j.tcb.2025.08.002,https://pubmed.ncbi.nlm.nih.gov/40887344
YY1-mediated enhancer-promoter communication in the immunoglobulin μ locus is regulated by MSL/MOF recruitment.,2024,https://www.doi.org/10.1016/j.celrep.2024.114456,https://pubmed.ncbi.nlm.nih.gov/38990722
The dynamic changes in cytokine responses in COVID-19: a snapshot of the current state of knowledge.,2020,https://www.doi.org/10.1038/s41590-020-0779-1,https://pubmed.ncbi.nlm.nih.gov/32855555
CXCL9 as a novel prognostic marker to identify high-risk adults with hemophagocytic lymphohistiocytosis.,2025,https://www.doi.org/10.1182/blood.2025030976,https://pubmed.ncbi.nlm.nih.gov/41369611
Visual Guide to Opportunistic Infections in People With HIV.,2025,N/A,https://pubmed.ncbi.nlm.nih.gov/41231775
Muscular and plasma markers for early identification of frailty and sarcopenia states in people with HIV.,2026,https://www.doi.org/10.1097/QAD.0000000000004363,https://pubmed.ncbi.nlm.nih.gov/41055966
Infection-Associated Immune Reconstitution Inflammatory Syndrome in Hematopoietic Cell Transplantation.,2025,https://www.doi.org/10.1111/tid.70000,https://pubmed.ncbi.nlm.nih.gov/39964133
Prolonged Fever After the Treatment of Ulcerative Colitis in an Adolescent.,2024,https://www.doi.org/10.1542/peds.2024-067175,https://pubmed.ncbi.nlm.nih.gov/39512069
Idiopathic CD4 Lymphocytopenia at 30 Years. Reply.,2023,https://www.doi.org/10.1056/NEJMc2307362,https://pubmed.ncbi.nlm.nih.gov/37585647
A Gut Feeling: Inflammatory Disease Revealed During Immune Reconstitution.,2023,https://www.doi.org/10.1053/j.gastro.2023.05.020,https://pubmed.ncbi.nlm.nih.gov/37245588
"HIV and aging, biological mechanisms, and therapies: What do we know?",2022,https://www.doi.org/10.24875/AIDSRev.21000085,https://pubmed.ncbi.nlm.nih.gov/35901108
Expanding role of biomarkers in characterising hyperinflammatory syndromes.,2021,https://www.doi.org/10.1016/S2665-9913(21)00273-3,https://pubmed.ncbi.nlm.nih.gov/38287605
"Characterization of autoantibodies, immunophenotype and autoimmune disease in a prospective cohort of patients with idiopathic CD4 lymphocytopenia.",2021,https://www.doi.org/10.1016/j.clim.2021.108664,https://pubmed.ncbi.nlm.nih.gov/33422677
Plasma tissue factor and immune activation are associated with carotid intima-media thickness progression in treated HIV infection.,2020,https://www.doi.org/10.1097/QAD.0000000000002389,https://pubmed.ncbi.nlm.nih.gov/31634197
Affinity-matured CD72-targeting nanobody CAR T cells enhance elimination of antigen-low B-cell malignancies.,2025,https://www.doi.org/10.1136/jitc-2025-012013,https://pubmed.ncbi.nlm.nih.gov/41469141
Impact of Extramedullary Disease at Diagnosis on Outcomes Post Allogeneic Hematopoietic Cell Transplant in Children and Young Adults with Acute Myeloid Leukemia: A CIBMTR Report.,2025,https://www.doi.org/10.1016/j.jtct.2025.12.990,https://pubmed.ncbi.nlm.nih.gov/41468926
10-year experience of CD22 CAR T-cells for children and young adults with B-cell acute lymphoblastic leukemia.,2025,https://www.doi.org/10.1182/bloodadvances.2025017753,https://pubmed.ncbi.nlm.nih.gov/41411486
CXCL9 as a novel prognostic marker to identify high-risk adults with hemophagocytic lymphohistiocytosis.,2025,https://www.doi.org/10.1182/blood.2025030976,https://pubmed.ncbi.nlm.nih.gov/41369611
Outcomes following CD22 CAR T-cells in B-ALL: a tale of two manufacturing strategies.,2025,https://www.doi.org/10.1016/j.jcyt.2025.09.013,https://pubmed.ncbi.nlm.nih.gov/41190967
Opportunities and Challenges With CAR T-cell Treatment of Children and Young Adults With B-Cell Acute Lymphoblastic Leukemia: Review and Recommendations From the Westhafen Intercontinental Group.,2025,https://www.doi.org/10.1016/j.jtct.2025.10.023,https://pubmed.ncbi.nlm.nih.gov/41176033
Remission of ,2025,https://www.doi.org/10.1200/PO-25-00556,https://pubmed.ncbi.nlm.nih.gov/41129765
CAR HEMATOTOX independently predicts outcomes after CD19 CAR-T therapy for acute lymphoblastic leukemia.,2025,https://www.doi.org/10.1182/bloodadvances.2025017526,https://pubmed.ncbi.nlm.nih.gov/41052404
Management Practices of CAR T-cell-Related Inflammatory Toxicities: A Survey of Pediatric CAR T-cell Providers.,2025,https://www.doi.org/10.1016/j.jtct.2025.09.028,https://pubmed.ncbi.nlm.nih.gov/41038347
Driving CAR-Ts SafeSLE.,2025,https://www.doi.org/10.1182/blood.2025030096,https://pubmed.ncbi.nlm.nih.gov/40875552
Further Personalizing Medicine in Immune Disorders: Genomic Findings and Hematopoietic Cell Transplantation Survival.,2026,https://www.doi.org/10.1097/TP.0000000000005504,https://pubmed.ncbi.nlm.nih.gov/40739694
How I Approach Ethical Considerations for Pediatric Phase I CAR T-Cell Trials.,2025,https://www.doi.org/10.1002/pbc.31802,https://pubmed.ncbi.nlm.nih.gov/40437658
T-ICAHT: grading and prognostic impact of thrombocytopenia after CAR T-cell therapy.,2025,https://www.doi.org/10.1182/blood.2025028833,https://pubmed.ncbi.nlm.nih.gov/40258181
New models for the development of and access to CAR T-cell therapies for children and adolescents with cancer: an ACCELERATE multistakeholder analysis.,2025,https://www.doi.org/10.1016/S1470-2045(24)00736-8,https://pubmed.ncbi.nlm.nih.gov/40179917
"Talicabtagene autoleucel for relapsed or refractory B-cell malignancies: results from an open-label, multicentre, phase 1/2 study.",2025,https://www.doi.org/10.1016/S2352-3026(24)00377-6,https://pubmed.ncbi.nlm.nih.gov/40090352
"Access to CARe: A Narrative of Real-World Medical Decision-Making to Access Chimeric Antigen Receptor (CAR) T-Cell Therapy in Children, Adolescents, and Young Adults.",2025,https://www.doi.org/10.1002/pbc.31516,https://pubmed.ncbi.nlm.nih.gov/39844726
Best Practice Considerations by The American Society of Transplant and Cellular Therapy: Infection Prevention and Management After Chimeric Antigen Receptor T Cell Therapy for Hematological Malignancies.,2024,https://www.doi.org/10.1016/j.jtct.2024.07.018,https://pubmed.ncbi.nlm.nih.gov/39084261
CD19 CAR T cells for multiple sclerosis: Forging further into the new frontier.,2024,https://www.doi.org/10.1016/j.medj.2024.04.005,https://pubmed.ncbi.nlm.nih.gov/38878763
Pediatric Cancer Immunotherapy and Potential for Impact on Fertility: A Need for Evidence-Based Guidance.,2024,https://www.doi.org/10.1016/j.jtct.2024.06.006,https://pubmed.ncbi.nlm.nih.gov/38866240
Introduction to the Reports from the Insights in Pediatric CAR T-cell Immunotherapy: Recent Advances and Future Directions (INSPIRED) Symposium.,2023,https://www.doi.org/10.1016/j.jtct.2023.07.009,https://pubmed.ncbi.nlm.nih.gov/37442348
Management of Down Syndrome-Associated Leukemias: A Review.,2023,https://www.doi.org/10.1001/jamaoncol.2023.2163,https://pubmed.ncbi.nlm.nih.gov/37440251
Cellular therapy in lymphoma.,2024,https://www.doi.org/10.1002/hon.3200,https://pubmed.ncbi.nlm.nih.gov/37382086
CD19 CAR T cells for infants and young children.,2022,https://www.doi.org/10.1016/S2352-3026(22)00258-7,https://pubmed.ncbi.nlm.nih.gov/36084659
Current Status and Future Directions of Gene-Based Therapy for Pediatric Blood Diseases.,2022,https://www.doi.org/10.1016/j.hoc.2022.06.001,https://pubmed.ncbi.nlm.nih.gov/35843631
CAR T-cell therapy for indolent lymphoma: a new treatment paradigm?,2022,https://www.doi.org/10.1016/S1470-2045(21)00648-3,https://pubmed.ncbi.nlm.nih.gov/34895488
Paediatric Strategy Forum for medicinal product development of chimeric antigen receptor T-cells in children and adolescents with cancer: ACCELERATE in collaboration with the European Medicines Agency with participation of the Food and Drug Administration.,2022,https://www.doi.org/10.1016/j.ejca.2021.10.016,https://pubmed.ncbi.nlm.nih.gov/34840026
Surviving the storm: critical care outcomes of chimeric antigen receptor T-cell therapy.,2021,https://www.doi.org/10.1016/S2352-3026(21)00097-1,https://pubmed.ncbi.nlm.nih.gov/33894165
Daratumumab for delayed RBC engraftment following major ABO mismatched haploidentical bone marrow transplantation.,2021,https://www.doi.org/10.1111/trf.16281,https://pubmed.ncbi.nlm.nih.gov/33528026
Improving CAR T-cells: The next generation.,2020,https://www.doi.org/10.1053/j.seminhematol.2020.07.002,https://pubmed.ncbi.nlm.nih.gov/33256900
Using single-cell analysis to predict CAR T cell outcomes.,2020,https://www.doi.org/10.1038/s41591-020-01157-w,https://pubmed.ncbi.nlm.nih.gov/33230341
The role of central versus peripheral opioid receptors in fentanyl-induced brain hypoxia.,2025,https://www.doi.org/10.1152/jn.00504.2025,https://pubmed.ncbi.nlm.nih.gov/41385595
A procedure to identify persistent and effort-independent individual differences in preference for heroin over rewarding social interaction.,2025,https://www.doi.org/10.1111/bph.70125,https://pubmed.ncbi.nlm.nih.gov/40702952
Using Genetically Diverse Rats to Identify Individual Differences in Addiction-Related Behaviors and Brain Activity.,2025,https://www.doi.org/10.1176/appi.ajp.20241030,https://pubmed.ncbi.nlm.nih.gov/39891443
The lateral septum returns to the center stage of brain reward.,2024,https://www.doi.org/10.1016/j.neuron.2024.07.012,https://pubmed.ncbi.nlm.nih.gov/39173589
Special issue on conditioned determinants of reward seeking: a tribute to Dr. Nadia Chaudhri.,2023,https://www.doi.org/10.1007/s00213-023-06326-6,https://pubmed.ncbi.nlm.nih.gov/36737589
Behavior matters for neuroscience and neuroscience matters for behavior.,2023,https://www.doi.org/10.1016/j.neubiorev.2022.104963,https://pubmed.ncbi.nlm.nih.gov/36402226
FIGNL1 inhibits homologous recombination in BRCA2 deficient cells by dissociating RAD51 filaments.,2025,https://www.doi.org/10.1126/science.adt1210,https://pubmed.ncbi.nlm.nih.gov/41166468
Coiled-Coil Domain: Uncoiling Tumor Suppression by BRCA1.,2021,https://www.doi.org/10.1158/0008-5472.CAN-21-3480,https://pubmed.ncbi.nlm.nih.gov/34911781
Author Correction: Multimodel preclinical platform predicts clinical response of melanoma to immunotherapy.,2021,https://www.doi.org/10.1038/s41591-021-01252-6,https://pubmed.ncbi.nlm.nih.gov/33514948
Pubertal timing and incident uterine cancer in the Sister Study cohort.,2025,https://www.doi.org/10.1002/ijc.70310,https://pubmed.ncbi.nlm.nih.gov/41439478
Pubertal onset in children with in utero HIV/antiretroviral exposure in Botswana.,2025,https://www.doi.org/10.1097/QAD.0000000000004374,https://pubmed.ncbi.nlm.nih.gov/41055964
Syndrome of the Month: Bosma Arhinia Microphthalmia Syndrome.,2025,https://www.doi.org/10.1002/ajmg.a.64127,https://pubmed.ncbi.nlm.nih.gov/40598710
Expanded Tox21 biological assay panel for the prediction of drug-induced liver injury and cardiotoxicity.,2025,https://www.doi.org/10.1289/EHP16190,https://pubmed.ncbi.nlm.nih.gov/40478799
Breath biopsy in inborn errors of metabolism: A proof-of-principle study in propionic acidemia.,2025,https://www.doi.org/10.1016/j.ymgme.2024.109005,https://pubmed.ncbi.nlm.nih.gov/39787887
Borate-driven ionic rectifiers based on sugar-bearing single nanochannels.,2021,https://www.doi.org/10.1039/d0nr07733j,https://pubmed.ncbi.nlm.nih.gov/34152340
The Prostate is a Common Site of Disease in Patients with MEN2B and Medullary Thyroid Carcinoma.,2025,https://www.doi.org/10.1530/ERC-24-0243,https://pubmed.ncbi.nlm.nih.gov/41378514
Activity of direct KRAS(G12C) inhibitors in preclinical models of pediatric cancer.,2025,https://www.doi.org/10.1158/1535-7163.MCT-25-0022,https://pubmed.ncbi.nlm.nih.gov/41340466
Promise and Perils of Precision Oncology for Patients With Pediatric and Young Adult Sarcomas.,2024,https://www.doi.org/10.1200/EDBK_432794,https://pubmed.ncbi.nlm.nih.gov/38924707
Childhood cancer data initiative: Status report.,2024,https://www.doi.org/10.1002/pbc.30745,https://pubmed.ncbi.nlm.nih.gov/37889049
"Molecular testing of rhabdomyosarcoma in clinical trials to improve risk stratification and outcome: A consensus view from European paediatric Soft tissue sarcoma Study Group, Children's Oncology Group and Cooperative Weichteilsarkom-Studiengruppe.",2022,https://www.doi.org/10.1016/j.ejca.2022.05.036,https://pubmed.ncbi.nlm.nih.gov/35839732
Cutaneous mosaic RASopathies associated with rhabdomyosarcoma.,2022,https://www.doi.org/10.1002/pbc.29639,https://pubmed.ncbi.nlm.nih.gov/35253347
Eos plays a critical role in Treg homeostasis and modulates the function of recirculating thymic Tregs in the control of Treg development.,2025,https://www.doi.org/10.1016/j.celrep.2025.116838,https://pubmed.ncbi.nlm.nih.gov/41474621
Expression of IMPACT Curtails Metabolic Plasticity and Augments NK Cell Killing to Abrogate Metastatic Growth.,2025,https://www.doi.org/10.1158/2159-8290.CD-24-1055,https://pubmed.ncbi.nlm.nih.gov/41025961
Expression of IMPACT curtails metabolic plasticity and augments NK cell killing to abrogate metastatic growth.,2025,https://www.doi.org/10.1158/2159-8290.CD-24-1055,https://pubmed.ncbi.nlm.nih.gov/40736016
Polyclonally Derived Alloantigen-Specific T Regulatory Cells Exhibit Target-Specific Suppression and Capture MHC Class II from Dendritic Cells.,2024,https://www.doi.org/10.4049/jimmunol.2300780,https://pubmed.ncbi.nlm.nih.gov/38683146
"Corrigendum to ""Selective deletion of Eos (Ikzf4) in T-regulatory cells leads to loss of suppressive function and development of systemic autoimmunity"" [J. Autoimmun. 105C (2019) 102300].",2020,https://www.doi.org/10.1016/j.jaut.2020.102544,https://pubmed.ncbi.nlm.nih.gov/32981806
Control of regulatory T cell homeostasis.,2020,https://www.doi.org/10.1016/j.coi.2020.07.001,https://pubmed.ncbi.nlm.nih.gov/32810642
Comparison of oral collection methods for 16S rRNA gene and shotgun metagenomic sequencing.,2025,https://www.doi.org/10.1128/spectrum.01806-25,https://pubmed.ncbi.nlm.nih.gov/41396065
Microbiome analysis of 940 lung cancers in never-smokers reveals lack of clinically relevant associations.,2025,https://www.doi.org/10.1038/s41467-025-66780-y,https://pubmed.ncbi.nlm.nih.gov/41387456
Uncovering the role of LINE-1 in the evolution of lung adenocarcinoma.,2025,https://www.doi.org/10.1038/s41586-025-09825-y,https://pubmed.ncbi.nlm.nih.gov/41372401
A prognostic signature for lung adenocarcinoma in patients who have never smoked.,2025,https://www.doi.org/10.1158/2159-8290.CD-25-0581,https://pubmed.ncbi.nlm.nih.gov/41165571
Stratifying lung adenocarcinoma risk with multi-ancestry polygenic risk scores in East Asian never-smokers.,2025,https://www.doi.org/10.1093/jnci/djaf272,https://pubmed.ncbi.nlm.nih.gov/41032288
Polygenic Risk Score and Lung Adenocarcinoma Risk Among Never-Smokers by EGFR Mutation Status: A Brief Report.,2025,https://www.doi.org/10.1016/j.jtho.2024.11.019,https://pubmed.ncbi.nlm.nih.gov/39581378
Representative oral microbiome data for the US population: the National Health and Nutrition Examination Survey.,2023,https://www.doi.org/10.1016/S2666-5247(22)00333-0,https://pubmed.ncbi.nlm.nih.gov/36455567
Multi-Trait Genetic Analysis Identifies Autoimmune Loci Associated with Cutaneous Melanoma.,2022,https://www.doi.org/10.1016/j.jid.2021.08.449,https://pubmed.ncbi.nlm.nih.gov/34813871
Structure-Function Activity Relationships of Cariprazine Analogues with Distinct G Protein versus β-Arrestin Activities at the Dopamine D3 Receptor.,2025,https://www.doi.org/10.1021/acschemneuro.5c00721,https://pubmed.ncbi.nlm.nih.gov/41315885
Decoding the Structure-Activity Relationship of the Dopamine D3 Receptor-Selective Ligands Using Machine and Deep Learning Approaches.,2025,https://www.doi.org/10.1021/acs.jcim.5c00575,https://pubmed.ncbi.nlm.nih.gov/40442044
Nondestructive detection of cadmium content in oilseed rape leaves under different silicon environments using deep transfer learning and Vis-NIR hyperspectral imaging.,2025,https://www.doi.org/10.1016/j.foodchem.2025.143799,https://pubmed.ncbi.nlm.nih.gov/40081073
Ligand Reorganization for End-Point Binding Free Energy Calculations: Identifying Preferred Poses of Fentanyls in the μ Opioid Receptor.,2025,https://www.doi.org/10.1021/acs.jctc.4c01073,https://pubmed.ncbi.nlm.nih.gov/39804153
Utility of preoperative 18F-flurodeoxyglucose PET/CT scanning in preoperative evaluation and surgical planning for pulmonary tuberculosis.,2025,https://www.doi.org/10.1097/MNM.0000000000001930,https://pubmed.ncbi.nlm.nih.gov/39774102
Integrated single-cell transcriptome and T cell receptor profiling reveals defects of T cell exhaustion in pulmonary tuberculosis.,2024,https://www.doi.org/10.1016/j.jinf.2024.106158,https://pubmed.ncbi.nlm.nih.gov/38642678
Single-cell RNA-sequencing reveals heterogeneity and intercellular crosstalk in human tuberculosis lung.,2023,https://www.doi.org/10.1016/j.jinf.2023.09.004,https://pubmed.ncbi.nlm.nih.gov/37690670
Head and neck radiotherapy causes significant disruptions of cochlear ribbon synapses and consequent sensorineural hearing loss.,2022,https://www.doi.org/10.1016/j.radonc.2022.05.023,https://pubmed.ncbi.nlm.nih.gov/35640772
Effectiveness of a single treatment of photodynamic therapy using topical administration of 5-aminolevulinic acid on methicillin-resistant Staphylococcus aureus-infected wounds of diabetic mice.,2020,https://www.doi.org/10.1016/j.pdpdt.2020.101748,https://pubmed.ncbi.nlm.nih.gov/32294558
Direct activation of folate receptor 4 by thyroid hormone suggests its role in the development of adult intestinal epithelium during Xenopus laevis metamorphosis.,2025,https://www.doi.org/10.1016/j.ydbio.2025.11.006,https://pubmed.ncbi.nlm.nih.gov/41238149
"Race-specific temporal trends of HPV-related cancers in South Africa: An analysis of the South African National Cancer Registry, 2011-2022.",2025,https://www.doi.org/10.1002/ijc.70323,https://pubmed.ncbi.nlm.nih.gov/41472527
Trends in Childhood and Adolescent Cancer Incidence Rates in the United States between 2001 and 2022.,2025,https://www.doi.org/10.1158/2159-8290.CD-25-1493,https://pubmed.ncbi.nlm.nih.gov/41370847
Trends in Cancer Incidence in Younger and Older Adults : An International Comparative Analysis.,2025,https://www.doi.org/10.7326/ANNALS-24-02718,https://pubmed.ncbi.nlm.nih.gov/41115281
"Disparities in Heart Disease Mortality Among Asian American and Pacific Islander Breast Cancer Survivors, 2000 to 2019.",2025,https://www.doi.org/10.1016/j.jaccao.2025.08.003,https://pubmed.ncbi.nlm.nih.gov/40974362
Differences in Trends in Cancer Incidence Rates Among People With HIV During 2001-2019 by Race and Ethnicity and by Risk Group in the United States.,2025,https://www.doi.org/10.1093/cid/ciae555,https://pubmed.ncbi.nlm.nih.gov/39509333
The burden of COVID-19 mortality among solid organ transplant recipients in the United States.,2025,https://www.doi.org/10.1016/j.ajt.2024.10.004,https://pubmed.ncbi.nlm.nih.gov/39389313
Impact of overweight and obesity on US renal cell carcinoma incidence trends (1995-2018).,2023,https://www.doi.org/10.1002/ijc.34516,https://pubmed.ncbi.nlm.nih.gov/36929885
"Trends in incidence rates of head and neck squamous cell carcinomas overall and by potential relatedness to human papillomavirus, Costa Rica 2006 to 2015.",2023,https://www.doi.org/10.1002/ijc.34437,https://pubmed.ncbi.nlm.nih.gov/36650690
Death certificates compared to SEER-Medicare data for surveillance of liver cancer mortality due to hepatitis B or hepatitis C infection.,2021,https://www.doi.org/10.1111/jvh.13498,https://pubmed.ncbi.nlm.nih.gov/33720473
Anaplastic large cell lymphoma in human immunodeficiency virus-infected people and solid organ transplant recipients.,2021,https://www.doi.org/10.1111/bjh.16778,https://pubmed.ncbi.nlm.nih.gov/32510592
Stability and change in epigenetic regulation of immune cells.,2022,https://www.doi.org/10.1111/imr.13060,https://pubmed.ncbi.nlm.nih.gov/35034371
Prenatal maternal infection promotes tissue-specific immunity and inflammation in offspring.,2021,https://www.doi.org/10.1126/science.abf3002,https://pubmed.ncbi.nlm.nih.gov/34446580
Histone deacetylase 1 (HDAC1): A key player of T cell-mediated arthritis.,2020,https://www.doi.org/10.1016/j.jaut.2019.102379,https://pubmed.ncbi.nlm.nih.gov/31883829
Commentary on Prenatal Testing of a Complex Pathogenic Variant following Positive Carrier Screening for Gaucher Disease.,2025,https://www.doi.org/10.1093/clinchem/hvaf160,https://pubmed.ncbi.nlm.nih.gov/41468124
The Race to Salvage Glucocerebrosidase: Understanding Small-Molecule Therapies for GBA1-Associated Parkinsonism.,2025,https://www.doi.org/10.1002/mds.70168,https://pubmed.ncbi.nlm.nih.gov/41459692
New tools can propel research in lysosomal storage diseases.,2023,https://www.doi.org/10.1016/j.ymgme.2023.107729,https://pubmed.ncbi.nlm.nih.gov/37951057
Revisiting the diagnosis of Gaucher disease in a family with multiple GBA1 variants.,2023,https://www.doi.org/10.1002/ajmg.a.63345,https://pubmed.ncbi.nlm.nih.gov/37449546
The D409H variant in GBA1: Challenges in predicting the Gaucher phenotype in the newborn screening era.,2023,https://www.doi.org/10.1002/ajmg.a.63202,https://pubmed.ncbi.nlm.nih.gov/37042183
"CRISPR/Cas9-Based Functional Genomics in Human Induced Pluripotent Stem Cell-Derived Models: Can ""the Stars Align"" for Neurodegenerative Diseases?",2022,https://www.doi.org/10.1002/mds.28998,https://pubmed.ncbi.nlm.nih.gov/35338523
Investigation of a dysmorphic facial phenotype in patients with Gaucher disease types 2 and 3.,2021,https://www.doi.org/10.1016/j.ymgme.2021.09.008,https://pubmed.ncbi.nlm.nih.gov/34663554
Gaucher Disease and Heart Failure of Unknown Origin.,2021,https://www.doi.org/10.1016/j.amjmed.2020.11.020,https://pubmed.ncbi.nlm.nih.gov/33359772
Longitudinal Positron Emission Tomography of Dopamine Synthesis in Subjects with GBA1 Mutations.,2020,https://www.doi.org/10.1002/ana.25692,https://pubmed.ncbi.nlm.nih.gov/32030791
White vitreous opacities in five patients with Gaucher disease type 3.,2020,https://www.doi.org/10.1002/ajmg.a.61479,https://pubmed.ncbi.nlm.nih.gov/31898869
Clinical evaluation of sibling pairs with gaucher disease discordant for parkinsonism.,2020,https://www.doi.org/10.1002/mds.27916,https://pubmed.ncbi.nlm.nih.gov/31785030
Substrate reduction therapy for GBA1-associated Parkinsonism: Are we betting on the wrong mouse?,2020,https://www.doi.org/10.1002/mds.27903,https://pubmed.ncbi.nlm.nih.gov/31710399
Proliferative and Nonproliferative Lesions of the Rat and Mouse Central and Peripheral Nervous Systems: New and Revised INHAND Terms.,2020,https://www.doi.org/10.1177/0192623320951154,https://pubmed.ncbi.nlm.nih.gov/32912053
Different diabetes types and pancreatic ductal adenocarcinoma: a Mendelian randomization and pathway/gene-set analysis.,2025,https://www.doi.org/10.1093/jnci/djaf308,https://pubmed.ncbi.nlm.nih.gov/41206949
"Exposure to household air pollution in relation to stomach and esophageal cancer in Xuanwei, China.",2025,https://www.doi.org/10.1016/j.envint.2025.109889,https://pubmed.ncbi.nlm.nih.gov/41202457
Benzene exposure and risk of colorectal cancer by anatomical subsite in the Norwegian offshore petroleum workers cohort.,2025,https://www.doi.org/10.1016/j.envres.2025.121407,https://pubmed.ncbi.nlm.nih.gov/40118315
Occupational exposures and kidney cancer among 25 000 male offshore petroleum industry workers: relative risks and healthy worker survivor bias.,2025,https://www.doi.org/10.1093/aje/kwaf039,https://pubmed.ncbi.nlm.nih.gov/40036895
Chronic obstructive pulmonary disease mortality: The Diesel Exhaust in Miners Study (DEMS).,2020,https://www.doi.org/10.1016/j.envres.2019.108876,https://pubmed.ncbi.nlm.nih.gov/31711661
International Guidelines for Veterinary Tumor Pathology: A Call to Action.,2021,https://www.doi.org/10.1177/03009858211013712,https://pubmed.ncbi.nlm.nih.gov/34282984
Introducing Five New Cancer Grand Challenges Teams.,2024,https://www.doi.org/10.1158/2159-8290.CD-24-0153,https://pubmed.ncbi.nlm.nih.gov/38446429
Harnessing the Power of Discovery.,2023,https://www.doi.org/10.1158/2159-8290.CD-23-0231,https://pubmed.ncbi.nlm.nih.gov/36884310
Faecal sample collection for gut microbiome research in a prospective cohort: a pilot study within the Australian Breakthrough Cancer Study.,2025,https://www.doi.org/10.1158/2767-9764.CRC-25-0445,https://pubmed.ncbi.nlm.nih.gov/41359366
Insulinemic and inflammatory dietary patterns and colorectal cancer risk: a dietary data harmonization study of one million participants in the Consortium of Metabolomics Studies (COMETS).,2026,https://www.doi.org/10.1016/j.ajcnut.2025.10.016,https://pubmed.ncbi.nlm.nih.gov/41167399
Pre-diagnostic immunological markers of bacterial translocation and liver cancer risk: A nested case-control analysis of 12 prospective cohorts.,2025,https://www.doi.org/10.1002/ijc.70201,https://pubmed.ncbi.nlm.nih.gov/41129365
Alcohol Consumption and Melanoma in a Prospective United States Cohort Study: Results from the NIH-AARP Diet and Health Study.,2025,https://www.doi.org/10.1016/j.tjnut.2025.07.002,https://pubmed.ncbi.nlm.nih.gov/40633616
Physician's global assessment of disease activity in juvenile idiopathic arthritis: consensus-based recommendations from an international task force.,2025,https://www.doi.org/10.1016/j.ard.2025.01.013,https://pubmed.ncbi.nlm.nih.gov/39955164
Need for standardised approaches to human microbiome research using the example of colorectal neoplasia research.,2025,https://www.doi.org/10.1136/gutjnl-2024-333765,https://pubmed.ncbi.nlm.nih.gov/39358005
Dietary Fiber Intake and Risk of Advanced and Aggressive Forms of Prostate Cancer: A Pooled Analysis of 15 Prospective Cohort Studies.,2025,https://www.doi.org/10.1016/j.jand.2024.04.006,https://pubmed.ncbi.nlm.nih.gov/38636793
"Association of glycaemic index and glycaemic load with type 2 diabetes, cardiovascular disease, cancer, and all-cause mortality: a meta-analysis of mega cohorts of more than 100 000 participants.",2024,https://www.doi.org/10.1016/S2213-8587(23)00344-3,https://pubmed.ncbi.nlm.nih.gov/38272606
"Coffee and Colorectal Cancer: Is Improved Survival a ""Perk"" of Coffee Drinking?",2020,https://www.doi.org/10.1001/jamaoncol.2020.3313,https://pubmed.ncbi.nlm.nih.gov/32940627
Respiratory rhythm and pattern generation: Brainstem cellular and circuit mechanisms.,2022,https://www.doi.org/10.1016/B978-0-323-91534-2.00004-7,https://pubmed.ncbi.nlm.nih.gov/35965022
Modulation of inspiratory burst duration and frequency by bombesin in vitro.,2023,https://www.doi.org/10.1007/s00424-022-02663-1,https://pubmed.ncbi.nlm.nih.gov/35066612
IL12RB1 deficiency appearing in North America: expanding the clinical phenotypes.,2025,https://www.doi.org/10.1093/cid/ciaf637,https://pubmed.ncbi.nlm.nih.gov/41248676
Perspectives on the Current and Future State of Artificial Intelligence in Medical Genetics.,2025,https://www.doi.org/10.1002/ajmg.a.64118,https://pubmed.ncbi.nlm.nih.gov/40375359
The clinical geneticist workforce: Community forums to address challenges and opportunities.,2024,https://www.doi.org/10.1016/j.gim.2024.101121,https://pubmed.ncbi.nlm.nih.gov/38469792
Artificial intelligence and the impact on medical genetics.,2023,https://www.doi.org/10.1002/ajmg.c.32060,https://pubmed.ncbi.nlm.nih.gov/37565625
Efficacy of Lorlatinib in Treatment-Naive Patients With ALK-Positive Advanced NSCLC in Relation to EML4::ALK Variant Type and ALK With or Without TP53 Mutations.,2023,https://www.doi.org/10.1016/j.jtho.2023.07.023,https://pubmed.ncbi.nlm.nih.gov/37541389
"Early Circulating Tumor DNA Dynamics and Efficacy of Lorlatinib in Patients With Treatment-Naive, Advanced, ALK-Positive NSCLC.",2023,https://www.doi.org/10.1016/j.jtho.2023.05.021,https://pubmed.ncbi.nlm.nih.gov/37295609
Should all babies have their genome sequenced at birth?,2021,https://www.doi.org/10.1136/bmj.n2679,https://pubmed.ncbi.nlm.nih.gov/34789511
Can artificial intelligence save medical genetics?,2022,https://www.doi.org/10.1002/ajmg.a.62538,https://pubmed.ncbi.nlm.nih.gov/34633139
Interference of nuclear mitochondrial DNA segments in mitochondrial DNA testing resembles biparental transmission of mitochondrial DNA in humans.,2021,https://www.doi.org/10.1038/s41436-021-01166-1,https://pubmed.ncbi.nlm.nih.gov/33846581
Evolving technologies in medical genetics and genomics.,2021,https://www.doi.org/10.1002/ajmg.c.31891,https://pubmed.ncbi.nlm.nih.gov/33590649
Impact of lorlatinib on patient-reported outcomes in patients with advanced ALK-positive or ROS1-positive non-small cell lung cancer.,2020,https://www.doi.org/10.1016/j.lungcan.2020.02.011,https://pubmed.ncbi.nlm.nih.gov/32344248
"Cardiovascular, cancer, and infection risks of Janus kinase inhibitors in rheumatoid arthritis and ulcerative colitis: A nationwide cohort study.",2025,https://www.doi.org/10.1111/joim.20064,https://pubmed.ncbi.nlm.nih.gov/39868841
Impact of overweight and obesity on US renal cell carcinoma incidence trends (1995-2018).,2023,https://www.doi.org/10.1002/ijc.34516,https://pubmed.ncbi.nlm.nih.gov/36929885
Response to Liu and Zhou.,2022,https://www.doi.org/10.14309/ajg.0000000000001857,https://pubmed.ncbi.nlm.nih.gov/36042562
Association between long-term exposure to particulate matter and childhood cancer: A retrospective cohort study.,2022,https://www.doi.org/10.1016/j.envres.2021.112418,https://pubmed.ncbi.nlm.nih.gov/34838756
Prediagnostic circulating inflammation-related biomarkers and gastric cancer: A case-cohort study in Japan.,2021,https://www.doi.org/10.1016/j.cyto.2021.155558,https://pubmed.ncbi.nlm.nih.gov/33985855
Circulating Levels of Sex Steroid Hormones and Gastric Cancer.,2021,https://www.doi.org/10.1016/j.arcmed.2021.03.001,https://pubmed.ncbi.nlm.nih.gov/33781580
,2021,https://www.doi.org/10.1021/acs.jproteome.0c00466,https://pubmed.ncbi.nlm.nih.gov/33108201
HTLV-1 infection and health outcomes.,2020,https://www.doi.org/10.1016/S1473-3099(20)30043-8,https://pubmed.ncbi.nlm.nih.gov/32222205
Prediagnostic circulating inflammation biomarkers and esophageal squamous cell carcinoma: A case-cohort study in Japan.,2020,https://www.doi.org/10.1002/ijc.32763,https://pubmed.ncbi.nlm.nih.gov/31671219
GZMK,2025,https://www.doi.org/10.1016/j.ard.2025.08.014,https://pubmed.ncbi.nlm.nih.gov/41162286
Glypican-3 as a Radiotheranostic Target for Neuroendocrine Prostate Cancer.,2025,https://www.doi.org/10.1016/j.eururo.2025.05.007,https://pubmed.ncbi.nlm.nih.gov/40404528
Emerging Technologies and Diagnostics at the Gold Journal.,2024,https://www.doi.org/10.1016/j.urology.2023.12.016,https://pubmed.ncbi.nlm.nih.gov/38185386
Unpacking circulating tumor DNA lends insight into prostate cancer biology and the clonal dynamics of metastasis.,2022,https://www.doi.org/10.1016/j.ccell.2022.09.002,https://pubmed.ncbi.nlm.nih.gov/36179684
"Re: Heng Li, Yucong Zhang, Dong Li, et al. Androgen Receptor Splice Variant 7 Predicts Shorter Response in Patients with Metastatic Hormone-sensitive Prostate Cancer Receiving Androgen Deprivation Therapy. Eur Urol 2021;79:879-86 AR-V7 is Rare in Hormone-sensitive Prostate Cancer: AR-V7 is Rare in Hormone-sensitive Prostate Cancer.",2022,https://www.doi.org/10.1016/j.eururo.2022.06.028,https://pubmed.ncbi.nlm.nih.gov/36038450
"Reply to Alessia Cimadamore, Liang Cheng, Antonio Lopez-Beltran, Marina Scarpelli, and Rodolfo Montironi's Letter to the Editor re: Scott Wilkinson, Huihui Ye, Fatima Karzai, et al. Nascent Prostate Cancer Heterogeneity Drives Evolution and Resistance to Intense Hormonal Therapy. Eur Urol. In press. https://doi.org/10.1016/j.eururo.2021.03.009: Focus on Intraductal Carcinoma of the Prostate.",2021,https://www.doi.org/10.1016/j.eururo.2021.06.002,https://pubmed.ncbi.nlm.nih.gov/34148711
Special issue on inverse problems in biomedical magnetic resonance.,2020,https://www.doi.org/10.1002/nbm.4417,https://pubmed.ncbi.nlm.nih.gov/33025618
A Tutorial Introduction to Inverse Problems in Magnetic Resonance.,2020,https://www.doi.org/10.1002/nbm.4315,https://pubmed.ncbi.nlm.nih.gov/32803775
Multigenerational VHL family characterized by pathogenic germline ELOC variant: Response to belzutifan.,2025,https://www.doi.org/10.1016/j.urolonc.2025.10.009,https://pubmed.ncbi.nlm.nih.gov/41224595
"Reply to Changhong Xu, Hanxue Zheng, Yun Deng, and Li Yang's Letter to the Editor re: W. Marston Linehan, Cathy Anne Pinto, Yangang Liu, et al. Longitudinal Evaluation of Clear-cell Renal cell Carcinoma in von Hippel-Lindau Disease. Eur Urol 2025:88:56-63.",2026,https://www.doi.org/10.1016/j.eururo.2025.09.4139,https://pubmed.ncbi.nlm.nih.gov/41016913
Metastasectomy outcomes in renal cell carcinoma: insights from hereditary leiomyomatosis and succinate dehydrogenase deficient cohorts.,2025,https://www.doi.org/10.1016/j.urolonc.2025.07.021,https://pubmed.ncbi.nlm.nih.gov/40935761
Real-world challenges and considerations in treating von Hippel-Lindau disease with HIF-2α inhibitors - Authors' reply.,2025,https://www.doi.org/10.1016/S1470-2045(25)00371-7,https://pubmed.ncbi.nlm.nih.gov/40609586
Bevacizumab and Erlotinib in Hereditary and Sporadic Papillary Kidney Cancer.,2025,https://www.doi.org/10.1056/NEJMoa2200900,https://pubmed.ncbi.nlm.nih.gov/40532152
Corrigendum.,2025,https://www.doi.org/10.1016/j.ophtha.2024.12.032,https://pubmed.ncbi.nlm.nih.gov/39986707
Oral Hypoxia-Inducible Factor 2α Inhibitor Belzutifan in Ocular von Hippel-Lindau Disease: Subgroup Analysis of the Single-Arm Phase 2 LITESPARK-004 Study.,2024,https://www.doi.org/10.1016/j.ophtha.2024.05.024,https://pubmed.ncbi.nlm.nih.gov/38849055
Special populations in metastatic renal cell carcinoma.,2024,https://www.doi.org/10.1097/CCO.0000000000001028,https://pubmed.ncbi.nlm.nih.gov/38573208
Kidney cancer: from genes to therapy.,2021,https://www.doi.org/10.1016/j.currproblcancer.2021.100773,https://pubmed.ncbi.nlm.nih.gov/34261604
Dissection of Gαs and Hedgehog Signaling Crosstalk Reveals Therapeutic Opportunities to Target Hedgehog-Dependent Tumors.,2025,https://www.doi.org/10.1158/0008-5472.CAN-25-1109,https://pubmed.ncbi.nlm.nih.gov/41460725
Author Correction: Structural basis for pre-tRNA recognition and processing by the human tRNA splicing endonuclease complex.,2024,https://www.doi.org/10.1038/s41594-024-01213-w,https://pubmed.ncbi.nlm.nih.gov/38196035
Continuous antithrombin III infusion in a clinically relevant sepsis model.,2025,https://www.doi.org/10.1097/SHK.0000000000002648,https://pubmed.ncbi.nlm.nih.gov/40663443
Virus-mediated gene fusion: igniting and sustaining oncogenesis.,2025,https://www.doi.org/10.1016/j.trecan.2025.10.008,https://pubmed.ncbi.nlm.nih.gov/41207822
Clearance of Squamous-Cell Carcinoma by Restoring T-Cell Receptor Signaling. Reply.,2025,https://www.doi.org/10.1056/NEJMc2512150,https://pubmed.ncbi.nlm.nih.gov/41061245
Insight Into Current BK Polyomavirus Research Efforts: BK Day Meeting 2024.,2025,https://www.doi.org/10.1097/TP.0000000000005437,https://pubmed.ncbi.nlm.nih.gov/40396771
Microhomology-mediated repair machinery and its relationship with HPV-mediated oncogenesis.,2024,https://www.doi.org/10.1002/jmv.29674,https://pubmed.ncbi.nlm.nih.gov/38757834
Detection of extensive host-virus DNA hybrids in human polyomavirus 7-associated pruritic rash.,2023,https://www.doi.org/10.1093/bjd/ljad002,https://pubmed.ncbi.nlm.nih.gov/36763778
"HPV42, a ""Low-Risk"" Type, and Digital Papillary Adenocarcinoma.",2023,https://www.doi.org/10.1158/2159-8290.CD-22-1150,https://pubmed.ncbi.nlm.nih.gov/36620882
Molecular Determinants of Sensitivity to Polatuzumab Vedotin in Diffuse Large B-Cell Lymphoma.,2024,https://www.doi.org/10.1158/2159-8290.CD-23-0802,https://pubmed.ncbi.nlm.nih.gov/38683128
Burkitt's Lymphoma.,2022,https://www.doi.org/10.1056/NEJMra2025746,https://pubmed.ncbi.nlm.nih.gov/36129999
Author Correction: The NCI Genomic Data Commons.,2021,https://www.doi.org/10.1038/s41588-021-00883-2,https://pubmed.ncbi.nlm.nih.gov/34007079
The NCI Genomic Data Commons.,2021,https://www.doi.org/10.1038/s41588-021-00791-5,https://pubmed.ncbi.nlm.nih.gov/33619384
There are more things in heaven and Earth than we dream of in our physiology.,2025,https://www.doi.org/10.1113/JP289962,https://pubmed.ncbi.nlm.nih.gov/41091568
The Testicular Cancer Consortium (TECAC): Filling Knowledge Gaps in the Genetic Etiology of Testicular Germ Cell Tumors.,2026,https://www.doi.org/10.1111/andr.70168,https://pubmed.ncbi.nlm.nih.gov/41486674
"Management of individuals with heterozygous germline pathogenic variants in RAD51C, RAD51D, and BRIP1: A clinical practice resource of the American College of Medical Genetics and Genomics (ACMG).",2025,https://www.doi.org/10.1016/j.gim.2025.101557,https://pubmed.ncbi.nlm.nih.gov/41070818
Clinical Manifestations of VEXAS Syndrome Across a Broad Spectrum of UBA1 Mutation Burden.,2025,https://www.doi.org/10.1002/art.43327,https://pubmed.ncbi.nlm.nih.gov/40976851
Prolonged Heparin Re-Exposure in a Patient With Previous Heparin-Induced Thrombocytopenia (HIT).,2025,https://www.doi.org/10.1111/ijlh.14552,https://pubmed.ncbi.nlm.nih.gov/40958598
Prognostic Significance of Germline ,2025,https://www.doi.org/10.1200/PO-24-00902,https://pubmed.ncbi.nlm.nih.gov/40267387
Management of individuals with heterozygous germline pathogenic variants in ATM: A clinical practice resource of the American College of Medical Genetics and Genomics (ACMG).,2025,https://www.doi.org/10.1016/j.gim.2024.101243,https://pubmed.ncbi.nlm.nih.gov/39636577
Hearing Science Accelerator: Sudden Sensorineural Hearing Loss-Executive Summary of Research Initiatives.,2024,https://www.doi.org/10.1097/MAO.0000000000004341,https://pubmed.ncbi.nlm.nih.gov/39473327
Neuroblastoma Predisposition and Surveillance-An Update from the 2023 AACR Childhood Cancer Predisposition Workshop.,2024,https://www.doi.org/10.1158/1078-0432.CCR-24-0237,https://pubmed.ncbi.nlm.nih.gov/38860978
Adult-Onset Cancer Predisposition Syndromes in Children and Adolescents-To Test or not to Test?,2024,https://www.doi.org/10.1158/1078-0432.CCR-23-3683,https://pubmed.ncbi.nlm.nih.gov/38411636
Response to Stern.,2024,https://www.doi.org/10.1016/j.gim.2023.101030,https://pubmed.ncbi.nlm.nih.gov/38156990
The designated record set for clinical genetic and genomic testing: A points to consider statement of the American College of Medical Genetics and Genomics (ACMG).,2023,https://www.doi.org/10.1016/j.gim.2022.11.010,https://pubmed.ncbi.nlm.nih.gov/36547466
ACMG SF v3.1 list for reporting of secondary findings in clinical exome and genome sequencing: A policy statement of the American College of Medical Genetics and Genomics (ACMG).,2022,https://www.doi.org/10.1016/j.gim.2022.04.006,https://pubmed.ncbi.nlm.nih.gov/35802134
Insights Into Immune-Mediated Disease and Cancer Risk-Delivering on the Promise of UK Biobank Big Data.,2022,https://www.doi.org/10.1001/jamaoncol.2021.5572,https://pubmed.ncbi.nlm.nih.gov/34854873
ACMG SF v3.0 list for reporting of secondary findings in clinical exome and genome sequencing: a policy statement of the American College of Medical Genetics and Genomics (ACMG).,2021,https://www.doi.org/10.1038/s41436-021-01172-3,https://pubmed.ncbi.nlm.nih.gov/34012068
Points to consider for reporting of germline variation in patients undergoing tumor testing: a statement of the American College of Medical Genetics and Genomics (ACMG).,2020,https://www.doi.org/10.1038/s41436-020-0783-8,https://pubmed.ncbi.nlm.nih.gov/32321997
"Pre-diagnosis diabetes, life-course body mass index and physical activity, and pancreatic cancer survival in older adults.",2025,https://www.doi.org/10.1093/jncics/pkaf110,https://pubmed.ncbi.nlm.nih.gov/41233986
Different diabetes types and pancreatic ductal adenocarcinoma: a Mendelian randomization and pathway/gene-set analysis.,2025,https://www.doi.org/10.1093/jnci/djaf308,https://pubmed.ncbi.nlm.nih.gov/41206949
Lipid biomarkers of habitual alcohol intake and associations with pancreatic cancer risk.,2025,https://www.doi.org/10.1093/jnci/djaf288,https://pubmed.ncbi.nlm.nih.gov/41092308
Insulin Resistance in Healthy U.S. Adults: Findings from the National Health and Nutrition Examination Survey (NHANES).,2020,https://www.doi.org/10.1158/1055-9965.EPI-19-0206,https://pubmed.ncbi.nlm.nih.gov/31641012
LOXL2-mediated chromatin compaction is required to maintain the oncogenic properties of triple-negative breast cancer cells.,2024,https://www.doi.org/10.1111/febs.17112,https://pubmed.ncbi.nlm.nih.gov/38451841
An intensivist-led telemedicine strategy did not reduce ICU LOS vs. usual care in critically ill patients.,2025,https://www.doi.org/10.7326/ANNALS-24-03607-JC,https://pubmed.ncbi.nlm.nih.gov/39899865
"In sepsis or septic shock, prolonged vs. intermittent infusion of β-lactam antibiotics reduces mortality at 90 d.",2024,https://www.doi.org/10.7326/ANNALS-24-01751-JC,https://pubmed.ncbi.nlm.nih.gov/39222508
"In sepsis, continuous and intermittent infusion of β-lactam antibiotics did not differ for mortality at 90 d.",2024,https://www.doi.org/10.7326/ANNALS-24-01752-JC,https://pubmed.ncbi.nlm.nih.gov/39222506
"Reliability of Admission Procalcitonin Testing for Capturing Bacteremia Across the Sepsis Spectrum: Real-World Utilization and Performance Characteristics, 65 U.S. Hospitals, 2008-2017.",2023,https://www.doi.org/10.1097/CCM.0000000000005968,https://pubmed.ncbi.nlm.nih.gov/37395622
Sepsis Bundles That Focus on Clinician Judgment and Proven Interventions Are Needed to Increase Bundle Compliance and Effectiveness.,2020,https://www.doi.org/10.1097/CCM.0000000000004263,https://pubmed.ncbi.nlm.nih.gov/32205611
Development of hepatic fibrosis in common variable immunodeficiency-related porto-sinusoidal vascular disorder.,2024,https://www.doi.org/10.1111/apt.18180,https://pubmed.ncbi.nlm.nih.gov/39090843
Memorial for Nils Lycke.,2023,https://www.doi.org/10.1016/j.mucimm.2022.12.004,https://pubmed.ncbi.nlm.nih.gov/36634818
A Mouse Model of Acute and Chronic Pancreatitis.,2022,https://www.doi.org/10.1002/cpz1.422,https://pubmed.ncbi.nlm.nih.gov/35468264
"In lasting tribute: Dr Thomas Waldmann, September 21, 1930, to September 25, 2021.",2022,https://www.doi.org/10.1016/j.jaci.2022.03.016,https://pubmed.ncbi.nlm.nih.gov/35410756
Treatment of Type 1 Diabetes by Microbiome Maintenance.,2022,https://www.doi.org/10.1053/j.gastro.2022.01.018,https://pubmed.ncbi.nlm.nih.gov/35065984
10-year experience of CD22 CAR T-cells for children and young adults with B-cell acute lymphoblastic leukemia.,2025,https://www.doi.org/10.1182/bloodadvances.2025017753,https://pubmed.ncbi.nlm.nih.gov/41411486
Outcomes following CD22 CAR T-cells in B-ALL: a tale of two manufacturing strategies.,2025,https://www.doi.org/10.1016/j.jcyt.2025.09.013,https://pubmed.ncbi.nlm.nih.gov/41190967
CAR-T cell expansion platforms yield distinct T cell differentiation states.,2024,https://www.doi.org/10.1016/j.jcyt.2024.03.003,https://pubmed.ncbi.nlm.nih.gov/38625071
Building smart CAR T cell therapies: The path to overcome current challenges.,2023,https://www.doi.org/10.1016/j.ccell.2023.08.011,https://pubmed.ncbi.nlm.nih.gov/37714150
Effects of extended transport on cryopreserved allogeneic hematopoietic progenitor cell (HPC) product quality and optimal methods to assess HPC stability.,2023,https://www.doi.org/10.1111/trf.17314,https://pubmed.ncbi.nlm.nih.gov/36975826
Advances in gene therapy for hematologic disease and considerations for transfusion medicine.,2020,https://www.doi.org/10.1053/j.seminhematol.2020.07.004,https://pubmed.ncbi.nlm.nih.gov/32892847
Further Personalizing Medicine in Immune Disorders: Genomic Findings and Hematopoietic Cell Transplantation Survival.,2026,https://www.doi.org/10.1097/TP.0000000000005504,https://pubmed.ncbi.nlm.nih.gov/40739694
Author Correction: GIMAP5 deficiency reveals a mammalian ceramide-driven longevity assurance pathway.,2024,https://www.doi.org/10.1038/s41590-024-01779-z,https://pubmed.ncbi.nlm.nih.gov/38347083
Interfering with Interferons: A Critical Mechanism for Critical COVID-19 Pneumonia.,2023,https://www.doi.org/10.1146/annurev-immunol-101921-050835,https://pubmed.ncbi.nlm.nih.gov/37126418
Editorial overview: Human inborn errors of immunity to infection.,2021,https://www.doi.org/10.1016/j.coi.2021.10.002,https://pubmed.ncbi.nlm.nih.gov/34742535
Genetic determinants of host immunity against human rhinovirus infections.,2020,https://www.doi.org/10.1007/s00439-020-02137-3,https://pubmed.ncbi.nlm.nih.gov/32112143
Sigma-1R-Pom121 axis preserves nuclear transport and integrity in poly-PR-induced C9orf72 ALS.,2025,https://www.doi.org/10.1016/j.nbd.2025.106992,https://pubmed.ncbi.nlm.nih.gov/40480424
At the Crossing of ER Stress and MAMs: A Key Role of Sigma-1 Receptor?,2020,https://www.doi.org/10.1007/978-3-030-12457-1_28,https://pubmed.ncbi.nlm.nih.gov/31646531
DNA damage-regulated autophagy modulator 1 (DRAM1)-induced lipophagy facilitates Toxoplasma gondii nutrient acquisition and infection.,2025,https://www.doi.org/10.1016/j.micres.2025.128383,https://pubmed.ncbi.nlm.nih.gov/41435631
"Corrigendum to ""Melaleuca alternifolia (tea tree) oil and its monoterpene constituents in treating protozoan and helminthic infections"" [Biomed. Pharmacother. 130 (2020) 1-13].",2025,https://www.doi.org/10.1016/j.biopha.2025.117974,https://pubmed.ncbi.nlm.nih.gov/40121099
Melaleuca alternifolia (tea tree) oil and its monoterpene constituents in treating protozoan and helminthic infections.,2020,https://www.doi.org/10.1016/j.biopha.2020.110624,https://pubmed.ncbi.nlm.nih.gov/33503761
'Artemisinin Resistance': Something New or Old? Something of a Misnomer?,2020,https://www.doi.org/10.1016/j.pt.2020.05.013,https://pubmed.ncbi.nlm.nih.gov/32586776
Pulse Oximetry: A Necessary Imperfect Tool in Critical Care.,2023,https://www.doi.org/10.1097/CCM.0000000000005891,https://pubmed.ncbi.nlm.nih.gov/37039519
Erratum to: Self-gated 3D stack-of-spirals UTE pulmonary imaging at 0.55 T (Magn Reson Med 2022;87:1784-1798).,2022,https://www.doi.org/10.1002/mrm.29392,https://pubmed.ncbi.nlm.nih.gov/35924665
Sarcopenia Assessment Using Fully Automated Deep Learning Predicts Cardiac Allograft Survival in Heart Transplant Recipients.,2025,https://www.doi.org/10.1161/CIRCHEARTFAILURE.125.012805,https://pubmed.ncbi.nlm.nih.gov/40832698
How well do multimodal LLMs interpret CT scans? An auto-evaluation framework for analyses.,2025,https://www.doi.org/10.1016/j.jbi.2025.104864,https://pubmed.ncbi.nlm.nih.gov/40578543
MRISegmenter: A Fully Accurate and Robust Automated Multiorgan and Structure Segmentation Tool for T1-weighted Abdominal MRI.,2025,https://www.doi.org/10.1148/radiol.241979,https://pubmed.ncbi.nlm.nih.gov/40261178
"CT-Based Body Composition Measures and Systemic Disease: A Population-Level Analysis Using Artificial Intelligence Tools in Over 100,000 Patients.",2025,https://www.doi.org/10.2214/AJR.24.32216,https://pubmed.ncbi.nlm.nih.gov/39772583
Utilizing domain knowledge to improve the classification of intravenous contrast phase of CT scans.,2025,https://www.doi.org/10.1016/j.compmedimag.2024.102458,https://pubmed.ncbi.nlm.nih.gov/39740481
Intrapatient Changes in CT-Based Body Composition After Initiation of Semaglutide (Glucagon-Like Peptide-1 Receptor Agonist) Therapy.,2024,https://www.doi.org/10.2214/AJR.24.31805,https://pubmed.ncbi.nlm.nih.gov/39230989
Interpretable medical image Visual Question Answering via multi-modal relationship graph learning.,2024,https://www.doi.org/10.1016/j.media.2024.103279,https://pubmed.ncbi.nlm.nih.gov/39079429
C-DARL: Contrastive diffusion adversarial representation learning for label-free blood vessel segmentation.,2024,https://www.doi.org/10.1016/j.media.2023.103022,https://pubmed.ncbi.nlm.nih.gov/37976870
Transparency in Radiology and Nuclear Medicine AI Research: Realistic Expectation or Pipedream?,2023,https://www.doi.org/10.1016/j.acra.2023.07.026,https://pubmed.ncbi.nlm.nih.gov/37633818
Automated Deep Learning Artificial Intelligence Tool for Spleen Segmentation on CT: Defining Volume-Based Thresholds for Splenomegaly.,2023,https://www.doi.org/10.2214/AJR.23.29478,https://pubmed.ncbi.nlm.nih.gov/37377359
Technical Adequacy of Fully Automated Artificial Intelligence Body Composition Tools: Assessment in a Heterogeneous Sample of External CT Examinations.,2023,https://www.doi.org/10.2214/AJR.22.28745,https://pubmed.ncbi.nlm.nih.gov/37095663
Role of Artificial Intelligence in PET/CT Imaging for Management of Lymphoma.,2023,https://www.doi.org/10.1053/j.semnuclmed.2022.11.003,https://pubmed.ncbi.nlm.nih.gov/36870800
AAPM task group report 273: Recommendations on best practices for AI and machine learning for computer-aided diagnosis in medical imaging.,2023,https://www.doi.org/10.1002/mp.16188,https://pubmed.ncbi.nlm.nih.gov/36565447
Fully automated CT-based adiposity assessment: comparison of the L1 and L3 vertebral levels for opportunistic prediction.,2023,https://www.doi.org/10.1007/s00261-022-03728-6,https://pubmed.ncbi.nlm.nih.gov/36369528
Utility of Fully Automated Body Composition Measures on Pretreatment Abdominal CT for Predicting Survival in Patients With Colorectal Cancer.,2023,https://www.doi.org/10.2214/AJR.22.28043,https://pubmed.ncbi.nlm.nih.gov/36000663
Confounding factors need to be accounted for in assessing bias by machine learning algorithms.,2022,https://www.doi.org/10.1038/s41591-022-01847-7,https://pubmed.ncbi.nlm.nih.gov/35710994
"Hepatic Steatosis: CT-Based Prevalence in Adults in China and the United States and Associations With Age, Sex, and Body Mass Index.",2022,https://www.doi.org/10.2214/AJR.21.26728,https://pubmed.ncbi.nlm.nih.gov/34817193
Applications of Artificial Intelligence in ,2022,https://www.doi.org/10.1016/j.cpet.2021.09.012,https://pubmed.ncbi.nlm.nih.gov/34809861
Clinical Artificial Intelligence Applications in Radiology: Chest and Abdomen.,2021,https://www.doi.org/10.1016/j.rcl.2021.07.001,https://pubmed.ncbi.nlm.nih.gov/34689882
Systematic evaluation of iterative deep neural networks for fast parallel MRI reconstruction with sensitivity-weighted coil combination.,2021,https://www.doi.org/10.1002/mrm.28827,https://pubmed.ncbi.nlm.nih.gov/34110037
Adult patient-specific CT organ dose estimations using automated segmentations and Monte Carlo simulations.,2020,https://www.doi.org/10.1088/2057-1976/ab98e6,https://pubmed.ncbi.nlm.nih.gov/33444276
A disentangled generative model for disease decomposition in chest X-rays via normal image synthesis.,2021,https://www.doi.org/10.1016/j.media.2020.101839,https://pubmed.ncbi.nlm.nih.gov/33080508
"Fully automated CT imaging biomarkers of bone, muscle, and fat: correcting for the effect of intravenous contrast.",2021,https://www.doi.org/10.1007/s00261-020-02755-5,https://pubmed.ncbi.nlm.nih.gov/32948910
Liver Steatosis Categorization on Contrast-Enhanced CT Using a Fully Automated Deep Learning Volumetric Segmentation Tool: Evaluation in 1204 Healthy Adults Using Unenhanced CT as a Reference Standard.,2021,https://www.doi.org/10.2214/AJR.20.24415,https://pubmed.ncbi.nlm.nih.gov/32936018
Utilizing Fully Automated Abdominal CT-Based Biomarkers for Opportunistic Screening for Metabolic Syndrome in Adults Without Symptoms.,2021,https://www.doi.org/10.2214/AJR.20.23049,https://pubmed.ncbi.nlm.nih.gov/32603223
Technical and Clinical Factors Affecting Success Rate of a Deep Learning Method for Pancreas Segmentation on CT.,2020,https://www.doi.org/10.1016/j.acra.2019.08.014,https://pubmed.ncbi.nlm.nih.gov/31537506
Artificial Intelligence in Musculoskeletal Imaging: A Paradigm Shift.,2020,https://www.doi.org/10.1002/jbmr.3849,https://pubmed.ncbi.nlm.nih.gov/31398274
A Machine Learning Algorithm to Estimate Sarcopenia on Abdominal CT.,2020,https://www.doi.org/10.1016/j.acra.2019.03.011,https://pubmed.ncbi.nlm.nih.gov/31126808
Identification and structural characterization of a mutant KRAS-G12V specific TCR restricted by HLA-A3.,2024,https://www.doi.org/10.1002/eji.202451079,https://pubmed.ncbi.nlm.nih.gov/39030753
Innate receptors with high specificity for HLA class I-peptide complexes.,2023,https://www.doi.org/10.1126/sciimmunol.adh1781,https://pubmed.ncbi.nlm.nih.gov/37683038
High level stable expression of recombinant HIV gp120 in glutamine synthetase gene deficient HEK293T cells.,2021,https://www.doi.org/10.1016/j.pep.2021.105837,https://pubmed.ncbi.nlm.nih.gov/33529763
Variable selection for discrete survival model with frailty in presence of left truncation and right censoring: Studying association of environmental toxicants on time-to-pregnancy.,2023,https://www.doi.org/10.1002/sim.9609,https://pubmed.ncbi.nlm.nih.gov/36457137
A multi-pollutant assessment of preconception persistent endocrine disrupting chemicals and incident pregnancy loss.,2021,https://www.doi.org/10.1016/j.envint.2021.106788,https://pubmed.ncbi.nlm.nih.gov/34332300
Genetic and epigenetic control of photoreceptor development.,2025,https://www.doi.org/10.1016/bs.ctdb.2025.03.007,https://pubmed.ncbi.nlm.nih.gov/40973235
Non-coding single-nucleotide and structural variants affecting the EYS putative promoter cause autosomal recessive retinitis pigmentosa.,2025,https://www.doi.org/10.1016/j.gim.2025.101427,https://pubmed.ncbi.nlm.nih.gov/40191993
Emc1 is essential for vision and zebrafish photoreceptor outer segment morphogenesis.,2024,https://www.doi.org/10.1096/fj.202401977R,https://pubmed.ncbi.nlm.nih.gov/39360639
A novel exome probe set captures phototransduction genes across birds (Aves) enabling efficient analysis of vision evolution.,2022,https://www.doi.org/10.1111/1755-0998.13496,https://pubmed.ncbi.nlm.nih.gov/34652059
Adherence to the Mediterranean Diet and Progression to Late Age-Related Macular Degeneration in the Age-Related Eye Disease Studies 1 and 2.,2020,https://www.doi.org/10.1016/j.ophtha.2020.04.030,https://pubmed.ncbi.nlm.nih.gov/32348832
Fully Automated Cassette-Based Production of [,2025,https://www.doi.org/10.1002/jlcr.4153,https://pubmed.ncbi.nlm.nih.gov/40616327
Sortase-Mediated Site-Specific Conjugation to Prepare Fluorine-18-Labeled Nanobodies.,2024,https://www.doi.org/10.1021/acs.bioconjchem.4c00264,https://pubmed.ncbi.nlm.nih.gov/39172920
Development and preclinical validation of 2-deoxy 2-[,2024,https://www.doi.org/10.1126/scitranslmed.adl5934,https://pubmed.ncbi.nlm.nih.gov/39141701
Fully Automated Cassette-Based Synthesis of 2-Deoxy-2-[,2024,https://www.doi.org/10.1002/jlcr.4116,https://pubmed.ncbi.nlm.nih.gov/38982015
Multivalent Gd-DOTA Decorated Oligopeptide as Sensitive MRI Molecular Probes for ,2022,https://www.doi.org/10.1021/acschemneuro.2c00236,https://pubmed.ncbi.nlm.nih.gov/36040317
Unpacking circulating tumor DNA lends insight into prostate cancer biology and the clonal dynamics of metastasis.,2022,https://www.doi.org/10.1016/j.ccell.2022.09.002,https://pubmed.ncbi.nlm.nih.gov/36179684
A central role for acetylcholine in entorhinal cortex function and dysfunction with age in humans and mice.,2025,https://www.doi.org/10.1016/j.celrep.2025.115249,https://pubmed.ncbi.nlm.nih.gov/39891909
Association between a diagnosis of diabetes mellitus and smoking abstinence: An analysis of the National Health Interview Survey (2006-2018).,2024,https://www.doi.org/10.1016/j.ypmed.2024.108085,https://pubmed.ncbi.nlm.nih.gov/39053517
A human monoclonal antibody targeting α-Gal ameliorates experimental cutaneous leishmaniasis.,2025,https://www.doi.org/10.1093/infdis/jiaf350,https://pubmed.ncbi.nlm.nih.gov/40591906
Searching for common ground.,2023,https://www.doi.org/10.1126/science.adg6261,https://pubmed.ncbi.nlm.nih.gov/36795841
Macrophages Mediate Mesoscale Brain Mechanical Homeostasis.,2025,https://www.doi.org/10.1002/adma.202517493,https://pubmed.ncbi.nlm.nih.gov/41251505
"Machines, mechanics and mechanisms of cells and tissues.",2024,https://www.doi.org/10.1016/j.ceb.2024.102346,https://pubmed.ncbi.nlm.nih.gov/38522182
Publisher Correction: Rapid biomechanical imaging at low irradiation level via dual line-scanning Brillouin microscopy.,2023,https://www.doi.org/10.1038/s41592-023-01877-0,https://pubmed.ncbi.nlm.nih.gov/37069272
Preclinical models for drug discovery for metastatic disease.,2023,https://www.doi.org/10.1016/j.cell.2023.02.026,https://pubmed.ncbi.nlm.nih.gov/37059072
Biophysical determinants of cancer organotropism.,2023,https://www.doi.org/10.1016/j.trecan.2022.11.002,https://pubmed.ncbi.nlm.nih.gov/36494310
The material properties of chromatin in vivo.,2022,https://www.doi.org/10.1126/science.add5444,https://pubmed.ncbi.nlm.nih.gov/35901166
A PIP2-stabilized syntaxin-1a structure mapped with transition metal ion FRET and unnatural fluorescent amino acids at the plasma membrane.,2025,https://www.doi.org/10.1016/j.str.2025.10.001,https://pubmed.ncbi.nlm.nih.gov/41290003
Publisher Correction: Generation of nanoscopic membrane curvature for membrane trafficking.,2024,https://www.doi.org/10.1038/s41580-024-00782-4,https://pubmed.ncbi.nlm.nih.gov/39313548
Avian-origin influenza A viruses tolerate elevated pyrexic temperatures in mammals.,2025,https://www.doi.org/10.1126/science.adq4691,https://pubmed.ncbi.nlm.nih.gov/41308154
"Corrigendum to: An early 'classical' swine H1N1 influenza virus shows similar pathogenicity to the 1918 pandemic virus in ferrets and mice [Virology, volume 393/2 (2009) 539, 338 - 345.",2025,https://www.doi.org/10.1016/j.virol.2025.110611,https://pubmed.ncbi.nlm.nih.gov/40581504
Many potential pathways to future pandemic influenza.,2023,https://www.doi.org/10.1126/scitranslmed.adj2379,https://pubmed.ncbi.nlm.nih.gov/37851826
Escaping Pandora's Box - Another Novel Coronavirus.,2020,https://www.doi.org/10.1056/NEJMp2002106,https://pubmed.ncbi.nlm.nih.gov/32101660
Outcomes following CD22 CAR T-cells in B-ALL: a tale of two manufacturing strategies.,2025,https://www.doi.org/10.1016/j.jcyt.2025.09.013,https://pubmed.ncbi.nlm.nih.gov/41190967
REMOVED: Post-Transplantation Cyclophosphamide Protects the Thymus from Alloreactive T-Cell Damage after T-Cell-Replete MHC-Haploidentical Hematopoietic Cell Transplantation but Does Not Rescue Normal Medullary Thymic Epithelial Cell Differentiation or Intrathymic Clonal Deletion.,2025,https://www.doi.org/10.1016/j.jtct.2025.01.090,https://pubmed.ncbi.nlm.nih.gov/40617647
Beyond ATP: Metabolite Networks as Regulators of Physiological and Pathological Erythroid Differentiation.,2025,https://www.doi.org/10.1152/physiol.00035.2024,https://pubmed.ncbi.nlm.nih.gov/39226028
CAR-T cell expansion platforms yield distinct T cell differentiation states.,2024,https://www.doi.org/10.1016/j.jcyt.2024.03.003,https://pubmed.ncbi.nlm.nih.gov/38625071
Publisher Correction: CD3ζ ITAMs enable ligand discrimination and antagonism by inhibiting TCR signaling in response to low-affinity peptides.,2024,https://www.doi.org/10.1038/s41590-023-01725-5,https://pubmed.ncbi.nlm.nih.gov/38057618
Co-op CARs for targeting acute myeloid leukemia.,2023,https://www.doi.org/10.1016/j.ccell.2023.09.015,https://pubmed.ncbi.nlm.nih.gov/37832553
"The Thymus - Not a Graveyard after All, Even in Adults?",2023,https://www.doi.org/10.1056/NEJMe2306576,https://pubmed.ncbi.nlm.nih.gov/37530830
Turning the tide: From fibrosis to regeneration following anti-fibrogenic cell vaccination.,2022,https://www.doi.org/10.1016/j.stem.2022.09.007,https://pubmed.ncbi.nlm.nih.gov/36206727
Targeting Glutamine Metabolism and PD-L1: A Novel Anti-tumor Pas de Deux.,2020,https://www.doi.org/10.1016/j.molcel.2020.11.005,https://pubmed.ncbi.nlm.nih.gov/33217313
A glial switch for pain-driven anxiety.,2025,https://www.doi.org/10.1016/j.neuron.2025.11.008,https://pubmed.ncbi.nlm.nih.gov/41344292
Microglial activation elicits a negative affective state through prostaglandin-mediated modulation of striatal neurons.,2021,https://www.doi.org/10.1016/j.immuni.2020.12.016,https://pubmed.ncbi.nlm.nih.gov/33476547
Glioblastoma-enriched glycosphingolipids modulate the function of human iNKT cells.,2025,https://www.doi.org/10.1093/neuonc/noaf135,https://pubmed.ncbi.nlm.nih.gov/40435375
Preface: NKT Cells for Tumor Immunotherapy.,2024,https://www.doi.org/10.1615/CritRevOncog.2023050202,https://pubmed.ncbi.nlm.nih.gov/38421709
Now where do we STAND with crizanlizumab?,2025,https://www.doi.org/10.1016/S2352-3026(25)00033-X,https://pubmed.ncbi.nlm.nih.gov/40088923
"Safety and efficacy of mitapivat in sickle cell disease (RISE UP): results from the phase 2 portion of a global, double-blind, randomised, placebo-controlled trial.",2025,https://www.doi.org/10.1016/S2352-3026(24)00319-3,https://pubmed.ncbi.nlm.nih.gov/39644907
"SGSS05-NS3, a covalent SETD8 inhibitor that activates p53 pathway in neuroblastoma.",2025,https://www.doi.org/10.1186/s13046-025-03565-7,https://pubmed.ncbi.nlm.nih.gov/41419951
Novel small molecule DMAMCL induces differentiation in rhabdomyosarcoma by downregulating of DLL1.,2024,https://www.doi.org/10.1016/j.biopha.2024.116562,https://pubmed.ncbi.nlm.nih.gov/38626518
Unraveling the Enigmatic Origin of Neuroblastoma.,2020,https://www.doi.org/10.1016/j.ccell.2020.10.016,https://pubmed.ncbi.nlm.nih.gov/33171126
Automated detection and characterization of small cell lung cancer liver metastasis on computed tomography.,2025,https://www.doi.org/10.4274/dir.2025.253310,https://pubmed.ncbi.nlm.nih.gov/41049163
"The ""Woundosome"" Concept and Its Impact on Procedural Outcomes in Patients With Chronic Limb-Threatening Ischemia.",2025,https://www.doi.org/10.1177/15266028241231745,https://pubmed.ncbi.nlm.nih.gov/38523459
SCLC Subtypes and Biomarkers of the Transformative Immunotherapy Responses.,2023,https://www.doi.org/10.1016/j.jtho.2023.06.009,https://pubmed.ncbi.nlm.nih.gov/37599042
"The dark side of circular RNA, a new driver of genome instability.",2023,https://www.doi.org/10.1016/j.chembiol.2023.07.013,https://pubmed.ncbi.nlm.nih.gov/37595549
Translational research: A patient-centered approach to bridge the valley of death.,2022,https://www.doi.org/10.1016/j.ccell.2022.04.014,https://pubmed.ncbi.nlm.nih.gov/35561672
Lenvatinib for thymic carcinomas.,2020,https://www.doi.org/10.1016/S1470-2045(20)30213-8,https://pubmed.ncbi.nlm.nih.gov/32502438
Intracardiac Involvement by Primary Malignant Mesothelioma: A Report of Two Cases.,2020,https://www.doi.org/10.1016/j.jtho.2019.08.2504,https://pubmed.ncbi.nlm.nih.gov/32127186
Venglustat in GM2 gangliosidoses and related disorders: Results of the AMETHIST randomized controlled and basket trials.,2025,https://www.doi.org/10.1016/j.gim.2025.101615,https://pubmed.ncbi.nlm.nih.gov/41108138
Neurodevelopmental Phenotyping and Genotyping in the Pediatric National Institute of Health Undiagnosed Disease Program.,2025,https://www.doi.org/10.1002/ajmg.b.33047,https://pubmed.ncbi.nlm.nih.gov/40696854
Reactivation of mTOR signaling slows neurodegeneration in a lysosomal sphingolipid storage disease.,2025,https://www.doi.org/10.1016/j.nbd.2024.106760,https://pubmed.ncbi.nlm.nih.gov/39647513
,2024,https://www.doi.org/10.1056/NEJMe2313791,https://pubmed.ncbi.nlm.nih.gov/38294981
Risks and benefits of anesthesia for combined pediatric procedures in the NIH undiagnosed diseases program.,2023,https://www.doi.org/10.1016/j.ymgme.2023.107707,https://pubmed.ncbi.nlm.nih.gov/37883914
"Ixochymostatin, a trypsin inhibitor-like (TIL) protein from Ixodes scapularis, inhibits chymase and impairs vascular permeability.",2025,https://www.doi.org/10.1016/j.ijbiomac.2024.137949,https://pubmed.ncbi.nlm.nih.gov/39579814
Fetal Hemoglobin Research and Clinical Relevance in Sickle Cell Disease.,2025,https://www.doi.org/10.1152/physiol.00024.2025,https://pubmed.ncbi.nlm.nih.gov/41467844
"Comparative Analysis of CRISPR-Cas9, lentiviral transduction, and base editing for sickle cell disease in a murine model.",2025,https://www.doi.org/10.1182/bloodadvances.2025017321,https://pubmed.ncbi.nlm.nih.gov/41150843
Nonclinical evaluation of renizgamglogene autogedtemcel for SCD and TDT.,2025,https://www.doi.org/10.1016/j.ymthe.2025.09.031,https://pubmed.ncbi.nlm.nih.gov/40994008
BCL11A +58/+55 enhancer-editing facilitates HSPC engraftment and HbF induction in rhesus macaques conditioned with a CD45 antibody-drug conjugate.,2025,https://www.doi.org/10.1016/j.stem.2024.10.014,https://pubmed.ncbi.nlm.nih.gov/39642886
Gene therapies on the horizon for sickle cell disease: a clinician's perspective.,2024,https://www.doi.org/10.1080/17474086.2024.2386366,https://pubmed.ncbi.nlm.nih.gov/39076056
Outcomes and long-term effects of hematopoietic stem cell transplant in sickle cell disease.,2023,https://www.doi.org/10.1080/17474086.2023.2268271,https://pubmed.ncbi.nlm.nih.gov/37800996
"Gene Therapy for Hemoglobinopathies: Beta-Thalassemia, Sickle Cell Disease.",2022,https://www.doi.org/10.1016/j.hoc.2022.03.008,https://pubmed.ncbi.nlm.nih.gov/35773052
Acute Myeloid Leukemia Case after Gene Therapy for Sickle Cell Disease.,2022,https://www.doi.org/10.1056/NEJMoa2109167,https://pubmed.ncbi.nlm.nih.gov/34898140
Biologic and Clinical Efficacy of LentiGlobin for Sickle Cell Disease.,2022,https://www.doi.org/10.1056/NEJMoa2117175,https://pubmed.ncbi.nlm.nih.gov/34898139
Comparison of CD34,2021,https://www.doi.org/10.1111/bjh.17564,https://pubmed.ncbi.nlm.nih.gov/34060073
Sustained fetal hemoglobin induction in vivo is achieved by ,2021,https://www.doi.org/10.1126/scitranslmed.abb0411,https://pubmed.ncbi.nlm.nih.gov/33910976
Hematopoietic-Stem-Cell-Targeted Gene-Addition and Gene-Editing Strategies for β-hemoglobinopathies.,2021,https://www.doi.org/10.1016/j.stem.2021.01.001,https://pubmed.ncbi.nlm.nih.gov/33545079
Allogenic hematopoietic stem cell transplantation in sickle cell disease.,2021,https://www.doi.org/10.1016/j.transci.2021.103057,https://pubmed.ncbi.nlm.nih.gov/33485798
Commentary on Winzeler et al 'Low arginine vasopressin levels in patients with diabetes insipidus are not associated with anaemia'.,2021,https://www.doi.org/10.1111/cen.14377,https://pubmed.ncbi.nlm.nih.gov/33314284
Safety and feasibility of hematopoietic progenitor stem cell collection by mobilization with plerixafor followed by apheresis vs bone marrow harvest in patients with sickle cell disease in the multi-center HGB-206 trial.,2020,https://www.doi.org/10.1002/ajh.25867,https://pubmed.ncbi.nlm.nih.gov/32401372
Curative options for sickle cell disease: haploidentical stem cell transplantation or gene therapy?,2020,https://www.doi.org/10.1111/bjh.16437,https://pubmed.ncbi.nlm.nih.gov/32034776
Author Correction: Structural basis for polyglutamate chain initiation and elongation by TTLL family enzymes.,2020,https://www.doi.org/10.1038/s41594-020-0498-1,https://pubmed.ncbi.nlm.nih.gov/32792670
Previous immune checkpoint inhibitor therapy is associated with decreased COVID-19-related hospitalizations and complications in patients with cancer: Results of a propensity-matched analysis of the OnCovid registry.,2024,https://www.doi.org/10.1016/j.ijid.2023.11.021,https://pubmed.ncbi.nlm.nih.gov/38029831
Association between Human Leukocyte Antigen Alleles and Neuropathological Outcomes in Lewy Body Disease.,2025,https://www.doi.org/10.1002/ana.78075,https://pubmed.ncbi.nlm.nih.gov/41200866
From use of omics to systems biology: Identifying therapeutic targets for amyotrophic lateral sclerosis.,2024,https://www.doi.org/10.1016/bs.irn.2024.02.001,https://pubmed.ncbi.nlm.nih.gov/38802176
G507D mutation in FUS gene causes familial amyotrophic lateral sclerosis with a specific genotype-phenotype correlation.,2022,https://www.doi.org/10.1016/j.neurobiolaging.2022.05.006,https://pubmed.ncbi.nlm.nih.gov/35768328
New antisense oligonucleotide therapies reach first base in ALS.,2022,https://www.doi.org/10.1038/s41591-021-01629-7,https://pubmed.ncbi.nlm.nih.gov/35075291
Highlighting the clinical potential of HTT repeat expansions in Frontotemporal Dementia and Amyotrophic Lateral Sclerosis.,2021,https://www.doi.org/10.1016/j.neuron.2021.04.020,https://pubmed.ncbi.nlm.nih.gov/34139184
Nature meets nurture in amyotrophic lateral sclerosis.,2021,https://www.doi.org/10.1016/S1474-4422(21)00097-1,https://pubmed.ncbi.nlm.nih.gov/33894186
Plasma microRNA signature as biomarker for disease progression in frontotemporal dementia and amyotrophic lateral sclerosis.,2021,https://www.doi.org/10.1136/jnnp-2020-325478,https://pubmed.ncbi.nlm.nih.gov/33722821
Mendelian Randomization-A Journey From Obscurity to Center Stage With a Few Potholes Along the Way.,2020,https://www.doi.org/10.1001/jamaneurol.2019.3419,https://pubmed.ncbi.nlm.nih.gov/31609383
"Harnessing the Microbiome in Cancer Immunotherapy: Regulation, Prediction, and Therapeutic Targeting.",2025,https://www.doi.org/10.1146/annurev-immunol-082323-114522,https://pubmed.ncbi.nlm.nih.gov/41349548
Expression of IMPACT Curtails Metabolic Plasticity and Augments NK Cell Killing to Abrogate Metastatic Growth.,2025,https://www.doi.org/10.1158/2159-8290.CD-24-1055,https://pubmed.ncbi.nlm.nih.gov/41025961
"Altering the gut microbiome and tumor microenvironment in advanced liver cancer: A phase II study of nivolumab, tadalafil and oral vancomycin in patients with refractory primary hepatocellular carcinoma or liver dominant metastatic cancer from colorectal or pancreatic cancers.",2025,https://www.doi.org/10.1016/j.canlet.2025.217975,https://pubmed.ncbi.nlm.nih.gov/40789510
A New Dimension in Tumor Heterogeneity: Intratumoral Bacteria Impact Multifocal Hepatocellular Carcinoma Development.,2025,https://www.doi.org/10.1158/2159-8290.CD-25-0899,https://pubmed.ncbi.nlm.nih.gov/40755027
Expression of IMPACT curtails metabolic plasticity and augments NK cell killing to abrogate metastatic growth.,2025,https://www.doi.org/10.1158/2159-8290.CD-24-1055,https://pubmed.ncbi.nlm.nih.gov/40736016
Gut bacteria enable prostate cancer growth.,2021,https://www.doi.org/10.1126/science.abl7070,https://pubmed.ncbi.nlm.nih.gov/34618567
Gut microbiota composition is associated with newborn functional brain connectivity and behavioral temperament.,2021,https://www.doi.org/10.1016/j.bbi.2020.11.003,https://pubmed.ncbi.nlm.nih.gov/33157257
Microbial DNA signature in plasma enables cancer diagnosis.,2020,https://www.doi.org/10.1038/s41571-020-0391-1,https://pubmed.ncbi.nlm.nih.gov/32424197
Improving Prostate MR Image Quality in Practice-Initial Results From the ACR Prostate MR Image Quality Improvement Collaborative.,2024,https://www.doi.org/10.1016/j.jacr.2024.04.008,https://pubmed.ncbi.nlm.nih.gov/38729590
,2020,https://www.doi.org/10.1148/rg.2020190207,https://pubmed.ncbi.nlm.nih.gov/33136475
"Associations of adverse childhood experiences, inflammation, and cognition in older Black adults.",2025,https://www.doi.org/10.1016/j.psyneuen.2025.107643,https://pubmed.ncbi.nlm.nih.gov/41110208
"Effects of Nanopore Confinement on the Conformational, Dynamical, and Self-Assembly Properties of an FG-Repeat Peptide.",2025,https://www.doi.org/10.1021/acs.jpcb.5c07676,https://pubmed.ncbi.nlm.nih.gov/41342730
Quantification of Rapid Cooling of Glycerol/Water Solutions Based on Photoluminescence from Thioflavin T.,2024,https://www.doi.org/10.1021/acs.jpcb.4c07105,https://pubmed.ncbi.nlm.nih.gov/39627173
High Seropositivity to rK39 and Capture of Leishmania-Infected Sand Flies in Bihar and Jharkhand Emphasize the Need for Post-Elimination Surveillance of Visceral Leishmaniasis in India.,2025,https://www.doi.org/10.1093/infdis/jiaf543,https://pubmed.ncbi.nlm.nih.gov/41324335
The potential use of arginine kinase from the brown tick Rhipicephalus sanguineus as a biomarker for vector exposure in the surveillance of Rocky Mountain spotted fever.,2024,https://www.doi.org/10.1016/j.ram.2024.08.001,https://pubmed.ncbi.nlm.nih.gov/39358169
Understanding pathogen survival and transmission by arthropod vectors to prevent human disease.,2022,https://www.doi.org/10.1126/science.abc2757,https://pubmed.ncbi.nlm.nih.gov/36173836
Leishmaniasis: the act of transmission.,2021,https://www.doi.org/10.1016/j.pt.2021.07.003,https://pubmed.ncbi.nlm.nih.gov/34389215
Heme Oxygenase-1 Induction by Blood-Feeding Arthropods Controls Skin Inflammation and Promotes Disease Tolerance.,2020,https://www.doi.org/10.1016/j.celrep.2020.108317,https://pubmed.ncbi.nlm.nih.gov/33113362
A Lutzomyia longipalpis Salivary Protein Induces Cross-Reactive Antibodies to Pemphigus Autoantigen Desmoglein 1.,2020,https://www.doi.org/10.1016/j.jid.2020.02.041,https://pubmed.ncbi.nlm.nih.gov/32360599
Agaphelin modulates the activation of human bronchial epithelial cells induced by lipopolysaccharide and IL-4.,2020,https://www.doi.org/10.1016/j.imbio.2020.151937,https://pubmed.ncbi.nlm.nih.gov/32201094
RNA-coupled CRISPR screens reveal ZNF207 as a regulator of LMNA aberrant splicing in progeria.,2025,https://www.doi.org/10.1016/j.molcel.2025.12.003,https://pubmed.ncbi.nlm.nih.gov/41475346
Attenuating ribosome load improves protein output from mRNA by limiting translation-dependent mRNA decay.,2024,https://www.doi.org/10.1016/j.celrep.2024.114098,https://pubmed.ncbi.nlm.nih.gov/38625793
Dynamic views of molecular recognition in protein-nucleic acid complexes.,2022,https://www.doi.org/10.1016/j.sbi.2022.102500,https://pubmed.ncbi.nlm.nih.gov/36402027
Comprehensive Proteomics Analysis of the Hemolymph Composition of Sugar-Fed ,2024,https://www.doi.org/10.1021/acs.jproteome.3c00918,https://pubmed.ncbi.nlm.nih.gov/38576391
Acquisition of human plasminogen facilitates complement evasion by the malaria parasite Plasmodium falciparum.,2021,https://www.doi.org/10.1002/eji.202048718,https://pubmed.ncbi.nlm.nih.gov/33022775
Non-invasive tracking of rAAV-mediated gene expression in the liver through a genetically encoded MRI reporter gene.,2025,https://www.doi.org/10.1016/j.ymthe.2025.11.014,https://pubmed.ncbi.nlm.nih.gov/41234010
Breath biopsy in inborn errors of metabolism: A proof-of-principle study in propionic acidemia.,2025,https://www.doi.org/10.1016/j.ymgme.2024.109005,https://pubmed.ncbi.nlm.nih.gov/39787887
Mission possible: Gene therapy for inherited metabolic diseases.,2024,https://www.doi.org/10.1002/jimd.12708,https://pubmed.ncbi.nlm.nih.gov/38221761
Gene therapy for organic acidemias: Lessons learned from methylmalonic and propionic acidemia.,2024,https://www.doi.org/10.1002/jimd.12665,https://pubmed.ncbi.nlm.nih.gov/37530705
Treatment of metabolic disorders using genomic technologies: Lessons from methylmalonic acidemia.,2022,https://www.doi.org/10.1002/jimd.12534,https://pubmed.ncbi.nlm.nih.gov/35766386
Safety questions for AAV gene therapy.,2021,https://www.doi.org/10.1038/s41587-020-00756-9,https://pubmed.ncbi.nlm.nih.gov/33199877
Plasma concentrations of the inflammatory adipokine lipocalin-2 are not affected by chronic alcohol exposure in rats or acute alcohol administration in people with alcohol use disorder.,2025,https://www.doi.org/10.1080/00952990.2025.2582563,https://pubmed.ncbi.nlm.nih.gov/41329966
Distinct Amygdala Neuronal Populations Control Opioid Use and Withdrawal in Mice.,2025,https://www.doi.org/10.1016/j.biopsych.2025.08.021,https://pubmed.ncbi.nlm.nih.gov/40935226
PCSK9 inhibition attenuates alcohol-associated neuronal oxidative stress and cellular injury.,2024,https://www.doi.org/10.1016/j.bbi.2024.04.022,https://pubmed.ncbi.nlm.nih.gov/38657842
Converging Structural and Functional Evidence for a Rat Salience Network.,2020,https://www.doi.org/10.1016/j.biopsych.2020.06.023,https://pubmed.ncbi.nlm.nih.gov/32981657
"Disparities in Heart Disease Mortality Among Asian American and Pacific Islander Breast Cancer Survivors, 2000 to 2019.",2025,https://www.doi.org/10.1016/j.jaccao.2025.08.003,https://pubmed.ncbi.nlm.nih.gov/40974362
Cardio-Oncology and Heart Failure: AL Amyloidosis for the Heart Failure Clinician: a Supplement to the Scientific Statement from the Heart Failure Society of America.,2025,https://www.doi.org/10.1016/j.cardfail.2024.08.046,https://pubmed.ncbi.nlm.nih.gov/39414560
Methylphenidate reorganizes cortical hierarchy through dopaminergic modulation.,2025,https://www.doi.org/10.1038/s41467-025-67477-y,https://pubmed.ncbi.nlm.nih.gov/41390824
"Goals for Opioid Use Disorder Medications - Protection, Remission, and Recovery.",2025,https://www.doi.org/10.1056/NEJMp2505377,https://pubmed.ncbi.nlm.nih.gov/41020518
Inhibition of iNOS reduced cerebral vasoconstriction from chronic cocaine and enhanced angiogenesis in the prefrontal cortex.,2025,https://www.doi.org/10.1016/j.brainresbull.2025.111490,https://pubmed.ncbi.nlm.nih.gov/40749958
Now is the time to recognize and respond to addiction to ultra-processed foods.,2025,https://www.doi.org/10.1038/s41591-025-03858-6,https://pubmed.ncbi.nlm.nih.gov/40715815
Opportunities and Needs to Advance Prevention of Substance Use Disorders.,2025,https://www.doi.org/10.1001/jamapediatrics.2025.0007,https://pubmed.ncbi.nlm.nih.gov/40029642
Obesity is associated with progressive brain structural changes.,2025,https://www.doi.org/10.1002/oby.24251,https://pubmed.ncbi.nlm.nih.gov/40025869
"Single-dose psilocybin therapy for alcohol use disorder: Pharmacokinetics, feasibility, safety and efficacy in an open-label study.",2025,https://www.doi.org/10.1177/02698811251319457,https://pubmed.ncbi.nlm.nih.gov/40018886
The Changing Approach to Addiction - From Incarceration to Treatment and Recovery Support.,2025,https://www.doi.org/10.1056/NEJMp2414224,https://pubmed.ncbi.nlm.nih.gov/39991938
Prevalence of cannabis consumption methods among people with medically recommended and nonmedical cannabis use in the United States.,2025,https://www.doi.org/10.1111/add.16741,https://pubmed.ncbi.nlm.nih.gov/39838511
Reductions in Substance Use as Outcome Targets for Treatment Development.,2024,https://www.doi.org/10.1176/appi.ajp.20240841,https://pubmed.ncbi.nlm.nih.gov/39482950
GLP-1R agonist medications for addiction treatment.,2025,https://www.doi.org/10.1111/add.16626,https://pubmed.ncbi.nlm.nih.gov/39049203
Drugs and Addiction Science: NIDA Celebrates 50 Years of Research and Looks to the Future.,2024,https://www.doi.org/10.1176/appi.ajp.20230880,https://pubmed.ncbi.nlm.nih.gov/38706329
Seasonality in regional brain glucose metabolism.,2024,https://www.doi.org/10.1017/S0033291724000436,https://pubmed.ncbi.nlm.nih.gov/38634486
The NIDA Avenir award in genetics or epigenetics of substance use disorders.,2023,https://www.doi.org/10.1016/j.mcn.2023.103899,https://pubmed.ncbi.nlm.nih.gov/37739148
"Cardiac and mortality outcome differences between methadone, buprenorphine and naltrexone prescriptions in patients with an opioid use disorder.",2023,https://www.doi.org/10.1002/jclp.23582,https://pubmed.ncbi.nlm.nih.gov/37584532
Psychedelics as Therapeutics-Potential and Challenges.,2023,https://www.doi.org/10.1001/jamapsychiatry.2023.1968,https://pubmed.ncbi.nlm.nih.gov/37494019
Habenula Volume and Functional Connectivity Changes Following Laparoscopic Sleeve Gastrectomy for Obesity Treatment.,2024,https://www.doi.org/10.1016/j.biopsych.2023.07.009,https://pubmed.ncbi.nlm.nih.gov/37480977
"Preterm birth associated alterations in brain structure, cognitive functioning and behavior in children from the ABCD dataset.",2024,https://www.doi.org/10.1017/S0033291723001757,https://pubmed.ncbi.nlm.nih.gov/37365781
Testing for Fentanyl - Urgent Need for Practice-Relevant and Public Health Research.,2023,https://www.doi.org/10.1056/NEJMp2302857,https://pubmed.ncbi.nlm.nih.gov/37306505
Fentanyl and Other Opioid Use Disorders: Treatment and Research Needs.,2023,https://www.doi.org/10.1176/appi.ajp.20230273,https://pubmed.ncbi.nlm.nih.gov/37259512
Neural correlates of decreased impulsivity during delay discounting task after laparoscopic sleeve gastrectomy.,2023,https://www.doi.org/10.1002/oby.23763,https://pubmed.ncbi.nlm.nih.gov/37203333
Preaddiction-A Missing Concept for Treating Substance Use Disorders.,2022,https://www.doi.org/10.1001/jamapsychiatry.2022.1652,https://pubmed.ncbi.nlm.nih.gov/35793096
Research to Move Policy - Using Evidence to Advance Health Equity for Substance Use Disorders.,2022,https://www.doi.org/10.1056/NEJMp2202740,https://pubmed.ncbi.nlm.nih.gov/35687034
Need for comprehensive and timely data to address the opioid overdose epidemic without a blindfold.,2022,https://www.doi.org/10.1111/add.15957,https://pubmed.ncbi.nlm.nih.gov/35611646
Association of Severity of Adolescent Substance Use Disorders and Long-term Outcomes.,2022,https://www.doi.org/10.1001/jamanetworkopen.2022.5656,https://pubmed.ncbi.nlm.nih.gov/35363272
Intentional Drug Overdose Deaths in the United States.,2022,https://www.doi.org/10.1176/appi.ajp.2021.21060604,https://pubmed.ncbi.nlm.nih.gov/35105166
Habenular and mediodorsal thalamic connectivity predict persistent weight loss after laparoscopic sleeve gastrectomy.,2022,https://www.doi.org/10.1002/oby.23325,https://pubmed.ncbi.nlm.nih.gov/34889060
The Helping to End Addiction Long-term (HEAL) Initiative of the National Institutes of Health.,2021,https://www.doi.org/10.1001/jama.2021.13300,https://pubmed.ncbi.nlm.nih.gov/34436519
How Academic Medicine Can Help Confront the Opioid Crisis.,2022,https://www.doi.org/10.1097/ACM.0000000000004289,https://pubmed.ncbi.nlm.nih.gov/34348384
Extended-Release Buprenorphine and Its Evaluation With Patient-Reported Outcomes.,2021,https://www.doi.org/10.1001/jamanetworkopen.2021.9708,https://pubmed.ncbi.nlm.nih.gov/33970262
"To end the opioid crisis, we must address painful social disparities.",2021,https://www.doi.org/10.1016/j.drugalcdep.2021.108678,https://pubmed.ncbi.nlm.nih.gov/33757712
Sensory cue reactivity: Sensitization in alcohol use disorder and obesity.,2021,https://www.doi.org/10.1016/j.neubiorev.2021.02.014,https://pubmed.ncbi.nlm.nih.gov/33587959
Interventions to Address the Opioid Crisis-Modeling Predictions and Consequences of Inaction.,2021,https://www.doi.org/10.1001/jamanetworkopen.2020.37385,https://pubmed.ncbi.nlm.nih.gov/33587129
"The Healthy Brain and Child Development Study-Shedding Light on Opioid Exposure, COVID-19, and Health Disparities.",2021,https://www.doi.org/10.1001/jamapsychiatry.2020.3803,https://pubmed.ncbi.nlm.nih.gov/33295951
Multi-Agency Development of Medical Countermeasures Against Opioid-Induced Respiratory Depression.,2021,https://www.doi.org/10.1002/cpt.2070,https://pubmed.ncbi.nlm.nih.gov/33170949
Resting activity of the hippocampus and amygdala in obese individuals predicts their response to food cues.,2021,https://www.doi.org/10.1111/adb.12974,https://pubmed.ncbi.nlm.nih.gov/33084195
Ethical Imperatives to Overcome Stigma Against People With Substance Use Disorders.,2020,https://www.doi.org/10.1001/amajethics.2020.702,https://pubmed.ncbi.nlm.nih.gov/32880359
Opportunities for Research on the Treatment of Substance Use Disorders in the Context of COVID-19.,2020,https://www.doi.org/10.1001/jamapsychiatry.2020.3177,https://pubmed.ncbi.nlm.nih.gov/32870241
Personality traits in substance use disorders and obesity when compared to healthy controls.,2020,https://www.doi.org/10.1111/add.15062,https://pubmed.ncbi.nlm.nih.gov/32350970
Stigma and the Toll of Addiction.,2020,https://www.doi.org/10.1056/NEJMp1917360,https://pubmed.ncbi.nlm.nih.gov/32242351
Personalizing the Treatment of Substance Use Disorders.,2020,https://www.doi.org/10.1176/appi.ajp.2019.19121284,https://pubmed.ncbi.nlm.nih.gov/32008390
"Translating Opioid Pharmacology From Bench to Bedside, and Back.",2020,https://www.doi.org/10.1016/j.biopsych.2019.05.026,https://pubmed.ncbi.nlm.nih.gov/31806084
Neurobiology of the Opioid Epidemic: Basic and Translational Perspectives.,2020,https://www.doi.org/10.1016/j.biopsych.2019.09.003,https://pubmed.ncbi.nlm.nih.gov/31806083
"Out with the old, in with the new: Pioneer transcription factors as activators and repressors of lineage specification genes.",2024,https://www.doi.org/10.1016/j.molcel.2023.12.031,https://pubmed.ncbi.nlm.nih.gov/38307001
Epigenetic remodelling upon FGFR inhibition.,2021,https://www.doi.org/10.1038/s41556-021-00782-y,https://pubmed.ncbi.nlm.nih.gov/34737444
"Correction: The CHD4-related syndrome: a comprehensive investigation of the clinical spectrum, genotype-phenotype correlations, and molecular basis.",2020,https://www.doi.org/10.1038/s41436-019-0727-3,https://pubmed.ncbi.nlm.nih.gov/31844176
Can the COVID-19 pandemic advance neuroinfectious research?,2025,https://www.doi.org/10.1016/j.bbi.2025.106233,https://pubmed.ncbi.nlm.nih.gov/41421733
Association of LDL cargo proteins with white matter hyperintensity volume in older adults from the atherosclerosis risk in communities study.,2025,https://www.doi.org/10.1177/13872877251401480,https://pubmed.ncbi.nlm.nih.gov/41384835
Biological organ ages associate with risk of chronic diseases in a community-based population.,2025,https://www.doi.org/10.1172/jci.insight.197304,https://pubmed.ncbi.nlm.nih.gov/41355799
Post-infection brain atrophy accelerates cognitive and molecular changes underlying dementia.,2025,https://www.doi.org/10.1186/s13195-025-01924-2,https://pubmed.ncbi.nlm.nih.gov/41350755
"Associations of adverse childhood experiences, inflammation, and cognition in older Black adults.",2025,https://www.doi.org/10.1016/j.psyneuen.2025.107643,https://pubmed.ncbi.nlm.nih.gov/41110208
Associations of Traumatic Brain Injury and Mild Behavioral Impairment With Cognitive Function and Dementia.,2025,https://www.doi.org/10.1177/08919887251317726,https://pubmed.ncbi.nlm.nih.gov/39882790
Associations Between Mid-Life Psychosocial Measures and Estimated Late Life Amyloid Burden: The Atherosclerosis Risk in Communities (ARIC)-PET Study.,2024,https://www.doi.org/10.3233/JAD-231218,https://pubmed.ncbi.nlm.nih.gov/38339934
Diverse experiences and approaches to tele neuropsychology: Commentary and reflections over the past year of COVID-19.,2022,https://www.doi.org/10.1080/13854046.2022.2027022,https://pubmed.ncbi.nlm.nih.gov/35068358
Effects of Xylanase A double mutation on substrate specificity and structural dynamics.,2024,https://www.doi.org/10.1016/j.jsb.2024.108082,https://pubmed.ncbi.nlm.nih.gov/38438058
Targeted protein degradation: from small molecules to complex organelles-a Keystone Symposia report.,2022,https://www.doi.org/10.1111/nyas.14745,https://pubmed.ncbi.nlm.nih.gov/35000205
Electrokinetic Detection of Single-Molecule Phosphorylation.,2025,https://www.doi.org/10.1021/jacs.5c05073,https://pubmed.ncbi.nlm.nih.gov/40498956
Nontuberculous mycobacterial pulmonary disease and associated risk factors in China: A prospective surveillance study.,2021,https://www.doi.org/10.1016/j.jinf.2021.05.019,https://pubmed.ncbi.nlm.nih.gov/34048821
Deep Convolutional Neural Network-Aided Detection of Portal Hypertension in Patients With Cirrhosis.,2020,https://www.doi.org/10.1016/j.cgh.2020.03.034,https://pubmed.ncbi.nlm.nih.gov/32205218
The Lancet Commission on addressing the global hepatocellular carcinoma burden: comprehensive strategies from prevention to treatment.,2025,https://www.doi.org/10.1016/S0140-6736(25)01042-6,https://pubmed.ncbi.nlm.nih.gov/40744051
Beneficial infections of the enterovirus genus in patients with liver cancer.,2025,https://www.doi.org/10.1136/gutjnl-2024-334681,https://pubmed.ncbi.nlm.nih.gov/40345802
Roles of Cellular Neighborhoods in Hepatocellular Carcinoma Pathogenesis.,2025,https://www.doi.org/10.1146/annurev-pathmechdis-111523-023520,https://pubmed.ncbi.nlm.nih.gov/39854188
Alcohol-associated liver cancer.,2024,https://www.doi.org/10.1097/HEP.0000000000000890,https://pubmed.ncbi.nlm.nih.gov/38607725
Targeting WNT/β-Catenin via Modulating EZH2 Function: A New Chapter in the Treatment of β-Catenin Mutant Hepatocellular Carcinoma?,2023,https://www.doi.org/10.1158/0008-5472.CAN-23-2921,https://pubmed.ncbi.nlm.nih.gov/37747420
Causes and functional intricacies of inter- and intratumor heterogeneity of primary liver cancers.,2022,https://www.doi.org/10.1016/bs.acr.2022.01.006,https://pubmed.ncbi.nlm.nih.gov/35961709
Single-cell biology uncovers apoptotic cell death and its spatial organization as a potential modifier of tumor diversity in HCC.,2022,https://www.doi.org/10.1002/hep.32345,https://pubmed.ncbi.nlm.nih.gov/35034369
MicroRNA-15a/16-1 Prevents Hepatocellular Carcinoma by Disrupting the Communication Between Kupffer Cells and Regulatory T Cells.,2022,https://www.doi.org/10.1053/j.gastro.2021.10.015,https://pubmed.ncbi.nlm.nih.gov/34678217
Toward a Liver Cell Atlas: Understanding Liver Biology in Health and Disease at Single-Cell Resolution.,2021,https://www.doi.org/10.1055/s-0041-1729970,https://pubmed.ncbi.nlm.nih.gov/34130336
Understanding the Cause and Consequence of Tumor Heterogeneity.,2020,https://www.doi.org/10.1016/j.trecan.2020.01.010,https://pubmed.ncbi.nlm.nih.gov/32209440
Inhibition of oligomeric BAX by an anti-apoptotic dimer.,2025,https://www.doi.org/10.1016/j.cell.2025.10.037,https://pubmed.ncbi.nlm.nih.gov/41274283
Deriving RNA topological structure from SAXS.,2022,https://www.doi.org/10.1016/bs.mie.2022.08.037,https://pubmed.ncbi.nlm.nih.gov/36410961
Mix-and-Inject Serial Femtosecond Crystallography to Capture RNA Riboswitch Intermediates.,2023,https://www.doi.org/10.1007/978-1-0716-2687-0_16,https://pubmed.ncbi.nlm.nih.gov/36227573
Combining Biophysical Methods for Structure-Function Analyses of RNA in Solution.,2023,https://www.doi.org/10.1007/978-1-0716-2687-0_11,https://pubmed.ncbi.nlm.nih.gov/36227568
"Drinking water nitrate, disinfection byproducts, and prostate cancer incidence in the Agricultural Health Study.",2025,https://www.doi.org/10.1093/jnci/djaf350,https://pubmed.ncbi.nlm.nih.gov/41423865
Occupational heat exposure and stomach cancer risk in a pooled analysis of two Spanish case-control studies in the stomach cancer pooling project - StoP consortium.,2025,https://www.doi.org/10.1016/j.canep.2025.102938,https://pubmed.ncbi.nlm.nih.gov/41056765
Exposures to drinking water contaminants in community water systems and risk of ovarian cancer in the California Teachers Study cohort.,2025,https://www.doi.org/10.1289/EHP16582,https://pubmed.ncbi.nlm.nih.gov/40471647
Long-Term Exposure to Uranium and Arsenic in Community Drinking Water and CKD Risk Among California Women.,2025,https://www.doi.org/10.1053/j.ajkd.2025.04.008,https://pubmed.ncbi.nlm.nih.gov/40381930
"Elevated 2,4-dichlorophenoxyacetic acid (2,4-D) herbicide concentrations in the household dust of farmers with recent occupational use.",2023,https://www.doi.org/10.1080/15459624.2023.2198588,https://pubmed.ncbi.nlm.nih.gov/37017362
"Peptic ulcer as mediator of the association between risk of gastric cancer and socioeconomic status, tobacco smoking, alcohol drinking and salt intake.",2022,https://www.doi.org/10.1136/jech-2022-219074,https://pubmed.ncbi.nlm.nih.gov/35831132
Exposure to nitrate from drinking water and the risk of childhood cancer in Denmark.,2021,https://www.doi.org/10.1016/j.envint.2021.106613,https://pubmed.ncbi.nlm.nih.gov/33965769
Outdoor light at night and postmenopausal breast cancer risk in the NIH-AARP diet and health study.,2020,https://www.doi.org/10.1002/ijc.33016,https://pubmed.ncbi.nlm.nih.gov/32488897
"Perinatal photoperiod and childhood cancer: pooled results from 182,856 individuals in the international childhood cancer cohort consortium (I4C).",2020,https://www.doi.org/10.1080/07420528.2020.1740724,https://pubmed.ncbi.nlm.nih.gov/32233647
A system for high-throughput axonal imaging of induced pluripotent stem cell-derived human i,2026,https://www.doi.org/10.1091/mbc.E25-06-0300,https://pubmed.ncbi.nlm.nih.gov/41337653
Mechanism of cytarabine-induced neurotoxicity.,2025,https://www.doi.org/10.1038/s41586-025-09210-9,https://pubmed.ncbi.nlm.nih.gov/40562930
Large structural variants in KOLF2.1J are unlikely to compromise neurological disease modeling.,2024,https://www.doi.org/10.1016/j.stem.2024.02.006,https://pubmed.ncbi.nlm.nih.gov/38458177
A reproducible signature of cytoskeletal and ALS-related genes in human motoneurons.,2023,https://www.doi.org/10.1016/j.neuron.2023.10.034,https://pubmed.ncbi.nlm.nih.gov/38061331
IL-36 mediates immune activation in Sjögren's disease and may represent a novel biomarker of disease.,2025,https://www.doi.org/10.1093/jleuko/qiaf183,https://pubmed.ncbi.nlm.nih.gov/41430745
GZMK,2025,https://www.doi.org/10.1016/j.ard.2025.08.014,https://pubmed.ncbi.nlm.nih.gov/41162286
Investigation of Lysosome-Associated Membrane Protein 3 Highlighting the Role of Lysosome in Pathophysiology and Treatment of Sjögren Disease.,2025,https://www.doi.org/10.1002/art.43347,https://pubmed.ncbi.nlm.nih.gov/40757483
Dissection of Gαs and Hedgehog Signaling Crosstalk Reveals Therapeutic Opportunities to Target Hedgehog-Dependent Tumors.,2025,https://www.doi.org/10.1158/0008-5472.CAN-25-1109,https://pubmed.ncbi.nlm.nih.gov/41460725
Membrane glycoproteins get another go: the GlycoSwitch.,2025,https://www.doi.org/10.1016/j.tcb.2025.09.005,https://pubmed.ncbi.nlm.nih.gov/41173705
Illuminating Mammalian Cell Migration in Native Tissues at Subcellular and Molecular Resolution.,2025,https://www.doi.org/10.1101/cshperspect.a041742,https://pubmed.ncbi.nlm.nih.gov/40987528
Publisher Correction: Growth factor-triggered de-sialylation controls glycolipid-lectin-driven endocytosis.,2025,https://www.doi.org/10.1038/s41556-025-01643-8,https://pubmed.ncbi.nlm.nih.gov/40000851
"Expand, push, break, release, repair: A unique way to secrete macromolecules.",2022,https://www.doi.org/10.1126/scisignal.add5975,https://pubmed.ncbi.nlm.nih.gov/36126116
"Aberrant protein expression of Appl1, Sortilin and Syndecan-1 during the biological progression of prostate cancer.",2023,https://www.doi.org/10.1016/j.pathol.2022.08.001,https://pubmed.ncbi.nlm.nih.gov/36089417
Intravital Subcellular Microscopy of the Mammary Gland.,2022,https://www.doi.org/10.3791/63674,https://pubmed.ncbi.nlm.nih.gov/35815986
Diagnostic labels and clusters based on oxygen requirements in preterm infants with chronic lung disease: a data-driven exploratory cluster analysis in two independent cohorts.,2025,https://www.doi.org/10.1016/S2352-4642(25)00314-1,https://pubmed.ncbi.nlm.nih.gov/41412137
Erratum corrige: Stressful life events are associated with the diagnosis of systemic autoimmune rheumatic diseases among adults.,2025,https://www.doi.org/10.55563/clinexprheumatol/6c34gi,https://pubmed.ncbi.nlm.nih.gov/40072873
Assessment of Vascular Patterning in the Zebrafish.,2021,https://www.doi.org/10.1007/978-1-0716-0916-3_15,https://pubmed.ncbi.nlm.nih.gov/32754820
c-MET inhibition: novel treatment for sporadic and MEN1-associated GEP NETs.,2020,https://www.doi.org/10.1530/JME-20-0020,https://pubmed.ncbi.nlm.nih.gov/32384260
Biopsies from Healthy Volunteers to Advance Precision Medicine.,2023,https://www.doi.org/10.1056/NEJMp2307451,https://pubmed.ncbi.nlm.nih.gov/37952126
HPV vaccination following cervical intraepithelial neoplasia grade 2 diagnosis and risk of progression.,2026,https://www.doi.org/10.1111/aogs.70128,https://pubmed.ncbi.nlm.nih.gov/41480949
Impact of repeatedly screening negative on cervical cancer risk.,2025,https://www.doi.org/10.1093/jnci/djaf317,https://pubmed.ncbi.nlm.nih.gov/41183123
Performance of the Alinity m HR HPV assay on self-collected vaginal samples compared to clinician-collected cervical samples.,2025,https://www.doi.org/10.1016/j.jcv.2025.105883,https://pubmed.ncbi.nlm.nih.gov/41161016
Clarifying the complex relationship between obesity and posttreatment CIN3+: evidence gaps and clinical research priorities (reply to letter to the editor).,2025,https://www.doi.org/10.1016/j.ajog.2025.09.004,https://pubmed.ncbi.nlm.nih.gov/40939643
"Age-specific incidence and five-year relative survival of endometrial cancer histotypes by race and ethnicity among US women, 2000 to 2019.",2025,https://www.doi.org/10.1016/j.ygyno.2025.07.011,https://pubmed.ncbi.nlm.nih.gov/40752271
Accuracy of HPV Self-Collection Compared with Clinician-Collected HPV Testing and Cytology: A Meta-analysis.,2025,https://www.doi.org/10.1158/1055-9965.EPI-25-0362,https://pubmed.ncbi.nlm.nih.gov/40643571
The Effect of Preanalytical Conditions on Blood-Based Inflammation Biomarkers.,2025,https://www.doi.org/10.1021/acs.jproteome.5c00225,https://pubmed.ncbi.nlm.nih.gov/40531187
"Screening for Anal Cancer Among Men Who Have Sex With Men With HIV: Benefits, Harms, and Cost-Effectiveness Analyses.",2025,https://www.doi.org/10.7326/ANNALS-24-01426,https://pubmed.ncbi.nlm.nih.gov/40523287
Ovarian cancer risk and survival according to tumor sex hormone receptor expression: An ovarian Cancer association consortium and ovarian tumor tissue analysis consortium pooled analysis.,2025,https://www.doi.org/10.1016/j.ygyno.2025.05.013,https://pubmed.ncbi.nlm.nih.gov/40482607
Active surveillance of cervical intraepithelial neoplasia grade 2 is not associated with an increased risk of noncervical anogenital human papillomavirus-related cancer and precancer: a population-based cohort study.,2025,https://www.doi.org/10.1016/j.ajog.2025.05.039,https://pubmed.ncbi.nlm.nih.gov/40473093
State-Specific Incidence of Endometrial Cancer in the United States by Histologic Subtype Corrected for Hysterectomy Prevalence from 2010 to 2019.,2025,https://www.doi.org/10.1158/1055-9965.EPI-25-0057,https://pubmed.ncbi.nlm.nih.gov/40392197
A Prospective Study Consortium for the Discovery and Validation of Early Detection Markers for Ovarian Cancer - Baseline Findings for CA125.,2025,https://www.doi.org/10.1158/1078-0432.CCR-24-1845,https://pubmed.ncbi.nlm.nih.gov/40227208
Reflections Regarding Validation of New HPV Tests With Reduced HPV Genotypes: Report From an IARC Expert Consultation.,2025,https://www.doi.org/10.1002/jmv.70310,https://pubmed.ncbi.nlm.nih.gov/40109087
"Reply to comments on: ""International Anal Neoplasia Society's consensus guidelines for anal cancer screening"".",2025,https://www.doi.org/10.1002/ijc.35394,https://pubmed.ncbi.nlm.nih.gov/40072261
"Federal Cervical Cancer Collaborative: Improving cervical cancer prevention through vaccination, screening, and management in safety-net settings of care.",2025,https://www.doi.org/10.1002/cncr.35655,https://pubmed.ncbi.nlm.nih.gov/39660744
Associations of obesity with post-treatment risks of cervical precancer and cancer.,2025,https://www.doi.org/10.1016/j.ajog.2024.12.002,https://pubmed.ncbi.nlm.nih.gov/39647654
Criteria for second generation comparator tests in validation of novel HPV DNA tests for use in cervical cancer screening.,2024,https://www.doi.org/10.1002/jmv.29881,https://pubmed.ncbi.nlm.nih.gov/39221498
Ovarian cancer risk prediction: a clinical epidemiology perspective.,2025,https://www.doi.org/10.1093/aje/kwae293,https://pubmed.ncbi.nlm.nih.gov/39168836
International Anal Neoplasia Society's consensus guidelines for anal cancer screening.,2024,https://www.doi.org/10.1002/ijc.34850,https://pubmed.ncbi.nlm.nih.gov/38297406
Primary HPV Screening vs Cotesting for Cervical Cancer-Reply.,2023,https://www.doi.org/10.1001/jama.2023.20373,https://pubmed.ncbi.nlm.nih.gov/38051330
Authors' reply.,2024,https://www.doi.org/10.1111/1471-0528.17657,https://pubmed.ncbi.nlm.nih.gov/37667640
Cervical Cancer Screening: A Review.,2023,https://www.doi.org/10.1001/jama.2023.13174,https://pubmed.ncbi.nlm.nih.gov/37552298
"Response to comments on: ""A systematic review and meta-analysis of cytology and HPV-related biomarkers for anal cancer screening among different risk groups"".",2023,https://www.doi.org/10.1002/ijc.34642,https://pubmed.ncbi.nlm.nih.gov/37401760
Use of risk-based cervical screening programs in resource-limited settings.,2023,https://www.doi.org/10.1016/j.canep.2023.102369,https://pubmed.ncbi.nlm.nih.gov/37105017
HPV mRNA testing in cervical cancer screening - Authors' reply.,2022,https://www.doi.org/10.1016/S1470-2045(22)00551-4,https://pubmed.ncbi.nlm.nih.gov/36174618
Accuracy and effectiveness of HPV mRNA testing in cervical cancer screening: a systematic review and meta-analysis.,2022,https://www.doi.org/10.1016/S1470-2045(22)00294-7,https://pubmed.ncbi.nlm.nih.gov/35709810
Using Natural Language Processing to Improve Discrete Data Capture From Interpretive Cervical Biopsy Diagnoses at a Large Health Care Organization.,2023,https://www.doi.org/10.5858/arpa.2021-0410-OA,https://pubmed.ncbi.nlm.nih.gov/35390126
"Reply to: Comments on ""Meta-analysis of agreement/concordance statistics in studies comparing self- vs clinician-collected samples for HPV testing in cervical cancer screening"".",2022,https://www.doi.org/10.1002/ijc.34013,https://pubmed.ncbi.nlm.nih.gov/35377490
Meta-analysis of agreement/concordance statistics in studies comparing self- vs clinician-collected samples for HPV testing in cervical cancer screening.,2022,https://www.doi.org/10.1002/ijc.33967,https://pubmed.ncbi.nlm.nih.gov/35179777
The IARC Perspective on Cervical Cancer Screening. Reply.,2022,https://www.doi.org/10.1056/NEJMc2119177,https://pubmed.ncbi.nlm.nih.gov/35139285
What Contributes to Pregnancy Complications Among Women With Cervical Intraepithelial Neoplasia Grade 3?,2022,https://www.doi.org/10.7326/M21-4666,https://pubmed.ncbi.nlm.nih.gov/35130047
Development of a large biorepository of cervical specimens for the Improving Risk Informed HPV Screening study (IRIS).,2021,https://www.doi.org/10.1016/j.jcv.2021.105014,https://pubmed.ncbi.nlm.nih.gov/34768232
Rethinking Cervical Cancer Screening in Brazil Post COVID-19: A Global Opportunity to Adopt Higher Impact Strategies.,2021,https://www.doi.org/10.1158/1940-6207.CAPR-21-0110,https://pubmed.ncbi.nlm.nih.gov/34607876
Erratum: 2019 ASCCP Risk-Based Management Consensus Guidelines for Abnormal Cervical Cancer Screening Tests and Cancer Precursors.,2021,https://www.doi.org/10.1097/LGT.0000000000000628,https://pubmed.ncbi.nlm.nih.gov/34542089
Liquid Biopsy for Cancer Detection: Clinical and Epidemiologic Considerations.,2021,https://www.doi.org/10.1158/1078-0432.CCR-21-2426,https://pubmed.ncbi.nlm.nih.gov/34462288
2020 list of human papillomavirus assays suitable for primary cervical cancer screening.,2021,https://www.doi.org/10.1016/j.cmi.2021.04.031,https://pubmed.ncbi.nlm.nih.gov/33975008
"Cervical Cancer Screening-Past, Present, and Future.",2021,https://www.doi.org/10.1158/1055-9965.EPI-20-1628,https://pubmed.ncbi.nlm.nih.gov/33857013
Treatment approaches for women with positive cervical screening results in low-and middle-income countries.,2021,https://www.doi.org/10.1016/j.ypmed.2021.106439,https://pubmed.ncbi.nlm.nih.gov/33678236
Trends in hysterectomy-corrected uterine cancer mortality rates during 2002 to 2015: mortality of nonendometrioid cancer on the rise?,2021,https://www.doi.org/10.1002/ijc.33219,https://pubmed.ncbi.nlm.nih.gov/32683690
Toward a risk-based approach to evaluate and manage abnormal uterine bleeding.,2020,https://www.doi.org/10.1016/j.ajog.2020.05.050,https://pubmed.ncbi.nlm.nih.gov/32497608
Genital Powder Use and Ovarian Cancer-Reply.,2020,https://www.doi.org/10.1001/jama.2020.3861,https://pubmed.ncbi.nlm.nih.gov/32453361
Challenges Associated With Cervical Cancer Screening and Management in Obese Women: A Provider Perspective.,2020,https://www.doi.org/10.1097/LGT.0000000000000506,https://pubmed.ncbi.nlm.nih.gov/32243314
A study of the risks of CIN3+ detection after multiple rounds of HPV testing: Results of the 15-year cervical cancer screening experience at Kaiser Permanente Northern California.,2020,https://www.doi.org/10.1002/ijc.32950,https://pubmed.ncbi.nlm.nih.gov/32141607
Identification of HPV genotypes causing cervical precancer using tissue-based genotyping.,2020,https://www.doi.org/10.1002/ijc.32919,https://pubmed.ncbi.nlm.nih.gov/32037535
Ultrasound detection of endometrial cancer in women with postmenopausal bleeding: Systematic review and meta-analysis.,2020,https://www.doi.org/10.1016/j.ygyno.2020.01.032,https://pubmed.ncbi.nlm.nih.gov/32008795
Development of Mutant M,2025,https://www.doi.org/10.1021/acs.biochem.5c00036,https://pubmed.ncbi.nlm.nih.gov/40489785
Regulation of GLP-1 and Glucagon Receptor Function by β-Arrestins in Metabolically Important Cell Types.,2025,https://www.doi.org/10.1021/acs.biochem.4c00867,https://pubmed.ncbi.nlm.nih.gov/39983043
β-Arrestins as Important Regulators of Glucose and Energy Homeostasis.,2022,https://www.doi.org/10.1146/annurev-physiol-060721-092948,https://pubmed.ncbi.nlm.nih.gov/34705480
Use of DREADD Technology to Identify Novel Targets for Antidiabetic Drugs.,2021,https://www.doi.org/10.1146/annurev-pharmtox-030220-121042,https://pubmed.ncbi.nlm.nih.gov/32746768
Beta-cell M,2020,https://www.doi.org/10.1016/j.intimp.2020.106267,https://pubmed.ncbi.nlm.nih.gov/32044662
"Pharmacologic Inhibition of SIRT1 Limits the Growth of Tumoral and Metastatic Granulosa Cells by Affecting mTOR, Myc, and E2F Pathways.",2025,https://www.doi.org/10.1158/1535-7163.MCT-24-0957,https://pubmed.ncbi.nlm.nih.gov/40165749
Air pollution and breast cancer incidence in a United States-wide prospective cohort study: Examining sensitive periods of exposure.,2025,https://www.doi.org/10.1016/j.envint.2025.109966,https://pubmed.ncbi.nlm.nih.gov/41330098
Author Correction: Enteric neurons increase maternal food intake during reproduction.,2020,https://www.doi.org/10.1038/s41586-020-3013-2,https://pubmed.ncbi.nlm.nih.gov/33303962
"Environmental multiple sclerosis (MS) risk factors, genetic MS risk, and brain development in a general paediatric population.",2025,https://www.doi.org/10.1136/jnnp-2024-335053,https://pubmed.ncbi.nlm.nih.gov/39658135
Can neuroimaging measures differentiate the disease course of anorexia nervosa? A systematic review.,2023,https://www.doi.org/10.1016/j.jpsychires.2023.05.059,https://pubmed.ncbi.nlm.nih.gov/37263169
Embracing diversity and inclusivity in an academic setting: Insights from the Organization for Human Brain Mapping.,2021,https://www.doi.org/10.1016/j.neuroimage.2021.117742,https://pubmed.ncbi.nlm.nih.gov/33454405
"Corrigendum to 'Localized Inflammation in Dengue Vaccine-Induced Skin Rash Is Not Associated with Continuous Presence of Dengue Virus Genome' Journal of Investigative Dermatology Volume 145, Issue 8, August 2025, Pages 2021-2033.e3.",2026,https://www.doi.org/10.1016/j.jid.2025.10.583,https://pubmed.ncbi.nlm.nih.gov/41482999
"Summary of human West Nile virus vaccine meeting, 2024: Investigating barriers to development.",2025,https://www.doi.org/10.1016/j.vaccine.2025.127938,https://pubmed.ncbi.nlm.nih.gov/41197444
"Efficacy and safety of Butantan-DV in participants aged 2-59 years through an extended follow-up: results from a double-blind, randomised, placebo-controlled, phase 3, multicentre trial in Brazil.",2024,https://www.doi.org/10.1016/S1473-3099(24)00376-1,https://pubmed.ncbi.nlm.nih.gov/39116904
"Live, Attenuated, Tetravalent Butantan-Dengue Vaccine in Children and Adults.",2024,https://www.doi.org/10.1056/NEJMoa2301790,https://pubmed.ncbi.nlm.nih.gov/38294972
"Safety and immunogenicity of the tetravalent, live-attenuated dengue vaccine Butantan-DV in adults in Brazil: a two-step, double-blind, randomised placebo-controlled phase 2 trial.",2020,https://www.doi.org/10.1016/S1473-3099(20)30023-2,https://pubmed.ncbi.nlm.nih.gov/32220283
The Bacterial Hsp90 Chaperone: Cellular Functions and Mechanism of Action.,2021,https://www.doi.org/10.1146/annurev-micro-032421-035644,https://pubmed.ncbi.nlm.nih.gov/34375543
The Prostate is a Common Site of Disease in Patients with MEN2B and Medullary Thyroid Carcinoma.,2025,https://www.doi.org/10.1530/ERC-24-0243,https://pubmed.ncbi.nlm.nih.gov/41378514
Trends in Childhood and Adolescent Cancer Incidence Rates in the United States between 2001 and 2022.,2025,https://www.doi.org/10.1158/2159-8290.CD-25-1493,https://pubmed.ncbi.nlm.nih.gov/41370847
Challenges in Assessing Response in Clinical Trials for Neurofibromatosis Type 1 Plexiform Neurofibromas.,2025,https://www.doi.org/10.1200/JCO-24-02733,https://pubmed.ncbi.nlm.nih.gov/40106744
Risk of carcinomas among children and adolescents with birth defects.,2025,https://www.doi.org/10.1016/j.canep.2025.102748,https://pubmed.ncbi.nlm.nih.gov/39848200
Advances in pediatric oncology through collaborations.,2025,https://www.doi.org/10.1097/MOP.0000000000001429,https://pubmed.ncbi.nlm.nih.gov/39699098
Childhood cancer data initiative: Status report.,2024,https://www.doi.org/10.1002/pbc.30745,https://pubmed.ncbi.nlm.nih.gov/37889049
"Advances, challenges and progress in pediatric hematology and oncology.",2023,https://www.doi.org/10.1097/MOP.0000000000001214,https://pubmed.ncbi.nlm.nih.gov/36592025
"Chordoma: Current status, problems, and future directions.",2021,https://www.doi.org/10.1016/j.currproblcancer.2021.100771,https://pubmed.ncbi.nlm.nih.gov/34266694
Are Some Randomized Clinical Trials Impossible?,2021,https://www.doi.org/10.1097/BPO.0000000000001650,https://pubmed.ncbi.nlm.nih.gov/32852366
Immune checkpoint inhibitors for refractory childhood cancers.,2020,https://www.doi.org/10.1016/S1470-2045(19)30777-6,https://pubmed.ncbi.nlm.nih.gov/31780254
A Decade of Ibrutinib for CLL with and without TP53 Aberration: Final Report on an Investigator-Sponsored Phase 2 Study.,2025,https://www.doi.org/10.1182/blood.2025029971,https://pubmed.ncbi.nlm.nih.gov/41405491
Sudden death and asymptomatic arrhythmia in chronic lymphocytic leukemia patients treated with ibrutinib.,2025,https://www.doi.org/10.1016/j.hrthm.2025.10.014,https://pubmed.ncbi.nlm.nih.gov/41077373
Activation and exhaustion of CD8 T cells in patients with chronic lymphocytic leukemia treated with ibrutinib and pembrolizumab.,2025,https://www.doi.org/10.1093/jimmun/vkaf182,https://pubmed.ncbi.nlm.nih.gov/40796313
Potentiating CD20 monoclonal antibody therapy by targeting complement C3 fragments covalently deposited on lymphoma cells.,2025,https://www.doi.org/10.1182/blood.2024024846,https://pubmed.ncbi.nlm.nih.gov/39774793
Genomic risk stratification in chronic lymphocytic leukemia.,2024,N/A,https://pubmed.ncbi.nlm.nih.gov/38294734
Interruption of BTK inhibitor improves response to SARS-CoV-2 booster vaccination in patients with CLL.,2023,https://www.doi.org/10.1080/10428194.2023.2258243,https://pubmed.ncbi.nlm.nih.gov/37732614
"Collaborations, colleagues, and friendships: The Hematology Branch and blood disease centers in Asia.",2022,https://www.doi.org/10.1053/j.seminhematol.2022.03.006,https://pubmed.ncbi.nlm.nih.gov/35491061
Fetal biometry and maternal characteristics for second trimester prediction of stillbirth.,2025,https://www.doi.org/10.1111/aogs.70112,https://pubmed.ncbi.nlm.nih.gov/41345859
"Variability of menstrual cycles by age, polycystic ovary syndrome, and early-life cycle irregularity in the apple Women's Health Study.",2025,https://www.doi.org/10.1016/j.ajog.2025.11.031,https://pubmed.ncbi.nlm.nih.gov/41297783
Prenatal Smoking Exposures and Epigenome-wide Methylation in Newborn Blood.,2025,https://www.doi.org/10.1289/EHP16303,https://pubmed.ncbi.nlm.nih.gov/40478623
The FDA Declares Levonorgestrel a Nonabortifacient-A 50-Year Saga Takes a Decisive Turn.,2023,https://www.doi.org/10.1001/jamahealthforum.2023.2257,https://pubmed.ncbi.nlm.nih.gov/37540521
'Cross-over' risks of pregnancy: Are cardiovascular disease risk factors an underlying cause?,2022,https://www.doi.org/10.1111/ppe.12899,https://pubmed.ncbi.nlm.nih.gov/35770319
The Authors Reply.,2022,https://www.doi.org/10.1007/s10654-022-00848-7,https://pubmed.ncbi.nlm.nih.gov/35275313
Corticosteroid Therapy and Long-Term Outcomes of Post-Infectious Inflammatory Syndrome in Non-HIV Immunosuppressed Cryptococcal Meningitis: A Multicenter Case Series.,2026,https://www.doi.org/10.1093/infdis/jiaf620,https://pubmed.ncbi.nlm.nih.gov/41486473
Cerebral Venous Thrombosis in Previously Healthy Patients with Cryptococcal Meningitis.,2025,https://www.doi.org/10.1093/infdis/jiaf653,https://pubmed.ncbi.nlm.nih.gov/41443253
Target product profile and discovery and development path for novel cryptococcal disease treatments.,2025,https://www.doi.org/10.1016/j.jinf.2025.106643,https://pubmed.ncbi.nlm.nih.gov/41176291
Adrenal corticosteroids and increased intracranial pressure in nonimmunocompromised patients with cryptococcal meningitis.,2025,https://www.doi.org/10.1093/infdis/jiaf490,https://pubmed.ncbi.nlm.nih.gov/40988493
Development and preclinical validation of 2-deoxy 2-[,2024,https://www.doi.org/10.1126/scitranslmed.adl5934,https://pubmed.ncbi.nlm.nih.gov/39141701
Cryptococcal Disease in Diverse Hosts.,2024,https://www.doi.org/10.1056/NEJMra2311057,https://pubmed.ncbi.nlm.nih.gov/38692293
"Metal manipulators and regulators in human pathogens: A comprehensive review on microbial redox copper metalloenzymes ""multicopper oxidases and superoxide dismutases"".",2023,https://www.doi.org/10.1016/j.ijbiomac.2023.123534,https://pubmed.ncbi.nlm.nih.gov/36740121
Immune Reconstitution Inflammatory Syndrome Complicating Cryptococcal Meningitis in a Pediatric Heart Transplant Patient.,2022,https://www.doi.org/10.1097/INF.0000000000003335,https://pubmed.ncbi.nlm.nih.gov/34609105
"Enitociclib (VIP152), venetoclax and prednisone in relapsed or refractory aggressive non-Hodgkin lymphoma.",2025,https://www.doi.org/10.1111/bjh.70234,https://pubmed.ncbi.nlm.nih.gov/41169010
Phase 2 study of alemtuzumab and dose-adjusted EPOCH-R in relapsed or refractory aggressive B-cell lymphomas.,2025,https://www.doi.org/10.1080/10428194.2025.2457553,https://pubmed.ncbi.nlm.nih.gov/39899393
"Interferon alfa-2b in patients with low-grade lymphomatoid granulomatosis and chemotherapy with DA-EPOCH-R in patients with high-grade lymphomatoid granulomatosis: an open-label, single-centre, phase 2 trial.",2023,https://www.doi.org/10.1016/S2352-3026(23)00029-7,https://pubmed.ncbi.nlm.nih.gov/37011643
Burkitt's Lymphoma.,2022,https://www.doi.org/10.1056/NEJMra2025746,https://pubmed.ncbi.nlm.nih.gov/36129999
Front-Line treatment of diffuse large B-Cell lymphoma in patients with cardiovascular comorbidities; omission of anthracycline reduces cure.,2022,https://www.doi.org/10.1080/10428194.2021.2002323,https://pubmed.ncbi.nlm.nih.gov/34763592
The development of liquid biopsy for research and clinical practice in lymphomas: Report of the 15-ICML workshop on ctDNA.,2020,https://www.doi.org/10.1002/hon.2704,https://pubmed.ncbi.nlm.nih.gov/31872890
Nitrate metabolism and periodontal health: The roles of nitric oxide in microbial killing and immunoregulation.,2025,https://www.doi.org/10.1111/prd.70006,https://pubmed.ncbi.nlm.nih.gov/41102935
Nitric Oxide and Cancer: When to Give and When to Take Away?,2021,https://www.doi.org/10.1021/acs.inorgchem.1c02434,https://pubmed.ncbi.nlm.nih.gov/34694129
In conversation with Alexander Wlodawer.,2025,https://www.doi.org/10.1111/febs.17322,https://pubmed.ncbi.nlm.nih.gov/39642095
Insights into biofilm architecture and maturation enable improved clinical strategies for exopolysaccharide-targeting therapeutics.,2024,https://www.doi.org/10.1016/j.chembiol.2024.11.005,https://pubmed.ncbi.nlm.nih.gov/39637855
The three-dimensional structure of the Vint domain from Tetrahymena thermophila suggests a ligand-regulated cleavage mechanism by the HINT fold.,2024,https://www.doi.org/10.1002/1873-3468.14817,https://pubmed.ncbi.nlm.nih.gov/38351630
Development of Enzyme-Based Approaches for Recycling PET on an Industrial Scale.,2024,https://www.doi.org/10.1021/acs.biochem.3c00554,https://pubmed.ncbi.nlm.nih.gov/38285602
Overview of the Properties of Glutamic Peptidases That Are Present in Plant and Bacterial Pathogens and Play a Role in Celiac Disease and Cancer.,2023,https://www.doi.org/10.1021/acs.biochem.2c00622,https://pubmed.ncbi.nlm.nih.gov/36705990
"Serine-Carboxyl Peptidases, Sedolisins: From Discovery to Evolution.",2022,https://www.doi.org/10.1021/acs.biochem.2c00239,https://pubmed.ncbi.nlm.nih.gov/35862020
Structural and biochemical properties of L-asparaginase.,2021,https://www.doi.org/10.1111/febs.16042,https://pubmed.ncbi.nlm.nih.gov/34060231
Protein crystallography: alive and well.,2021,https://www.doi.org/10.1111/febs.15822,https://pubmed.ncbi.nlm.nih.gov/33759375
"Celebrating the 75th birthday of Professor Wladek Minor, one of the most accomplished Polish-American structural biologists.",2021,https://www.doi.org/10.18388/abp.2020_5539,https://pubmed.ncbi.nlm.nih.gov/33476109
Mechanism of Catalysis by l-Asparaginase.,2020,https://www.doi.org/10.1021/acs.biochem.0c00116,https://pubmed.ncbi.nlm.nih.gov/32364696
"Exposure to household air pollution in relation to stomach and esophageal cancer in Xuanwei, China.",2025,https://www.doi.org/10.1016/j.envint.2025.109889,https://pubmed.ncbi.nlm.nih.gov/41202457
Sleep Quality and Outcomes in Preclinical Heart Failure: A Prospective UK Biobank Cohort Study.,2025,https://www.doi.org/10.1016/j.amjmed.2025.05.037,https://pubmed.ncbi.nlm.nih.gov/40466883
Polygenic Risk Score and Lung Adenocarcinoma Risk Among Never-Smokers by EGFR Mutation Status: A Brief Report.,2025,https://www.doi.org/10.1016/j.jtho.2024.11.019,https://pubmed.ncbi.nlm.nih.gov/39581378
Occupational exposure to benzene and risk of non-Hodgkin lymphoma in an extended follow-up of two population-based prospective cohorts of Chinese men and women.,2024,https://www.doi.org/10.1002/ijc.35095,https://pubmed.ncbi.nlm.nih.gov/39221990
Expanded PAH analysis of household air pollution in a rural region of China with high lung cancer incidence.,2024,https://www.doi.org/10.1016/j.envpol.2024.124717,https://pubmed.ncbi.nlm.nih.gov/39147225
"Household air pollution from, and fuel efficiency of, different coal types following local cooking practices in Xuanwei, China.",2021,https://www.doi.org/10.1016/j.envpol.2021.117949,https://pubmed.ncbi.nlm.nih.gov/34438166
"2,4-D exposure and urinary markers of oxidative DNA damage and lipid peroxidation: a longitudinal study.",2020,https://www.doi.org/10.1136/oemed-2019-106267,https://pubmed.ncbi.nlm.nih.gov/31996474
The gut-liver axis modulates intestinal immune homeostasis.,2025,https://www.doi.org/10.1016/j.mucimm.2025.12.001,https://pubmed.ncbi.nlm.nih.gov/41435890
Tuft cells restrain intestinal type 2 immunity through the transcription factor Spi-B.,2025,https://www.doi.org/10.1126/sciimmunol.ads5818,https://pubmed.ncbi.nlm.nih.gov/40614214
Epithelial-immune cell crosstalk for intestinal barrier homeostasis.,2024,https://www.doi.org/10.1002/eji.202350631,https://pubmed.ncbi.nlm.nih.gov/38556632
Publisher Correction: A T cell resilience model associated with response to immunotherapy in multiple tumor types.,2022,https://www.doi.org/10.1038/s41591-022-01997-8,https://pubmed.ncbi.nlm.nih.gov/35953723
Opposing effects between retinoic acid and Fibroblast growth factor in patterning the common crus and semicircular canals of the inner ear.,2025,https://www.doi.org/10.1016/j.ydbio.2025.05.026,https://pubmed.ncbi.nlm.nih.gov/40436241
Artificial intelligence-based lesion characterization and outcome prediction of prostate cancer on [,2026,https://www.doi.org/10.1016/j.radonc.2025.111265,https://pubmed.ncbi.nlm.nih.gov/41202884
The mitochondrial trans-2-enoyl-CoA reductase is necessary for mitochondrial homeostasis in C. elegans.,2025,https://www.doi.org/10.1093/genetics/iyaf166,https://pubmed.ncbi.nlm.nih.gov/40827355
Osteoarthritis treatment via the GLP-1-mediated gut-joint axis targets intestinal FXR signaling.,2025,https://www.doi.org/10.1126/science.adt0548,https://pubmed.ncbi.nlm.nih.gov/40179178
Assisted hatching decreases pregnancy outcomes in vitrified donor oocytes.,2025,https://www.doi.org/10.1016/j.fertnstert.2025.03.005,https://pubmed.ncbi.nlm.nih.gov/40064391
Are physically disabled people at high risk of coronary heart disease among disabled population - Evidence from 7.5-year retrospective cohort study.,2024,https://www.doi.org/10.1016/j.annepidem.2023.11.001,https://pubmed.ncbi.nlm.nih.gov/37926391
Effect of Exercise on Carotid Artery Intima-Media Thickness in Adults: A Systematic Review and Meta-Analysis.,2022,https://www.doi.org/10.1123/jpah.2022-0372,https://pubmed.ncbi.nlm.nih.gov/36257606
Data Resource Profile: A Protocol of China National Diabetic Chronic Complications Study.,2022,https://www.doi.org/10.3967/bes2022.078,https://pubmed.ncbi.nlm.nih.gov/35945178
Changes of Plasma Phospholipid Fatty Acids Profiles in Pregnancy in Relation to the Diagnosis and Treatment of Gestational Diabetes Mellitus.,2021,https://www.doi.org/10.1093/clinchem/hvab169,https://pubmed.ncbi.nlm.nih.gov/34632496
A longitudinal study of plasma acylcarnitines throughout pregnancy and associations with risk of gestational diabetes mellitus.,2021,https://www.doi.org/10.1016/j.clnu.2021.07.008,https://pubmed.ncbi.nlm.nih.gov/34358830
Assessment of Prognostic Factors of Racial Disparities in Testicular Germ Cell Tumor Survival in the United States (1992-2015).,2021,https://www.doi.org/10.3967/bes2021.021,https://pubmed.ncbi.nlm.nih.gov/33685574
Physiological evidence of mitochondrial permeability transition pore opening caused by lipid deposition leading to hepatic steatosis in db/db mice.,2021,https://www.doi.org/10.1016/j.freeradbiomed.2020.11.009,https://pubmed.ncbi.nlm.nih.gov/33220425
Is clathrin a membrane fission protein?,2025,https://www.doi.org/10.1016/j.tcb.2025.03.005,https://pubmed.ncbi.nlm.nih.gov/40254527
Barriers to exocytotic vesicle discharge.,2023,https://www.doi.org/10.1016/j.ceca.2023.102737,https://pubmed.ncbi.nlm.nih.gov/37099857
Confocal Microscopy to Measure Three Modes of Fusion Pore Dynamics in Adrenal Chromaffin Cells.,2022,https://www.doi.org/10.3791/63569,https://pubmed.ncbi.nlm.nih.gov/35377362
Preformed Ω-profile closure and kiss-and-run mediate endocytosis and diverse endocytic modes in neuroendocrine chromaffin cells.,2021,https://www.doi.org/10.1016/j.neuron.2021.07.019,https://pubmed.ncbi.nlm.nih.gov/34411513
The activity of early-life gene regulatory elements is hijacked in aging through pervasive AP-1-linked chromatin opening.,2024,https://www.doi.org/10.1016/j.cmet.2024.06.006,https://pubmed.ncbi.nlm.nih.gov/38959897
"Synthesis and Antiphytopathogenic Activity of Novel Oxazolidine-2,4-diones Bearing Phenoxypyridine Moiety.",2023,https://www.doi.org/10.1021/acs.jafc.3c03464,https://pubmed.ncbi.nlm.nih.gov/37728976
"Exploring biomarkers of neurodegenerative risk: associations of oxysterols, sex hormones, and reproductive characteristics in older women.",2025,https://www.doi.org/10.1016/j.jlr.2025.100938,https://pubmed.ncbi.nlm.nih.gov/41205698
Automated measurement of transepithelial electrical resistance (TEER) in 96-well transwells using ECIS TEER96: Single and multiple time point assessments.,2024,https://www.doi.org/10.1016/j.slast.2023.10.008,https://pubmed.ncbi.nlm.nih.gov/37923083
Associations between antenatal corticosteroid exposure and neurodevelopment in infants.,2022,https://www.doi.org/10.1016/j.ajog.2022.05.060,https://pubmed.ncbi.nlm.nih.gov/35667419
Validating ADME QSAR Models Using Marketed Drugs.,2021,https://www.doi.org/10.1177/24725552211017520,https://pubmed.ncbi.nlm.nih.gov/34176369
Single-cell RNA sequencing reveals genes relevant to periodontal therapy and periodontitis.,2025,https://www.doi.org/10.1152/physiolgenomics.00002.2025,https://pubmed.ncbi.nlm.nih.gov/41143768
"Publisher Correction: Integrin signalling in joint development, homeostasis and osteoarthritis.",2024,https://www.doi.org/10.1038/s41584-024-01171-z,https://pubmed.ncbi.nlm.nih.gov/39304745
Transcription factors SP5 and SP8 drive primary cilia formation in mammalian embryos.,2025,https://www.doi.org/10.1126/science.adt5663,https://pubmed.ncbi.nlm.nih.gov/40875857
The role of Wnt signaling in the development of the epiblast and axial progenitors.,2023,https://www.doi.org/10.1016/bs.ctdb.2023.01.010,https://pubmed.ncbi.nlm.nih.gov/36967193
Targeting cell cycle checkpoints for glioma therapy.,2025,https://www.doi.org/10.1016/j.pharmthera.2025.108932,https://pubmed.ncbi.nlm.nih.gov/41043693
Cancer Metabolism Meets DNA Repair: The Hidden Link to Therapy Resistance.,2025,https://www.doi.org/10.1002/bies.70073,https://pubmed.ncbi.nlm.nih.gov/41017220
Development of succinate dehydrogenase subunit B-deficient tumor models for preclinical immunotherapy testing.,2025,https://www.doi.org/10.1016/j.canlet.2025.217969,https://pubmed.ncbi.nlm.nih.gov/40774355
IDH mutation and cancer stem cell.,2022,https://www.doi.org/10.1042/EBC20220008,https://pubmed.ncbi.nlm.nih.gov/35611837
Oncometabolites in Cancer: Current Understanding and Challenges.,2021,https://www.doi.org/10.1158/0008-5472.CAN-20-3730,https://pubmed.ncbi.nlm.nih.gov/33762356
NRF2 in human neoplasm: Cancer biology and potential therapeutic target.,2021,https://www.doi.org/10.1016/j.pharmthera.2020.107664,https://pubmed.ncbi.nlm.nih.gov/32810525
The science of tumor-infiltrating lymphocytes (TIL): perspectives from the SITC Surgery Committee.,2025,https://www.doi.org/10.1136/jitc-2025-013420,https://pubmed.ncbi.nlm.nih.gov/41320228
Expression of IMPACT Curtails Metabolic Plasticity and Augments NK Cell Killing to Abrogate Metastatic Growth.,2025,https://www.doi.org/10.1158/2159-8290.CD-24-1055,https://pubmed.ncbi.nlm.nih.gov/41025961
Overall Survival with Amivantamab-Lazertinib in ,2025,https://www.doi.org/10.1056/NEJMoa2503001,https://pubmed.ncbi.nlm.nih.gov/40923797
Phase II Dose-Randomized Study of Sunvozertinib in Platinum-Pretreated Non-Small Cell Lung Cancer With Epidermal Growth Factor Receptor Exon 20 Insertion Mutations (WU-KONG1B).,2025,https://www.doi.org/10.1200/JCO-25-00788,https://pubmed.ncbi.nlm.nih.gov/40923280
Expression of IMPACT curtails metabolic plasticity and augments NK cell killing to abrogate metastatic growth.,2025,https://www.doi.org/10.1158/2159-8290.CD-24-1055,https://pubmed.ncbi.nlm.nih.gov/40736016
Publisher Correction: Neoantigen-specific tumor-infiltrating lymphocytes in gastrointestinal cancers: a phase 2 trial.,2025,https://www.doi.org/10.1038/s41591-025-03708-5,https://pubmed.ncbi.nlm.nih.gov/40234732
Identification and structural characterization of a mutant KRAS-G12V specific TCR restricted by HLA-A3.,2024,https://www.doi.org/10.1002/eji.202451079,https://pubmed.ncbi.nlm.nih.gov/39030753
Amivantamab plus Lazertinib in Previously Untreated ,2024,https://www.doi.org/10.1056/NEJMoa2403614,https://pubmed.ncbi.nlm.nih.gov/38924756
Avelumab Versus Platinum-Based Doublet Chemotherapy as First-Line Treatment for Patients With High-Expression Programmed Death-Ligand 1-Positive Metastatic NSCLC: Primary Analysis From the Phase 3 JAVELIN Lung 100 Trial.,2024,https://www.doi.org/10.1016/j.jtho.2023.09.1445,https://pubmed.ncbi.nlm.nih.gov/37748693
Next-Generation Approaches to Immuno-Oncology in GI Cancers.,2023,https://www.doi.org/10.1200/EDBK_389072,https://pubmed.ncbi.nlm.nih.gov/37290032
Clinical utility of plasma EGFR mutation detection with quantitative PCR in advanced lung cancer: A meta-analysis.,2021,https://www.doi.org/10.1016/j.lungcan.2021.02.027,https://pubmed.ncbi.nlm.nih.gov/33647577
CRISPR-free RNA base editing mediated PTC-readthrough restores hearing in mice with Otof nonsense mutation.,2025,https://www.doi.org/10.1038/s41467-025-67112-w,https://pubmed.ncbi.nlm.nih.gov/41353207
Artificial intelligence-based lesion characterization and outcome prediction of prostate cancer on [,2026,https://www.doi.org/10.1016/j.radonc.2025.111265,https://pubmed.ncbi.nlm.nih.gov/41202884
Acquired resistance during short-course treatment for rifampicin-resistant tuberculosis.,2025,https://www.doi.org/10.1016/j.cmi.2025.10.027,https://pubmed.ncbi.nlm.nih.gov/41197899
Isofraxidin Attenuates Ischemia/Reperfusion-Induced Neuroinflammation and Oxidative Stress Via Modulation of the TLR4/NF-κB Signaling Pathway in Male Animal Model.,2025,https://www.doi.org/10.1002/jbt.70555,https://pubmed.ncbi.nlm.nih.gov/41169176
"A Short, All-Oral Regimen for Pre-Extensively Drug-Resistant Tuberculosis: A Multicenter Open-label Single-arm Study.",2025,https://www.doi.org/10.1093/cid/ciaf351,https://pubmed.ncbi.nlm.nih.gov/40627770
Mutual inhibitory interaction between M1 macrophages and Schwann cells in the myelin sheath of auditory nerves.,2025,https://www.doi.org/10.1016/j.neuroscience.2025.03.039,https://pubmed.ncbi.nlm.nih.gov/40147621
Activin A enhances neurofunctional recovery following traumatic spinal cord injury by inhibiting autophagy.,2025,https://www.doi.org/10.4103/NRR.NRR-D-24-01021,https://pubmed.ncbi.nlm.nih.gov/40145959
Downregulation of Dmxl2 disrupts the hearing development in mice.,2025,https://www.doi.org/10.1016/j.neuroscience.2025.03.032,https://pubmed.ncbi.nlm.nih.gov/40118164
[Mechanism of Butylphthalide in Treating Delayed Encephalopathy After Carbon Monoxide Poisoning Based on Activation of Microglia].,2024,https://www.doi.org/10.3881/j.issn.1000-503X.16017,https://pubmed.ncbi.nlm.nih.gov/39502047
Enhanced diabetic foot ulcer treatment with a chitosan-based thermosensitive hydrogel loaded self-assembled multi-functional nanoparticles for antibacterial and angiogenic effects.,2025,https://www.doi.org/10.1016/j.carbpol.2024.122740,https://pubmed.ncbi.nlm.nih.gov/39486969
Inhibition of JNK Signaling Overcomes Cancer-Associated Fibroblast-Mediated Immunosuppression and Enhances the Efficacy of Immunotherapy in Bladder Cancer.,2024,https://www.doi.org/10.1158/0008-5472.CAN-24-0940,https://pubmed.ncbi.nlm.nih.gov/39292817
Novel Supramolecular Hydrogel for Infected Diabetic Foot Ulcer Treatment.,2024,https://www.doi.org/10.1002/adhm.202402092,https://pubmed.ncbi.nlm.nih.gov/39225408
Tailored extracellular matrix-mimetic coating facilitates reendothelialization and tissue healing of cardiac occluders.,2025,https://www.doi.org/10.1016/j.biomaterials.2024.122769,https://pubmed.ncbi.nlm.nih.gov/39208698
Improvement in the 95-95-95 Targets Is Accompanied by a Reduction in Both the Human Immunodeficiency Virus Transmission Rate and Incidence in China.,2024,https://www.doi.org/10.1093/infdis/jiae302,https://pubmed.ncbi.nlm.nih.gov/39186695
MELATONIN ATTENUATES RENAL ISCHEMIA-REPERFUSION INJURY BY REGULATING MITOCHONDRIAL DYNAMICS AND AUTOPHAGY THROUGH AMPK/DRP1.,2024,https://www.doi.org/10.1097/SHK.0000000000002330,https://pubmed.ncbi.nlm.nih.gov/38713551
Control of the Hydroquinone/Benzoquinone Redox State in High-Mobility Semiconducting Conjugated Coordination Polymers.,2024,https://www.doi.org/10.1002/anie.202320091,https://pubmed.ncbi.nlm.nih.gov/38488855
"Complete Restoration of Hearing Loss and Cochlear Synaptopathy via Minimally Invasive, Single-Dose, and Controllable Middle Ear Delivery of Brain-Derived Neurotrophic Factor-Poly(dl-lactic acid-",2024,https://www.doi.org/10.1021/acsnano.3c11049,https://pubmed.ncbi.nlm.nih.gov/38345574
Noise-induced hearing loss reduces inhibitory neurotransmitter synthesis in ventral hippocampus and contributes to the social memory deficits of mice.,2024,https://www.doi.org/10.1016/j.neulet.2023.137592,https://pubmed.ncbi.nlm.nih.gov/38103631
Prevalence of congenital cytomegalovirus infection according to the type of maternal infection in Japan.,2023,https://www.doi.org/10.1016/j.jiac.2023.01.020,https://pubmed.ncbi.nlm.nih.gov/36716861
"Regeneration of infarcted hearts by myocardial infarction-responsive injectable hydrogels with combined anti-apoptosis, anti-inflammatory and pro-angiogenesis properties.",2022,https://www.doi.org/10.1016/j.biomaterials.2022.121849,https://pubmed.ncbi.nlm.nih.gov/36252427
Inhibition of estrogen sulfation by Xian-Ling-Gu-Bao capsule.,2023,https://www.doi.org/10.1016/j.jsbmb.2022.106182,https://pubmed.ncbi.nlm.nih.gov/36152789
RSL3 triggers glioma stem cell differentiation via the Tgm2/AKT/ID1 signaling axis.,2022,https://www.doi.org/10.1016/j.bbadis.2022.166529,https://pubmed.ncbi.nlm.nih.gov/36041715
Prognostic value of preoperative platelet-related parameters and plasma fibrinogen in patients with non-muscle invasive bladder cancer after transurethral resection of bladder tumor.,2022,https://www.doi.org/10.2217/fon-2022-0223,https://pubmed.ncbi.nlm.nih.gov/35880441
Is Anti-Reflux Anastomosis an Advantage in an Orthotopic Ileal Neobladder? A Systematic Review and Meta-Analysis.,2023,https://www.doi.org/10.1159/000525017,https://pubmed.ncbi.nlm.nih.gov/35835038
A method for constructing a mouse model of congenital hearing loss by bilateral cochlear ablation.,2022,https://www.doi.org/10.1016/j.jneumeth.2022.109641,https://pubmed.ncbi.nlm.nih.gov/35688295
High-accuracy wearable detection of freezing of gait in Parkinson's disease based on pseudo-multimodal features.,2022,https://www.doi.org/10.1016/j.compbiomed.2022.105629,https://pubmed.ncbi.nlm.nih.gov/35659119
Microfibrillated cellulose-enhanced carboxymethyl chitosan/oxidized starch sponge for chronic diabetic wound repair.,2022,https://www.doi.org/10.1016/j.msec.2022.112669,https://pubmed.ncbi.nlm.nih.gov/35581075
Injectable multifunctional hyaluronic acid/methylcellulose hydrogels for chronic wounds repairing.,2022,https://www.doi.org/10.1016/j.carbpol.2022.119456,https://pubmed.ncbi.nlm.nih.gov/35483858
Dissolving microneedle-encapsulated drug-loaded nanoparticles and recombinant humanized collagen type III for the treatment of chronic wound ,2022,https://www.doi.org/10.1039/d1nr07708b,https://pubmed.ncbi.nlm.nih.gov/35006234
Correction: Microenvironment-responsive multifunctional hydrogels with spatiotemporal sequential release of tailored recombinant human collagen type III for the rapid repair of infected chronic diabetic wounds.,2022,https://www.doi.org/10.1039/d1tb90196f,https://pubmed.ncbi.nlm.nih.gov/34935847
Microenvironment-responsive multifunctional hydrogels with spatiotemporal sequential release of tailored recombinant human collagen type III for the rapid repair of infected chronic diabetic wounds.,2021,https://www.doi.org/10.1039/d1tb02170b,https://pubmed.ncbi.nlm.nih.gov/34821252
The Rate of Failure of Trabeculectomy and Tube Shunt Surgery in Eyes with Uveitic Glaucoma and Ocular Hypertension.,2025,https://www.doi.org/10.1016/j.ogla.2025.05.004,https://pubmed.ncbi.nlm.nih.gov/40412807
Complex Etiologies of the Discordance Between Cystatin C- and Creatinine-Based Estimated GFR and Its Adverse Associations: Findings From the CRIC Study.,2025,https://www.doi.org/10.1053/j.ajkd.2025.03.018,https://pubmed.ncbi.nlm.nih.gov/40373998
High-Intensity Focused Ultrasound Ablation Combined With Pharmacogenomic-Guided Chemotherapy for Advanced Pancreatic Cancer: Initial Experience.,2024,https://www.doi.org/10.1016/j.ultrasmedbio.2024.06.013,https://pubmed.ncbi.nlm.nih.gov/39025741
"A comprehensive UHPLC-MS/MS method for metabolomics profiling of signaling lipids: Markers of oxidative stress, immunity and inflammation.",2024,https://www.doi.org/10.1016/j.aca.2024.342348,https://pubmed.ncbi.nlm.nih.gov/38438234
Evaluating the long-term survival benefits of high intensity focused ultrasound ablation for hepatocellular carcinoma with portal vein tumor thrombus: a single center retrospective study.,2022,https://www.doi.org/10.1080/02656736.2022.2122595,https://pubmed.ncbi.nlm.nih.gov/36137611
A Microfluidics-Based Screening Tool to Assess the Impact of Blood Plasma Factors on Microvascular Integrity.,2021,https://www.doi.org/10.1002/adbi.202100954,https://pubmed.ncbi.nlm.nih.gov/34590440
Feasibility of High-Intensity Focused Ultrasound for Hepatocellular Carcinoma after Stereotactic Body Radiation Therapy: Initial Experience.,2020,https://www.doi.org/10.1016/j.ultrasmedbio.2020.06.013,https://pubmed.ncbi.nlm.nih.gov/32747074
The Role of SUMOylation and Ubiquitination in Brain Ischaemia: Critical Concepts and Clinical Implications.,2020,https://www.doi.org/10.21775/cimb.035.127,https://pubmed.ncbi.nlm.nih.gov/31422937
Informed Dictionary-Guided Monte Carlo Inversion for Robust and Reproducible Multidimensional MRI.,2025,https://www.doi.org/10.1002/mrm.70228,https://pubmed.ncbi.nlm.nih.gov/41457529
High-Frequency Transcranial Magnetic Stimulation Combined With Functional Magnetic Resonance Imaging Reveals Distinct Activation Patterns Associated With Different Dorsolateral Prefrontal Cortex Stimulation Sites.,2022,https://www.doi.org/10.1016/j.neurom.2022.03.002,https://pubmed.ncbi.nlm.nih.gov/35418339
Add-on repetitive transcranial magnetic stimulation in patients with opioid use disorder undergoing methadone maintenance therapy.,2021,https://www.doi.org/10.1080/00952990.2020.1849247,https://pubmed.ncbi.nlm.nih.gov/33426970
Converging Structural and Functional Evidence for a Rat Salience Network.,2020,https://www.doi.org/10.1016/j.biopsych.2020.06.023,https://pubmed.ncbi.nlm.nih.gov/32981657
Increased striatal functional connectivity is associated with improved smoking cessation outcomes: A preliminary study.,2021,https://www.doi.org/10.1111/adb.12919,https://pubmed.ncbi.nlm.nih.gov/32436626
Targeting brain functions from the scalp: Transcranial brain atlas based on large-scale fMRI data synthesis.,2020,https://www.doi.org/10.1016/j.neuroimage.2020.116550,https://pubmed.ncbi.nlm.nih.gov/31981781
Increased interregional functional connectivity of anterior insula is associated with improved smoking cessation outcome.,2020,https://www.doi.org/10.1007/s11682-019-00197-2,https://pubmed.ncbi.nlm.nih.gov/31494823
The neural mechanisms of immediate and follow-up of the treatment effect of hypnosis on smoking craving.,2020,https://www.doi.org/10.1007/s11682-019-00072-0,https://pubmed.ncbi.nlm.nih.gov/31028603
The Effect of Preanalytical Conditions on Blood-Based Inflammation Biomarkers.,2025,https://www.doi.org/10.1021/acs.jproteome.5c00225,https://pubmed.ncbi.nlm.nih.gov/40531187
"Diazoxide Choline Extended-Release Tablets in Prader-Willi Syndrome: A Randomized, Double-Blind, Withdrawal Period Study.",2026,https://www.doi.org/10.1210/clinem/dgaf661,https://pubmed.ncbi.nlm.nih.gov/41482637
Body Composition and Fat Deposition in Children with Cushing Disease and Associations with Cardiometabolic Risk Factors.,2025,https://www.doi.org/10.1016/j.jpeds.2025.114933,https://pubmed.ncbi.nlm.nih.gov/41349930
Novel Cereblon-Binding Immunomodulators Have Increased Potency Against Gammaherpesvirus- Associated Lymphomas In Vitro.,2025,https://www.doi.org/10.1002/jmv.70537,https://pubmed.ncbi.nlm.nih.gov/40767544
'A novel approach for characterisation of KSHV-associated multicentric Castleman disease from effusions': Response.,2023,https://www.doi.org/10.1111/bjh.18699,https://pubmed.ncbi.nlm.nih.gov/36794595
Drug-drug Interactions in Patients with HIV and Cancer in Sub-Saharan Africa.,2020,https://www.doi.org/10.24875/AIDSRev.20000005,https://pubmed.ncbi.nlm.nih.gov/33105469
Activity of direct KRAS(G12C) inhibitors in preclinical models of pediatric cancer.,2025,https://www.doi.org/10.1158/1535-7163.MCT-25-0022,https://pubmed.ncbi.nlm.nih.gov/41340466
Wild-type RAS signaling is an essential therapeutic target in ,2025,https://www.doi.org/10.1126/scisignal.adx5186,https://pubmed.ncbi.nlm.nih.gov/40956876
"Clinicopathologic Features, Management, and Outcomes Of Pediatric CRTC1::TRIM11 and MED15::ATF1 Tumors With Spitzoid Morphology: A Case Series.",2025,https://www.doi.org/10.1002/pbc.31814,https://pubmed.ncbi.nlm.nih.gov/40390195
ERK phosphorylation is dependent on cell adhesion in a subset of pediatric sarcoma cell lines.,2022,https://www.doi.org/10.1016/j.bbamcr.2022.119264,https://pubmed.ncbi.nlm.nih.gov/35381293
Recent Advances in the Development of Non-Invasive Imaging Probes for Cancer Immunotherapy.,2024,https://www.doi.org/10.1002/anie.202310694,https://pubmed.ncbi.nlm.nih.gov/37843426
Covalent Small Molecule Immunomodulators Targeting the Protease Active Site.,2021,https://www.doi.org/10.1021/acs.jmedchem.1c00172,https://pubmed.ncbi.nlm.nih.gov/33904753
TNIP1 and Autophagy Receptors regulate STING Signaling.,2025,https://www.doi.org/10.1091/mbc.E25-04-0190,https://pubmed.ncbi.nlm.nih.gov/41442157
Retraction Note: Parkin and PINK1 mitigate STING-induced inflammation.,2025,https://www.doi.org/10.1038/s41586-025-09346-8,https://pubmed.ncbi.nlm.nih.gov/40739362
Integrating the response to stressed mitochondria.,2024,https://www.doi.org/10.1016/j.molcel.2024.02.026,https://pubmed.ncbi.nlm.nih.gov/38518749
Mitochondrial Quality Control and Restraining Innate Immunity.,2020,https://www.doi.org/10.1146/annurev-cellbio-021820-101354,https://pubmed.ncbi.nlm.nih.gov/33021820
Somatic genetic rescue in ZCCHC8-associated telomere biology disorders.,2025,https://www.doi.org/10.1182/blood.2025031248,https://pubmed.ncbi.nlm.nih.gov/41288530
Danazol treatment for telomere biology disorders: long-term results of a phase 1/2 study.,2026,https://www.doi.org/10.1182/bloodadvances.2025017860,https://pubmed.ncbi.nlm.nih.gov/41115243
Clinical and molecular features of immunodeficiency in patients with telomere biology disorders.,2025,https://www.doi.org/10.1182/blood.2024026735,https://pubmed.ncbi.nlm.nih.gov/40561208
Single-cell analysis of aplastic anemia reveals a convergence of NK and NK-like CD8,2025,https://www.doi.org/10.1126/scitranslmed.adl6758,https://pubmed.ncbi.nlm.nih.gov/40009697
Ahemolytic PNH (white cell PNH): Clinical features and implications of a distinct phenotype of paroxysmal nocturnal haemoglobinuria.,2024,https://www.doi.org/10.1111/bjh.19395,https://pubmed.ncbi.nlm.nih.gov/38471793
Single-cell profiling of T lymphocytes in deficiency of adenosine deaminase 2.,2022,https://www.doi.org/10.1002/JLB.5A0621-314R,https://pubmed.ncbi.nlm.nih.gov/34730257
Towards treatments for VEXAS.,2022,https://www.doi.org/10.1111/bjh.17930,https://pubmed.ncbi.nlm.nih.gov/34729765
"Somatic Mutations in ""Benign"" Disease. Reply.",2021,https://www.doi.org/10.1056/NEJMc2110545,https://pubmed.ncbi.nlm.nih.gov/34496191
Immunologic effects on the haematopoietic stem cell in marrow failure.,2021,https://www.doi.org/10.1016/j.beha.2021.101276,https://pubmed.ncbi.nlm.nih.gov/34404528
"Somatic Mutations in ""Benign"" Disease.",2021,https://www.doi.org/10.1056/NEJMra2101920,https://pubmed.ncbi.nlm.nih.gov/34042390
Analysis of deficiency of adenosine deaminase 2 pathogenesis based on single-cell RNA sequencing of monocytes.,2021,https://www.doi.org/10.1002/JLB.3HI0220-119RR,https://pubmed.ncbi.nlm.nih.gov/33988272
Somatic Mutations in UBA1 Define a Distinct Subset of Relapsing Polychondritis Patients With VEXAS.,2021,https://www.doi.org/10.1002/art.41743,https://pubmed.ncbi.nlm.nih.gov/33779074
Different diabetes types and pancreatic ductal adenocarcinoma: a Mendelian randomization and pathway/gene-set analysis.,2025,https://www.doi.org/10.1093/jnci/djaf308,https://pubmed.ncbi.nlm.nih.gov/41206949
Tea Consumption and Type 2 Diabetes: Findings from the Prospective UK Biobank Cohort Study.,2025,https://www.doi.org/10.1080/27697061.2025.2475894,https://pubmed.ncbi.nlm.nih.gov/40192349
Author Correction: Genetic drivers and cellular selection of female mosaic X chromosome loss.,2024,https://www.doi.org/10.1038/s41586-024-08215-0,https://pubmed.ncbi.nlm.nih.gov/39627447
Bias and mean squared error in Mendelian randomization with invalid instrumental variables.,2024,https://www.doi.org/10.1002/gepi.22541,https://pubmed.ncbi.nlm.nih.gov/37970963
Correction: Distinct germline genetic susceptibility profiles identified for common non-Hodgkin lymphoma subtypes.,2023,https://www.doi.org/10.1038/s41375-023-01978-x,https://pubmed.ncbi.nlm.nih.gov/37666943
"Response by Shah et al to Letter Regarding Article, ""Cell-Free DNA to Detect Heart Allograft Acute Rejection"".",2021,https://www.doi.org/10.1161/CIRCULATIONAHA.121.055697,https://pubmed.ncbi.nlm.nih.gov/34491771
Retrospective versus prospective score tests for genetic association with case-control data.,2021,https://www.doi.org/10.1111/biom.13270,https://pubmed.ncbi.nlm.nih.gov/32275064
From Identification to Insight: Making Full Use of the Diagnostic Potential of MS/MS Proteotyping in Clinical Microbiology Using Efficient Bioinformatics.,2025,https://www.doi.org/10.1021/acs.jproteome.5c00733,https://pubmed.ncbi.nlm.nih.gov/41159248
Interaction at pre-bonding distances and bond formation for open p-shell atoms with different orientations of their angular momenta.,2025,https://www.doi.org/10.1063/5.0288344,https://pubmed.ncbi.nlm.nih.gov/41055197
"Application of one-stitch modified ileostomy in laparoscopic low anterior rectal resection: An open-label, randomized clinical trial.",2025,https://www.doi.org/10.1016/j.surg.2025.109860,https://pubmed.ncbi.nlm.nih.gov/41253074
Spatially Selective MicroRNA Imaging in Human Colorectal Cancer Tissues Using a Multivariate-Gated Signal Amplification Nanosensor.,2025,https://www.doi.org/10.1021/jacs.4c16001,https://pubmed.ncbi.nlm.nih.gov/39933117
"Prevalence, risk factors, and management of dementia and mild cognitive impairment in adults aged 60 years or older in China: a cross-sectional study.",2020,https://www.doi.org/10.1016/S2468-2667(20)30185-7,https://pubmed.ncbi.nlm.nih.gov/33271079
Network Localization of Functional Brain Changes Associated With Ketamine's Therapeutic Effects in Depression.,2026,https://www.doi.org/10.1016/j.biopsych.2025.11.003,https://pubmed.ncbi.nlm.nih.gov/41448733
Bifunctional modulation of NMDA and opioid receptors in ketamine reinforcement and misuse: implications for substance use disorder treatment.,2025,https://www.doi.org/10.1016/j.biopsych.2025.11.021,https://pubmed.ncbi.nlm.nih.gov/41352750
The Synergistic Effect of Bupropion-Dextromethorphan With Thyroid Supplementation in Treatment-Resistant Depression: A Case Report.,2026,https://www.doi.org/10.1097/JCP.0000000000002091,https://pubmed.ncbi.nlm.nih.gov/41031517
Ketamine to enhance methadone treatment retention in patients with opioid use disorder and co-morbid depression.,2025,https://www.doi.org/10.1080/00952990.2025.2541212,https://pubmed.ncbi.nlm.nih.gov/40844815
Blood-based biomarkers in ketamine treatment: A blueprint for translational drug development in mood disorders.,2025,https://www.doi.org/10.1016/j.jad.2025.120016,https://pubmed.ncbi.nlm.nih.gov/40780612
Ketamine in clinical practice: transitioning from anesthetic agent to psychiatric therapeutic.,2025,https://www.doi.org/10.1017/S1092852925100333,https://pubmed.ncbi.nlm.nih.gov/40583547
Assessment of complement cascade components in patients with major depressive disorder.,2025,https://www.doi.org/10.1016/j.bbi.2025.03.009,https://pubmed.ncbi.nlm.nih.gov/40064429
Making Progress in Clinical Trials for Suicide Prevention: A Review.,2025,https://www.doi.org/10.1001/jamapsychiatry.2024.4810,https://pubmed.ncbi.nlm.nih.gov/39937491
"The effect of intranasal (R,S)-ketamine on symptoms of fatigue in severe major depressive disorder or bipolar depression with and without comorbid alcohol use disorder: Results from a randomized, double-blind, placebo-controlled trial.",2024,https://www.doi.org/10.1016/j.jad.2024.08.183,https://pubmed.ncbi.nlm.nih.gov/39214377
Repurposing General Anesthetic Drugs to Treat Depression: A New Frontier for Anesthesiologists in Neuropsychiatric Care.,2024,https://www.doi.org/10.1097/ALN.0000000000005037,https://pubmed.ncbi.nlm.nih.gov/38856663
Exploring the impact of music on response to ketamine/esketamine: A scoping review.,2024,https://www.doi.org/10.1016/j.neubiorev.2024.105693,https://pubmed.ncbi.nlm.nih.gov/38697379
"A Randomized, Double-Blind, Placebo-Controlled Pilot Trial of the Acute Antisuicidal and Antidepressant Effects of Intranasal (R,S)-Ketamine in Severe Unipolar and Bipolar Depression With and Without Comorbid Alcohol Use Disorder.",2024,https://www.doi.org/10.4088/JCP.23m14974,https://pubmed.ncbi.nlm.nih.gov/38696221
Pharmacodynamic properties of lumateperone and its efficacy in acute bipolar depression: a mechanistic hypothesis based on data.,2024,https://www.doi.org/10.1016/j.euroneuro.2024.01.002,https://pubmed.ncbi.nlm.nih.gov/38310714
Antidepressant efficacy of cariprazine in bipolar disorder and the role of its pharmacodynamic properties: A hypothesis based on data.,2023,https://www.doi.org/10.1016/j.euroneuro.2023.03.009,https://pubmed.ncbi.nlm.nih.gov/37060629
"Response to ""Letter to the Editor: Comparative efficacy of racemic ketamine and esketamine for depression: A systematic review and meta-analysis."".",2023,https://www.doi.org/10.1016/j.jad.2022.12.068,https://pubmed.ncbi.nlm.nih.gov/36574849
"Erratum to ""Comparative efficacy of racemic ketamine and esketamine for depression: a systematic review and meta-analysis"" [Journal of Affective Disorders 278C (2021) 542-555].",2021,https://www.doi.org/10.1016/j.jad.2020.11.103,https://pubmed.ncbi.nlm.nih.gov/33229028
Correction to: Mapping anticipatory anhedonia: an fMRI study.,2020,https://www.doi.org/10.1007/s11682-019-00131-6,https://pubmed.ncbi.nlm.nih.gov/31172359
CYP2C29 monooxygenase promotes CDAA-HFD-induced liver fibrosis.,2025,https://www.doi.org/10.1016/j.freeradbiomed.2025.11.028,https://pubmed.ncbi.nlm.nih.gov/41265500
Preface to the Special Issue.,2023,https://www.doi.org/10.1016/j.pharmthera.2023.108497,https://pubmed.ncbi.nlm.nih.gov/37479036
Preface.,2023,https://www.doi.org/10.1016/S1054-3589(23)00031-5,https://pubmed.ncbi.nlm.nih.gov/37236767
POLM 2020 special issue preface.,2021,https://www.doi.org/10.1016/j.prostaglandins.2021.106526,https://pubmed.ncbi.nlm.nih.gov/33434647
Phl p 4: An early indicator of grass pollen allergy?,2020,https://www.doi.org/10.1016/j.jaci.2020.04.011,https://pubmed.ncbi.nlm.nih.gov/32507232
IL12RB1 deficiency appearing in North America: expanding the clinical phenotypes.,2025,https://www.doi.org/10.1093/cid/ciaf637,https://pubmed.ncbi.nlm.nih.gov/41248676
Further Personalizing Medicine in Immune Disorders: Genomic Findings and Hematopoietic Cell Transplantation Survival.,2026,https://www.doi.org/10.1097/TP.0000000000005504,https://pubmed.ncbi.nlm.nih.gov/40739694
Interferon-γ therapy in patients with refractory disseminated coccidioidomycosis.,2025,https://www.doi.org/10.1093/cid/ciaf286,https://pubmed.ncbi.nlm.nih.gov/40440413
Gastrointestinal and Hepatic Manifestations of Chronic Granulomatous Disease.,2023,https://www.doi.org/10.1016/j.jaip.2022.12.039,https://pubmed.ncbi.nlm.nih.gov/36646382
Hematologically important mutations: The autosomal forms of chronic granulomatous disease (third update).,2021,https://www.doi.org/10.1016/j.bcmd.2021.102596,https://pubmed.ncbi.nlm.nih.gov/34547651
Hematologically important mutations: X-linked chronic granulomatous disease (fourth update).,2021,https://www.doi.org/10.1016/j.bcmd.2021.102587,https://pubmed.ncbi.nlm.nih.gov/34175765
Gastrointestinal Computed Tomography Findings in Chronic Granulomatous Disease with Subgroup Clinicopathologic Analysis.,2022,https://www.doi.org/10.1007/s10620-021-06978-4,https://pubmed.ncbi.nlm.nih.gov/33934254
Safety and Efficacy of Ustekinumab in the Inflammatory Bowel Disease of Chronic Granulomatous Disease.,2022,https://www.doi.org/10.1016/j.cgh.2021.03.039,https://pubmed.ncbi.nlm.nih.gov/33813069
Successful Matched Related Bone Marrow Transplantation in a Patient with Autosomal Dominant Interferon Gamma Receptor 1 Deficiency.,2020,https://www.doi.org/10.1007/s10875-020-00826-2,https://pubmed.ncbi.nlm.nih.gov/32696284
TFEB-nuclear translocation promotes BNIP3-mediated mitophagy and alleviates oxidative stress and ferroptosis in acute pancreatitis.,2025,https://www.doi.org/10.1016/j.freeradbiomed.2025.11.045,https://pubmed.ncbi.nlm.nih.gov/41290101
Different diabetes types and pancreatic ductal adenocarcinoma: a Mendelian randomization and pathway/gene-set analysis.,2025,https://www.doi.org/10.1093/jnci/djaf308,https://pubmed.ncbi.nlm.nih.gov/41206949
Stratifying lung adenocarcinoma risk with multi-ancestry polygenic risk scores in East Asian never-smokers.,2025,https://www.doi.org/10.1093/jnci/djaf272,https://pubmed.ncbi.nlm.nih.gov/41032288
RSK1 reprograms the ubiquitin pathway to promote immune suppression.,2025,https://www.doi.org/10.1016/j.celrep.2025.116323,https://pubmed.ncbi.nlm.nih.gov/40986423
Inhibition of MMP9 ameliorates neutrophil extracellular traps-mediated necroptosis through regulation of impaired autophagy in severe acute pancreatitis.,2025,https://www.doi.org/10.1016/j.intimp.2025.115109,https://pubmed.ncbi.nlm.nih.gov/40577966
Nrf2 ameliorates defective autophagic processes and thereby inhibits ferroptosis in acute pancreatitis by suppressing Beclin1-Slc7a11 complex formation.,2025,https://www.doi.org/10.1016/j.freeradbiomed.2025.02.011,https://pubmed.ncbi.nlm.nih.gov/39947493
Polygenic Risk Score and Lung Adenocarcinoma Risk Among Never-Smokers by EGFR Mutation Status: A Brief Report.,2025,https://www.doi.org/10.1016/j.jtho.2024.11.019,https://pubmed.ncbi.nlm.nih.gov/39581378
"Corrigendum to ""Timing, initiation and function: An in-depth exploration of the interaction network among neutrophil extracellular traps related genes in acute pancreatitis"" [Int. Immunopharmacol. 141 (2024) 112923].",2024,https://www.doi.org/10.1016/j.intimp.2024.113443,https://pubmed.ncbi.nlm.nih.gov/39438219
"Timing, initiation and function: An in-depth exploration of the interaction network among neutrophil extracellular traps related genes in acute pancreatitis.",2024,https://www.doi.org/10.1016/j.intimp.2024.112923,https://pubmed.ncbi.nlm.nih.gov/39137629
The sequence kernel association test for multicategorical outcomes.,2023,https://www.doi.org/10.1002/gepi.22527,https://pubmed.ncbi.nlm.nih.gov/37078108
Structural basis of double-stranded RNA recognition by the J2 monoclonal antibody.,2025,https://www.doi.org/10.1038/s41467-025-67414-z,https://pubmed.ncbi.nlm.nih.gov/41390480
"Conduits, Doppelgängers, and Chimeras: RNA Structures at the Virus-Host Interface.",2025,https://www.doi.org/10.1146/annurev-virology-100422-031237,https://pubmed.ncbi.nlm.nih.gov/40446307
Rare pathogenic variants in WNK3 cause X-linked intellectual disability.,2022,https://www.doi.org/10.1016/j.gim.2022.05.009,https://pubmed.ncbi.nlm.nih.gov/35678782
Chemical Evolution of Aplithianine Class of Serine/Threonine Kinase Inhibitors.,2025,https://www.doi.org/10.1021/acs.jmedchem.5c00649,https://pubmed.ncbi.nlm.nih.gov/40476486
Developing Trustworthy Artificial Intelligence Models to Predict Vascular Disease Progression: the VASCUL-AID-RETRO Study Protocol.,2025,https://www.doi.org/10.1177/15266028251313963,https://pubmed.ncbi.nlm.nih.gov/39921236
"Acroamine A, a 2-Amino Adenine Alkaloid from the Marine Soft Coral ",2024,https://www.doi.org/10.1021/acs.jnatprod.4c00477,https://pubmed.ncbi.nlm.nih.gov/39142023
The Lancet Commission on diabetes: using data to transform diabetes care and patient lives.,2021,https://www.doi.org/10.1016/S0140-6736(20)32374-6,https://pubmed.ncbi.nlm.nih.gov/33189186
Heat-shock protein 70 (HSP70) polymorphisms affect the risk of coke-oven emission-induced neurobehavioral damage.,2020,https://www.doi.org/10.1016/j.neuro.2019.11.003,https://pubmed.ncbi.nlm.nih.gov/31730894
Microbiome analysis of 940 lung cancers in never-smokers reveals lack of clinically relevant associations.,2025,https://www.doi.org/10.1038/s41467-025-66780-y,https://pubmed.ncbi.nlm.nih.gov/41387456
Uncovering the role of LINE-1 in the evolution of lung adenocarcinoma.,2025,https://www.doi.org/10.1038/s41586-025-09825-y,https://pubmed.ncbi.nlm.nih.gov/41372401
Genetic determinants of gene expression noise and its role in complex trait variation.,2025,https://www.doi.org/10.1016/j.celrep.2025.116612,https://pubmed.ncbi.nlm.nih.gov/41275498
A prognostic signature for lung adenocarcinoma in patients who have never smoked.,2025,https://www.doi.org/10.1158/2159-8290.CD-25-0581,https://pubmed.ncbi.nlm.nih.gov/41165571
Stratifying lung adenocarcinoma risk with multi-ancestry polygenic risk scores in East Asian never-smokers.,2025,https://www.doi.org/10.1093/jnci/djaf272,https://pubmed.ncbi.nlm.nih.gov/41032288
Single-cell profiling of MC1R-inhibited melanocytes.,2024,https://www.doi.org/10.1111/pcmr.13141,https://pubmed.ncbi.nlm.nih.gov/37972124
Blocking smoothened cholesterylation: A strategy for overcoming drug resistance in cancer.,2024,https://www.doi.org/10.1016/j.chembiol.2024.06.005,https://pubmed.ncbi.nlm.nih.gov/39029450
Gut-microbiota-derived indole sulfate promotes heart failure in chronic kidney disease.,2025,https://www.doi.org/10.1016/j.chom.2025.08.014,https://pubmed.ncbi.nlm.nih.gov/40961933
Spatially Selective MicroRNA Imaging in Human Colorectal Cancer Tissues Using a Multivariate-Gated Signal Amplification Nanosensor.,2025,https://www.doi.org/10.1021/jacs.4c16001,https://pubmed.ncbi.nlm.nih.gov/39933117
Efficient mRNA delivery using lipid nanoparticles modified with fusogenic coiled-coil peptides.,2023,https://www.doi.org/10.1039/d3nr02175k,https://pubmed.ncbi.nlm.nih.gov/37671560
Establishing a clinical prediction model of neurosyphilis via a lumbar-puncture-free nomogram.,2025,https://www.doi.org/10.1016/j.cellimm.2025.105012,https://pubmed.ncbi.nlm.nih.gov/40834713
Generation and Functional Verification of Hypoxia-sensitive Chimeric Antigen Receptor-T Cells.,2024,https://www.doi.org/10.3791/66697,https://pubmed.ncbi.nlm.nih.gov/38949315
A fusion protein approach to integrate antiviral and anti-inflammatory activities for developing new therapeutics against influenza A virus infection.,2024,https://www.doi.org/10.1016/j.antiviral.2024.105924,https://pubmed.ncbi.nlm.nih.gov/38862076
CD160 Signaling Is Essential for CD8+ T Cell Memory Formation via Upregulation of 4-1BB.,2023,https://www.doi.org/10.4049/jimmunol.2200792,https://pubmed.ncbi.nlm.nih.gov/37695685
Expansion of Human iNKT Cells Ex Vivo.,2021,https://www.doi.org/10.1007/978-1-0716-1775-5_11,https://pubmed.ncbi.nlm.nih.gov/34524667
Current status and future development of anti-HIV chimeric antigen receptor T-cell therapy.,2021,https://www.doi.org/10.2217/imt-2020-0199,https://pubmed.ncbi.nlm.nih.gov/33225803
IFN-κ suppresses the replication of influenza A viruses through the IFNAR-MAPK-Fos-CHD6 axis.,2020,https://www.doi.org/10.1126/scisignal.aaz3381,https://pubmed.ncbi.nlm.nih.gov/32265337
The risk of human- and mammal-infecting tick-borne viruses in northwest China and adjacent countries.,2025,https://www.doi.org/10.1038/s41467-025-66873-8,https://pubmed.ncbi.nlm.nih.gov/41330909
Integration and viral oncogene expression of human papillomavirus type 16 in oropharyngeal squamous cell carcinoma and gastric cancer.,2023,https://www.doi.org/10.1002/jmv.28761,https://pubmed.ncbi.nlm.nih.gov/37212316
Microbiome analysis of 940 lung cancers in never-smokers reveals lack of clinically relevant associations.,2025,https://www.doi.org/10.1038/s41467-025-66780-y,https://pubmed.ncbi.nlm.nih.gov/41387456
Uncovering the role of LINE-1 in the evolution of lung adenocarcinoma.,2025,https://www.doi.org/10.1038/s41586-025-09825-y,https://pubmed.ncbi.nlm.nih.gov/41372401
"TPPP-BRD9 fusion-related gallbladder carcinomas are frequently associated with intracholecystic neoplasia, neuroendocrine carcinoma, and a distinctive small tubular-type adenocarcinoma commonly accompanied with a syringomatous pattern.",2024,https://www.doi.org/10.1016/j.humpath.2024.07.001,https://pubmed.ncbi.nlm.nih.gov/38972607
Eos plays a critical role in Treg homeostasis and modulates the function of recirculating thymic Tregs in the control of Treg development.,2025,https://www.doi.org/10.1016/j.celrep.2025.116838,https://pubmed.ncbi.nlm.nih.gov/41474621
TSLP acts on regulatory T cells to maintain their identity and limit allergic inflammation.,2025,https://www.doi.org/10.1126/sciimmunol.adk0073,https://pubmed.ncbi.nlm.nih.gov/39792638
Author Correction: Distinct developmental pathways generate functionally distinct populations of natural killer cells.,2024,https://www.doi.org/10.1038/s41590-024-01917-7,https://pubmed.ncbi.nlm.nih.gov/38987653
A pathway linking atopic dermatitis to skin microbes.,2024,https://www.doi.org/10.1016/j.chom.2024.01.009,https://pubmed.ncbi.nlm.nih.gov/38359797
Publisher Correction: Dynamic chromatin accessibility licenses STAT5- and STAT6-dependent innate-like function of T,2023,https://www.doi.org/10.1038/s41590-023-01674-z,https://pubmed.ncbi.nlm.nih.gov/37821709
Author Correction: Requirement for the basic helix-loop-helix transcription factor Dec2 in initial TH2 lineage commitment.,2020,https://www.doi.org/10.1038/s41590-020-0787-1,https://pubmed.ncbi.nlm.nih.gov/32884131
